0,0,0,0,0,0,0,0,0,0,0,0,0,0,0,0,0,0,0,0,0,0,0,0,0,0,0,0,0,0,0,0,0,0,0,0,0,0,0,0,0,0,0,0,0,0,0,0,0,0,0,0,0,0,0,0,0,0,0,0,0,0,0,0,0,0,0,0,0,0,0,0,0,0,0,0,0,0,0,0,0,0,0,0,0,0,0,0,0,0,0,0,0,0,0,0,0,0,0,0,0,0,0,0,0,0,0,0,0,0,0,0,0,0,0,0,0,0,0,0,0,0,0,0,0,0,0,0,0,0,0,0,0,0,0,0,0,0,0,0,0,0,0,0,0,0,0,0,0,0,0,0,0,0,0,0,0,0,0,0,0,0,0,0,0,0,0,0,0,0,0,0,0,0,0,0,0,0,0,0,0,0,0,0,0,0,0,0,0,0,0,0,0,0,0,0,0,0,0,-1.11027454649332e-315,-1.94968733147869e-295,-7.32450642599431e-277,-5.88668188780135e-260,-1.0121423083991e-244,-3.72298596722131e-231,-2.92967893187051e-219,-4.93204993669915e-209,-1.776289358013e-200,-3.10649481936723e-192,-1.52973555909911e-177,-1.68580985650271e-164,-3.97447366676651e-153,-2.0046080384735e-143,-2.1630079703201e-135,-4.99304615308866e-129,-2.46576594224592e-124,-2.60505518335711e-121,-5.88790526594897e-120,-2.84697404983551e-120,-2.94499805233982e-122,-6.5172641515288e-126,-3.08549213795476e-131,-3.12508887646202e-138,-6.77140999860172e-147,-3.13887959208684e-157,-3.11283608677428e-169,-1.17398393194487e-180,-5.6168928058521e-189,-5.78174360524217e-199,-1.27321084854015e-210,-5.99819583111287e-224,-6.04532647071882e-239,-1.30345993514063e-255,-6.01249076682886e-274,-5.93321337095391e-294,-1.25257667272641e-315,0,0,0,0,0,0,0,0,0,0,0,0,0,0,0,0,0,0,0,0
0,0,0,0,0,0,0,0,0,0,0,0,0,0,0,0,0,0,0,0,0,0,0,0,0,0,0,0,0,0,0,0,0,0,0,0,0,0,0,0,0,0,0,0,0,0,0,0,0,0,0,0,0,0,0,0,0,0,0,0,0,0,0,0,0,0,0,0,0,0,0,0,0,0,0,0,0,0,0,0,0,0,0,0,0,0,0,0,0,0,0,0,0,0,0,0,0,0,0,0,0,0,0,0,0,0,0,0,0,0,0,0,0,0,0,0,0,0,0,0,0,0,0,0,0,0,0,0,0,0,0,0,0,0,0,0,0,0,0,0,0,0,0,0,0,0,0,0,0,0,0,0,0,0,0,0,0,0,0,0,0,0,0,0,0,0,0,0,0,0,0,0,0,0,0,0,0,0,0,0,0,0,0,0,0,0,-4.94065645841247e-324,-2.34834342124803e-319,-4.48500659042422e-316,-1.83261292964372e-314,-1.75564266945424e-314,-4.52055037208893e-314,-2.80391674611609e-314,-3.7454259901395e-316,-1.07034381515048e-319,-0,0,0,-0,-1.03274210642442e-303,-1.81353720773272e-283,-6.81302315368807e-265,-5.47560445269762e-248,-9.41462616167237e-233,-3.46300325514306e-219,-2.72509425684578e-207,-4.58763614359387e-197,-1.65224791081691e-188,-1.38703417479495e-181,-5.87240503986726e-168,-6.47154876113744e-155,-1.5257355409996e-143,-7.69536292477389e-134,-8.30343439781265e-126,-1.91674888610267e-119,-9.465672814312e-115,-1.00003814662252e-111,-2.26027068726457e-110,-1.09290684914051e-110,-1.13053666305589e-112,-2.50187128655953e-116,-1.1844700483781e-121,-1.199670589711e-128,-2.59943372727199e-137,-1.20496462034765e-147,-1.19600337704289e-159,-2.37608946877012e-169,-1.14314240465918e-177,-1.17669261635069e-187,-2.59122144948878e-199,-1.22074467977057e-212,-1.2303366436166e-227,-2.65278398025025e-244,-1.2236539657007e-262,-1.20751953762662e-282,-2.54922705606931e-304,-0,0,0,0,0,0,0,0,0,0,0,0,0,0,0,0,0,0,0,0
0,0,0,0,0,0,0,0,0,0,0,0,0,0,0,0,0,0,0,0,0,0,0,0,0,0,0,0,0,0,0,0,0,0,0,0,0,0,0,0,0,0,0,0,0,0,0,0,0,0,0,0,0,0,0,0,0,0,0,0,0,0,0,0,0,0,0,0,0,0,0,0,0,0,0,0,0,0,0,0,0,0,0,0,0,0,0,0,0,0,0,0,0,0,0,0,0,0,0,0,0,0,0,0,0,0,0,0,0,0,0,0,0,0,0,0,0,0,0,0,0,0,0,0,0,0,0,0,0,0,0,0,0,0,0,0,0,0,0,0,0,0,0,0,0,0,0,0,0,0,0,0,0,0,0,0,0,0,0,0,0,0,0,0,0,0,0,0,0,0,0,0,0,0,0,0,0,0,0,0,0,0,0,0,-2.47032822920623e-323,-4.56674516659946e-315,-1.90568582141149e-308,-1.70127545586543e-303,-3.24920262981121e-300,-1.32765103777905e-298,-1.2697265472364e-298,-3.21178467471938e-298,-1.99188051144233e-298,-2.66072109906746e-300,-7.6035450493919e-304,-4.64848788043685e-309,-6.07975518993668e-316,-0,-4.4757653449863e-314,-3.67386409646518e-292,-6.45145500860804e-272,-2.4236564963329e-253,-1.94788480880855e-236,-3.34914755792842e-221,-1.23192452848271e-207,-9.69421686927348e-196,-1.63200005216676e-185,-5.87768644279723e-177,-4.5303519479917e-170,-8.6215572895843e-159,-9.50118050586921e-146,-2.24000302158109e-134,-1.12979187679951e-124,-1.21906566641391e-116,-2.8140678257185e-110,-1.38969927196331e-105,-1.4682023259832e-102,-3.31840809433257e-101,-1.60454716993587e-101,-1.65979324280161e-103,-3.67311312537743e-107,-1.73897534405015e-112,-1.76129196288772e-119,-3.8163490637927e-128,-1.76906438216446e-138,-1.83657854647923e-150,-1.84923126000026e-158,-8.89762784449694e-167,-9.15876529913206e-177,-2.01687244095645e-188,-9.50164372311658e-202,-9.57630259698927e-217,-2.06478952335345e-233,-9.52428809662994e-252,-9.3987060731439e-272,-1.98418618235987e-293,-8.96139430446986e-317,0,0,0,0,0,0,0,0,0,0,0,0,0,0,0,0,0,0,0
0,0,0,0,0,0,0,0,0,0,0,0,0,0,0,0,0,0,0,0,0,0,0,0,0,0,0,0,0,0,0,0,0,0,0,0,0,0,0,0,0,0,0,0,0,0,0,0,0,0,0,0,0,0,0,0,0,0,0,0,0,0,0,0,0,0,0,0,0,0,0,0,0,0,0,0,0,0,0,0,0,0,0,0,0,0,0,0,0,0,0,0,0,0,0,0,0,0,0,0,0,0,0,0,0,0,0,0,0,0,0,0,0,0,0,0,0,0,0,0,0,0,0,0,0,0,0,0,0,0,0,0,0,0,0,0,0,0,0,0,0,0,0,0,0,0,0,0,0,0,0,0,0,0,0,0,0,0,0,0,0,0,0,0,0,0,0,0,0,0,0,0,0,0,0,0,0,0,0,0,0,0,0,-7.11438719910728e-318,-6.48670987083253e-308,-1.26529033372798e-299,-5.28000964109283e-293,-4.71365779229612e-288,-9.00243947114856e-285,-3.67846684547846e-283,-3.51210193722387e-283,-8.72714823534463e-283,-5.41166810152883e-283,-7.22881627404611e-285,-2.06577946894599e-288,-1.26293074647062e-293,-1.65178654655102e-300,-4.62176129654157e-309,-6.08931182295666e-303,-4.99831924905767e-281,-8.77725220837131e-261,-3.29740257141796e-242,-2.65011167511136e-225,-4.55653999908043e-210,-1.67604242356877e-196,-1.31890536802526e-184,-2.22034812965924e-174,-7.99663583506629e-166,-6.16130964565995e-159,-4.84189634974691e-150,-5.33478120392075e-137,-1.25773065871907e-125,-6.34362484216421e-116,-6.84488480090662e-108,-1.58006009189343e-101,-7.80296885275653e-97,-8.24375262354897e-94,-1.8632401644876e-92,-9.00931003014788e-93,-9.31950907429033e-95,-2.06240212456037e-98,-9.76410560118156e-104,-9.88941032372204e-111,-2.14282711927683e-119,-9.93305366519178e-130,-3.43258201036046e-141,-5.50470401942166e-148,-2.64860894031719e-156,-2.7263432543495e-166,-6.00374220180951e-178,-2.82840988099529e-191,-2.8506340248164e-206,-6.14637978467093e-223,-2.83515056424802e-241,-2.797767828732e-261,-5.90644310520082e-283,-2.66759065049793e-306,0,0,0,0,0,0,0,0,0,0,0,0,0,0,0,0,0,0,0
0,0,0,0,0,0,0,0,0,0,0,0,0,0,0,0,0,0,0,0,0,0,0,0,0,0,0,0,0,0,0,0,0,0,0,0,0,0,0,0,0,0,0,0,0,0,0,0,0,0,0,0,0,0,0,0,0,0,0,0,0,0,0,0,0,0,0,0,0,0,0,0,0,0,0,0,0,0,0,0,0,0,0,0,0,0,0,0,0,0,0,0,0,0,0,0,0,0,0,0,0,0,0,0,0,0,0,0,0,0,0,0,0,0,0,0,0,0,0,0,0,0,0,0,0,0,0,0,0,0,0,0,0,0,0,0,0,0,0,0,0,0,0,0,0,0,0,0,0,0,0,0,0,0,0,0,0,0,0,0,0,0,0,0,0,0,0,0,0,0,0,0,0,0,0,0,0,0,0,0,0,-0,-1.7688156873255e-314,-7.53859965705061e-303,-6.87349448209038e-293,-1.34073610647707e-284,-5.5948420614902e-278,-4.99472022436944e-273,-9.53923016762033e-270,-3.89779924632702e-268,-3.71540922647464e-268,-9.06920311652938e-268,-5.62300833369192e-268,-7.51112038175193e-270,-2.14645353876784e-273,-1.3122514821797e-278,-1.71629311426169e-285,-4.80227798900615e-294,-3.16839136544111e-292,-2.60072599459661e-270,-4.56698078734073e-250,-1.71570485093646e-231,-1.37890638405017e-214,-2.37085936902926e-199,-8.72078569179835e-186,-6.8625297907551e-174,-1.15529177111841e-163,-4.16081039431415e-155,-3.20584840991672e-148,-1.09236359867128e-141,-1.14557982824618e-128,-2.70082467658295e-117,-1.36221681438145e-107,-1.46985633613194e-99,-3.39298820227208e-93,-1.67559331419946e-88,-1.77024630503976e-85,-4.00108320470912e-84,-1.93464051144234e-84,-2.00125200948164e-86,-4.42875945850191e-90,-2.09672374364242e-95,-2.12363141933464e-102,-4.60146242065439e-111,-2.1330293041179e-121,-2.80754451439554e-131,-6.26682059922501e-138,-3.01530429722865e-146,-3.10380079347581e-156,-6.83494999395116e-168,-3.21999836922528e-181,-3.24529940760925e-196,-6.99733550541729e-213,-3.22767228895195e-231,-3.1851139788436e-251,-6.72418001319412e-273,-3.03691400400128e-296,-5.56317917217244e-321,0,0,0,0,0,0,0,0,0,0,0,0,0,0,0,0,0,0
0,0,0,0,0,0,0,0,0,0,0,0,0,0,0,0,0,0,0,0,0,0,0,0,0,0,0,0,0,0,0,0,0,0,0,0,0,0,0,0,0,0,0,0,0,0,0,0,0,0,0,0,0,0,0,0,0,0,0,0,0,0,0,0,0,0,0,0,0,0,0,0,0,0,0,0,0,0,0,0,0,0,0,0,0,0,0,0,0,0,0,0,0,0,0,0,0,0,0,0,0,0,0,0,0,0,0,0,0,0,0,0,0,0,0,0,0,0,0,0,0,0,0,0,0,0,0,0,0,0,0,0,0,0,0,0,0,0,0,0,0,0,0,0,0,0,0,0,0,0,0,0,0,0,0,0,0,0,0,0,0,0,0,0,0,0,0,0,0,0,0,0,0,0,0,0,0,0,0,0,0,-3.59812384131049e-313,-7.16812215396116e-300,-3.05501605660883e-288,-2.78548231587322e-278,-5.43333049982797e-270,-2.26730867779712e-263,-2.02410942512244e-258,-3.86577123692894e-255,-1.57958064778291e-253,-1.50324102818737e-253,-3.60443145768047e-253,-2.23447759220427e-253,-2.98477748635939e-255,-8.52960127390234e-259,-5.21463973569401e-264,-6.82022492889657e-271,-1.90840151108963e-279,-6.30509293890565e-282,-5.17529258389773e-260,-9.08802459337664e-240,-3.41415228273003e-221,-2.74394303670985e-204,-4.71787144647021e-189,-1.73538533510604e-175,-1.3656032818012e-163,-2.29896303867806e-153,-8.27976927267086e-145,-6.37945075006175e-138,-1.13691451650437e-132,-9.40814077414807e-121,-2.21806791960981e-109,-1.11872845421251e-99,-1.20712803532819e-91,-2.78651122685836e-85,-1.37609072101662e-80,-1.4538250383525e-77,-3.28591277212523e-76,-1.58883473318857e-76,-1.64353981203329e-78,-3.63714437436195e-82,-1.72194652706652e-87,-1.74404461168551e-94,-3.77897768324556e-103,-1.75289489395707e-113,-1.21335358328048e-121,-2.72853965590235e-128,-1.31284711683046e-136,-1.35137801073136e-146,-2.9759001111603e-158,-1.40196980424816e-171,-1.41298573903346e-186,-3.04660188165232e-203,-1.40531098805374e-221,-1.38678133257981e-241,-2.92767147856822e-263,-1.32225588711228e-286,-2.92674371799216e-306,-2.70885324170547e-318,0,0,0,0,0,0,0,0,0,0,0,0,0,0,0,0,0
0,0,0,0,0,0,0,0,0,0,0,0,0,0,0,0,0,0,0,0,0,0,0,0,0,0,0,0,0,0,0,0,0,0,0,0,0,0,0,0,0,0,0,0,0,0,0,0,0,0,0,0,0,0,0,0,0,0,0,0,0,0,0,0,0,0,0,0,0,0,0,0,0,0,0,0,0,0,0,0,0,0,0,0,0,0,0,0,0,0,0,0,0,0,0,0,0,0,0,0,0,0,0,0,0,0,0,0,0,0,0,0,0,0,0,0,0,0,0,0,0,0,0,0,0,0,0,0,0,0,0,0,0,0,0,0,0,0,0,0,0,0,0,0,0,0,0,0,0,0,0,0,0,0,0,0,0,0,0,0,0,0,0,0,0,0,0,0,0,0,0,0,0,0,0,0,0,0,0,0,-5.9885012335296e-314,-5.57658884359592e-299,-1.11095870595298e-285,-4.73484772734264e-274,-4.31710812380954e-264,-8.42090260933305e-256,-3.51401145874227e-249,-3.13708663683969e-244,-5.99140502634476e-241,-2.44812652473507e-239,-2.32612369445439e-239,-5.47867203946623e-239,-3.39588506833157e-239,-4.53616559255341e-241,-1.29630044421856e-244,-7.92503610514847e-250,-1.03651511028519e-256,-2.90101269045662e-265,-2.37439501582131e-271,-3.93862758925502e-250,-6.91639048711389e-230,-2.59832157442038e-211,-2.08826256149381e-194,-3.59050978092378e-179,-1.32070534139538e-165,-1.03928476979534e-153,-1.74961301298949e-143,-6.30127227810734e-135,-4.8550454530852e-128,-8.0053929284697e-123,-2.9549651949584e-113,-6.9666339250739e-102,-3.51376598216777e-92,-3.79141641627661e-84,-8.75203300764847e-78,-4.3221040330903e-73,-4.56625639988986e-70,-1.03205817958671e-68,-4.99030253118415e-69,-5.16212335541777e-71,-1.14237499964743e-74,-5.40838762716281e-80,-5.4777945486663e-87,-1.18692281613827e-95,-5.69412250391437e-106,-2.02012887893951e-112,-4.54342099245916e-119,-2.18608409728937e-127,-2.25024371904108e-137,-4.95531263688272e-149,-2.33448651785203e-162,-2.35282967460203e-177,-5.07304151763422e-194,-2.34005008743795e-212,-2.30919548922585e-232,-4.87500495679816e-254,-2.20203903724963e-277,-1.24516695877584e-291,-1.15247217047491e-303,-2.28198151182992e-317,0,0,0,0,0,0,0,0,0,0,0,0,0,0,0,0
0,0,0,0,0,0,0,0,0,0,0,0,0,0,0,0,0,0,0,0,0,0,0,0,0,0,0,0,0,0,0,0,0,0,0,0,0,0,0,0,0,0,0,0,0,0,0,0,0,0,0,0,0,0,0,0,0,0,0,0,0,0,0,0,0,0,0,0,0,0,0,0,0,0,0,0,0,0,0,0,0,0,0,0,0,0,0,0,0,0,0,0,0,0,0,0,0,0,0,0,0,0,0,0,0,0,0,0,0,0,0,0,0,0,0,0,0,0,0,0,0,0,0,0,0,0,0,0,0,0,0,0,0,0,0,0,0,0,0,0,0,0,0,0,0,0,0,0,0,0,0,0,0,0,0,0,0,0,0,0,0,0,0,0,0,0,0,0,0,0,0,0,0,0,0,0,0,0,-0,-8.78675099184661e-317,-3.54960775283209e-300,-3.30545193768823e-285,-6.5850660951623e-272,-2.80652063196196e-260,-2.55891081448357e-250,-4.9913827098375e-242,-2.08288552434648e-235,-1.85946815530619e-230,-3.55132907901084e-227,-1.45109429955776e-225,-1.37663564487048e-225,-3.18481895328289e-225,-1.9737841896065e-225,-2.63654714829179e-227,-7.53446312661025e-231,-4.60625409623221e-236,-6.0245176294624e-243,-1.68885370999512e-251,-7.66306218246517e-257,-1.14636952426065e-240,-2.01307158207707e-220,-7.56262581227691e-202,-6.07805766069807e-185,-1.0450470109537e-169,-3.84402007956877e-156,-3.02492266690023e-144,-5.0923906662634e-134,-1.83403643527947e-125,-1.41310038082821e-118,-2.32925736160794e-113,-3.5503428379478e-106,-8.36836938888472e-95,-4.22076026975427e-85,-4.55427591283194e-77,-1.05130032522743e-70,-5.1917415892786e-66,-5.4850191196501e-63,-1.23971550256375e-61,-5.99438629794076e-62,-6.20077867356343e-64,-1.37222883827276e-67,-6.49659303892428e-73,-6.57996511840111e-80,-1.42574023128569e-88,-1.8845976197613e-98,-1.28647200124254e-103,-2.89337945057219e-110,-1.39216040399679e-118,-1.43301907231062e-128,-3.15568374149328e-140,-1.4866672783276e-153,-1.49834872241692e-168,-3.2306568455624e-185,-1.49021033244732e-203,-1.47056127837447e-223,-3.10454181369471e-245,-4.82314771163054e-267,-2.02601230565112e-277,-1.87518853025004e-289,-3.71301416076185e-303,-1.57284810222269e-318,0,0,0,0,0,0,0,0,0,0,0,0,0,0,0
0,0,0,0,0,0,0,0,0,0,0,0,0,0,0,0,0,0,0,0,0,0,0,0,0,0,0,0,0,0,0,0,0,0,0,0,0,0,0,0,0,0,0,0,0,0,0,0,0,0,0,0,0,0,0,0,0,0,0,0,0,0,0,0,0,0,0,0,0,0,0,0,0,0,0,0,0,0,0,0,0,0,0,0,0,0,0,0,0,0,0,0,0,0,0,0,0,0,0,0,0,0,0,0,0,0,0,0,0,0,0,0,0,0,0,0,0,0,0,0,0,0,0,0,0,0,0,0,0,0,0,0,0,0,0,0,0,0,0,0,0,0,0,0,0,0,0,0,0,0,0,0,0,0,0,0,0,0,0,0,0,0,0,0,0,0,0,0,0,0,0,0,0,0,0,0,0,-4.01774183198102e-320,-1.72251540332919e-310,-2.11869906410788e-302,-8.04659784586243e-287,-7.49312143297196e-272,-1.4927671292213e-258,-6.36209523071022e-247,-5.80078912570659e-237,-1.13149542286597e-228,-4.72168855351004e-222,-4.21522427990899e-217,-8.05050026530817e-214,-3.28947916704774e-212,-3.11592534315739e-212,-7.08051962959874e-212,-4.38748910748599e-212,-5.86073232067853e-214,-1.67482199554086e-217,-1.02391577844119e-222,-1.33917897991226e-229,-3.79477871491456e-238,-1.18752583745791e-242,-1.27606867656768e-231,-2.24082857263173e-211,-8.41825405273867e-193,-6.76572328249952e-176,-1.163282628764e-160,-4.2789288293366e-147,-3.36715951998009e-135,-5.66853886844544e-125,-2.04153756081624e-116,-1.57297720436227e-109,-2.59278373788141e-104,-1.72206730856703e-99,-3.84439847388999e-88,-1.9390019232374e-78,-2.09221779716211e-70,-4.82963547378818e-64,-2.38506721139805e-59,-2.51979784263242e-56,-5.69520794858665e-55,-2.75379927252105e-55,-2.84861517953702e-57,-6.30396939527583e-61,-2.98451122354273e-66,-3.02281205375562e-73,-6.54985829369772e-82,-3.01070392855333e-90,-3.13323112036033e-95,-7.04689024096216e-102,-3.39063774137065e-110,-3.49014994060181e-120,-7.68573820125101e-132,-3.62081134947351e-145,-3.64926177953233e-160,-7.86833698221219e-177,-3.6294406891449e-195,-3.58158528066617e-215,-7.56118388818218e-237,-2.91408538163992e-253,-1.26074214781017e-263,-1.16688788542001e-275,-2.31052567392156e-289,-9.78748872510717e-305,-8.89318162514244e-322,0,0,0,0,0,0,0,0,0,0,0,0,0,0
0,0,0,0,0,0,0,0,0,0,0,0,0,0,0,0,0,0,0,0,0,0,0,0,0,0,0,0,0,0,0,0,0,0,0,0,0,0,0,0,0,0,0,0,0,0,0,0,0,0,0,0,0,0,0,0,0,0,0,0,0,0,0,0,0,0,0,0,0,0,0,0,0,0,0,0,0,0,0,0,0,0,0,0,0,0,0,0,0,0,0,0,0,0,0,0,0,0,0,0,0,0,0,0,0,0,0,0,0,0,0,0,0,0,0,0,0,0,0,0,0,0,0,0,0,0,0,0,0,0,0,0,0,0,0,0,0,0,0,0,0,0,0,0,0,0,0,0,0,0,0,0,0,0,0,0,0,0,0,0,0,0,0,0,0,0,0,0,0,0,0,0,0,0,0,0,-2.79247311116563e-316,-5.59109748897827e-305,-2.39600966422367e-295,-2.44137470827015e-287,-6.97613128074194e-274,-6.49627495426296e-259,-1.29417704399944e-245,-5.51571472790421e-234,-5.0290819435573e-224,-9.80967095785382e-216,-4.09353947713728e-209,-3.65445268322582e-204,-6.97950366449514e-201,-2.85186118079374e-199,-2.69734637536247e-199,-6.02027699896743e-199,-3.72994252385483e-199,-4.98239244532857e-201,-1.42381873130287e-204,-8.70462931883213e-210,-1.13847807622086e-216,-3.45990438606211e-225,-7.05313908381435e-229,-5.43386391096473e-223,-9.53954697816171e-203,-3.58377838407716e-184,-2.88027098024931e-167,-4.95227052239011e-152,-1.82160487786576e-138,-1.43345085903157e-126,-2.41318294016407e-116,-8.69113492524575e-108,-6.69640244678274e-101,-1.10378734157759e-95,-4.17880929848574e-92,-6.75438254874348e-82,-3.40671259354191e-72,-3.67590389292874e-64,-8.4853861120985e-58,-4.19042312858956e-53,-4.42713694133066e-50,-1.00061461563153e-48,-4.83826372184329e-49,-5.00484970643078e-51,-1.10757042944715e-54,-5.24361108102172e-60,-5.31090339235642e-67,-1.15132592204553e-75,-2.77658788312975e-82,-2.91846337598505e-87,-6.56386021761235e-94,-3.15822602964134e-102,-3.25091715380219e-112,-7.15891827664563e-124,-3.37262238044966e-137,-3.39912271915694e-152,-7.32900123373058e-169,-3.38066080859489e-187,-3.33608681847783e-207,-7.07720584564546e-229,-6.93515411636404e-240,-3.00040698044221e-250,-2.77704569716251e-262,-5.49875910198334e-276,-2.3292986232608e-291,-2.11088442084622e-308,-0,0,0,0,0,0,0,0,0,0,0,0,0,0
0,0,0,0,0,0,0,0,0,0,0,0,0,0,0,0,0,0,0,0,0,0,0,0,0,0,0,0,0,0,0,0,0,0,0,0,0,0,0,0,0,0,0,0,0,0,0,0,0,0,0,0,0,0,0,0,0,0,0,0,0,0,0,0,0,0,0,0,0,0,0,0,0,0,0,0,0,0,0,0,0,0,0,0,0,0,0,0,0,0,0,0,0,0,0,0,0,0,0,0,0,0,0,0,0,0,0,0,0,0,0,0,0,0,0,0,0,0,0,0,0,0,0,0,0,0,0,0,0,0,0,0,0,0,0,0,0,0,0,0,0,0,0,0,0,0,0,0,0,0,0,0,0,0,0,0,0,0,0,0,0,0,0,0,0,0,0,0,0,0,0,0,0,0,0,-1.58806634139577e-314,-1.48626532810343e-301,-2.97579931471305e-290,-1.27494351588249e-280,-1.23246531675019e-272,-2.31337126459034e-261,-2.15395055355418e-246,-4.29106433275733e-233,-1.8288291416848e-221,-1.6674777749793e-211,-3.25256354319532e-203,-1.35728279413932e-196,-1.21169612870114e-191,-2.3141736322817e-188,-9.45582390448265e-187,-8.9303373132908e-187,-1.95766692159503e-186,-1.21271271474866e-186,-1.61992042287049e-188,-4.62924802986844e-192,-2.83012768683442e-197,-3.70152282209985e-204,-1.63931988255419e-212,-1.60638073410484e-215,-3.42893452557113e-213,-1.55316133583286e-194,-5.83485362049605e-176,-4.68945279423185e-159,-8.06293539679478e-144,-2.96580778095888e-130,-2.33384295518522e-118,-3.92897319708618e-108,-1.41502890664512e-99,-1.09026072132443e-92,-1.79710821258527e-87,-6.33911755696588e-84,-4.53850761038982e-76,-2.28908781833261e-66,-2.46996674700886e-58,-5.70162391153139e-52,-2.81568998673316e-47,-2.97474617075176e-44,-6.72347509393614e-43,-3.25099644993464e-43,-3.36293132484804e-45,-7.44214813659116e-49,-3.52336333637157e-54,-3.56857937241713e-61,-7.93359951153012e-70,-9.88919801304331e-75,-1.03964666912926e-79,-2.33824946028889e-86,-1.12505752257204e-94,-1.15807696252709e-104,-2.550227519024e-116,-1.20143214951892e-129,-1.21087245710401e-144,-2.61081695444038e-161,-1.20429655305403e-179,-1.18841963974415e-199,-3.12380144126794e-218,-6.31218492894597e-227,-2.73088721676291e-237,-2.52758997168771e-249,-5.00481802553783e-263,-2.12006300336949e-278,-1.9212684540895e-295,-3.72482733013511e-314,0,0,0,0,0,0,0,0,0,0,0,0,0
0,0,0,0,0,0,0,0,0,0,0,0,0,0,0,0,0,0,0,0,0,0,0,0,0,0,0,0,0,0,0,0,0,0,0,0,0,0,0,0,0,0,0,0,0,0,0,0,0,0,0,0,0,0,0,0,0,0,0,0,0,0,0,0,0,0,0,0,0,0,0,0,0,0,0,0,0,0,0,0,0,0,0,0,0,0,0,0,0,0,0,0,0,0,0,0,0,0,0,0,0,0,0,0,0,0,0,0,0,0,0,0,0,0,0,0,0,0,0,0,0,0,0,0,0,0,0,0,0,0,0,0,0,0,0,0,0,0,0,0,0,0,0,0,0,0,0,0,0,0,0,0,0,0,0,0,0,0,0,0,0,0,0,0,0,0,0,0,0,0,0,0,0,0,-7.38923426770951e-315,-3.23256284849174e-300,-3.02533884032244e-287,-6.0573212441028e-276,-2.59487367569064e-266,-2.44229965544833e-258,-2.96762002351233e-249,-2.73134629377543e-234,-5.44134253279077e-221,-2.31907171463671e-209,-2.11446795495024e-199,-4.12445771535788e-191,-1.72112109343767e-184,-1.53650801559189e-179,-2.9345201067008e-176,-1.19905787981222e-174,-1.13078572313915e-174,-2.43462536586554e-174,-1.5079377907402e-174,-2.01427670994411e-176,-5.75620034099777e-180,-3.51909896616318e-185,-4.60262888092502e-192,-6.36627961587742e-200,-1.40394121166229e-202,-2.95116372569812e-200,-9.67108259955885e-187,-3.63319315374764e-168,-2.91998546921156e-151,-5.0205546853554e-136,-1.84672199612014e-122,-1.4532159327727e-110,-2.44645700635382e-100,-8.81097225458931e-92,-6.78873549561154e-85,-1.1190068644692e-79,-3.94598987389402e-76,-1.16659498687219e-70,-5.88246178657832e-61,-6.34728160581475e-53,-1.46519432380064e-46,-7.23571573670433e-42,-7.64445581076997e-39,-1.72778802963947e-37,-8.35435942294686e-38,-8.64200789977271e-40,-1.91247149510568e-43,-9.05428355366993e-49,-9.17048018128667e-56,-4.72870771061626e-64,-1.34728895504387e-67,-1.41640348815405e-72,-3.18560602716877e-79,-1.53276632671625e-87,-1.57775167301179e-97,-3.47440280334892e-109,-1.63681849321624e-122,-1.64968025998499e-137,-3.55695281539936e-154,-1.64072582313784e-172,-1.61910612737874e-192,-1.08649510188737e-205,-2.19721731838975e-214,-9.50598367250664e-225,-8.79832343649059e-237,-1.74213413657646e-250,-7.37975708810293e-266,-6.68777034912699e-283,-1.29658037740969e-301,-5.38531553966959e-322,0,0,0,0,0,0,0,0,0,0,0,0
0,0,0,0,0,0,0,0,0,0,0,0,0,0,0,0,0,0,0,0,0,0,0,0,0,0,0,0,0,0,0,0,0,0,0,0,0,0,0,0,0,0,0,0,0,0,0,0,0,0,0,0,0,0,0,0,0,0,0,0,0,0,0,0,0,0,0,0,0,0,0,0,0,0,0,0,0,0,0,0,0,0,0,0,0,0,0,0,0,0,0,0,0,0,0,0,0,0,0,0,0,0,0,0,0,0,0,0,0,0,0,0,0,0,0,0,0,0,0,0,0,0,0,0,0,0,0,0,0,0,0,0,0,0,0,0,0,0,0,0,0,0,0,0,0,0,0,0,0,0,0,0,0,0,0,0,0,0,0,0,0,0,0,0,0,0,0,0,0,0,0,0,0,-2.81309318792764e-317,-5.75241254275001e-301,-2.51649607517294e-286,-2.35517036152447e-273,-4.71550355357372e-262,-2.01993692462732e-252,-1.87575775649804e-244,-2.93297032396164e-237,-1.32460842315069e-222,-2.63886282245892e-209,-1.12466954937503e-197,-1.02544383529119e-187,-2.00021944809099e-179,-8.34684302124906e-173,-7.45153406293677e-168,-1.42314126872481e-164,-5.81501362712821e-163,-5.47613245604833e-163,-1.15796789835341e-162,-7.17098183869359e-163,-9.57887010159741e-165,-2.73735455855431e-168,-1.67350353121326e-173,-2.18877756107e-180,-1.69541274653366e-187,-4.71290044024136e-190,-9.97117394118285e-188,-2.3030498154182e-179,-8.65200399094243e-161,-6.95358734424918e-144,-1.19558353592159e-128,-4.39774198740617e-115,-3.46065554953523e-103,-5.82593737434747e-93,-2.09822500166708e-84,-1.61665411432628e-77,-2.66477763432225e-72,-9.39687929266063e-69,-1.21713021869517e-65,-5.78129961406904e-56,-6.23812581002895e-48,-1.43999700905583e-41,-7.11128131605447e-37,-7.51299218441836e-34,-1.69807482498948e-32,-8.21068740589665e-33,-8.49338911962844e-35,-1.87958224251998e-38,-8.89857476557532e-44,-9.01283414684608e-51,-1.44804173687281e-57,-7.01991160827637e-61,-7.38002633610938e-66,-1.65982763236388e-72,-7.98632321386909e-81,-8.22071510804572e-91,-1.81030255601647e-102,-8.52848060560656e-116,-8.5955040142013e-131,-1.85332220313506e-147,-8.54894508125633e-166,-9.96661704578112e-186,-1.44640785957662e-193,-2.92506832565963e-202,-1.26549392779534e-212,-1.17128592550181e-224,-2.31923412368028e-238,-9.82437810261492e-254,-8.90316358504564e-271,-1.7260860643554e-289,-7.1591151520958e-310,0,0,0,0,0,0,0,0,0,0,0,0
0,0,0,0,0,0,0,0,0,0,0,0,0,0,0,0,0,0,0,0,0,0,0,0,0,0,0,0,0,0,0,0,0,0,0,0,0,0,0,0,0,0,0,0,0,0,0,0,0,0,0,0,0,0,0,0,0,0,0,0,0,0,0,0,0,0,0,0,0,0,0,0,0,0,0,0,0,0,0,0,0,0,0,0,0,0,0,0,0,0,0,0,0,0,0,0,0,0,0,0,0,0,0,0,0,0,0,0,0,0,0,0,0,0,0,0,0,0,0,0,0,0,0,0,0,0,0,0,0,0,0,0,0,0,0,0,0,0,0,0,0,0,0,0,0,0,0,0,0,0,0,0,0,0,0,0,0,0,0,0,0,0,0,0,0,0,0,0,0,0,0,-0,-1.02786517739072e-315,-8.37606676510698e-304,-1.7126664180011e-287,-7.49233310186337e-273,-7.01199670849973e-260,-1.40393281038299e-248,-6.01371363201572e-239,-5.54711125765428e-231,-2.79350310934477e-224,-2.45679124808674e-211,-4.89437539955916e-198,-2.08595729447341e-186,-1.90192057051269e-176,-3.70986557553053e-168,-1.54811357700559e-161,-1.38205820079475e-156,-2.63954307494332e-153,-1.07852746239118e-151,-1.01425847888818e-151,-2.10635691096764e-151,-1.30419797916005e-151,-1.74212430028547e-153,-4.97847015780958e-157,-3.04362741870657e-162,-3.98079652148719e-169,-2.022429680865e-175,-6.08401056567606e-178,-1.28845454374978e-175,-2.10807052697001e-172,-7.8797898852505e-154,-6.33296139007585e-137,-1.08887456168421e-121,-4.00523195164753e-108,-3.15178294232319e-96,-5.30595714502055e-86,-1.91095290321463e-77,-1.47236348380713e-70,-2.426939223717e-65,-8.55818306362553e-62,-6.88712604638976e-60,-2.17300909409793e-51,-2.34471571367782e-43,-5.4124968261367e-37,-2.67290746514447e-32,-2.82389797320599e-29,-6.38253034068756e-28,-3.08613971038414e-28,-3.19239841222135e-30,-7.06475975861409e-34,-3.34469498023658e-39,-3.38885736270829e-46,-2.84732330482406e-51,-1.39885361566969e-54,-1.47061347467433e-59,-3.30752874836604e-66,-1.59143001045085e-74,-1.63813741019401e-84,-3.60738171657198e-96,-1.69946882719828e-109,-1.71283154467471e-124,-3.6931711399976e-141,-1.70363407248481e-159,-7.79051945741523e-175,-7.36416442554911e-182,-1.48925380649064e-190,-6.44306880809286e-201,-5.96342317114634e-213,-1.18080258725388e-226,-5.00193187194063e-242,-4.53290958796545e-259,-8.78810323547586e-278,-3.64495399922302e-298,-3.2341537176768e-320,0,0,0,0,0,0,0,0,0,0,0
0,0,0,0,0,0,0,0,0,0,0,0,0,0,0,0,0,0,0,0,0,0,0,0,0,0,0,0,0,0,0,0,0,0,0,0,0,0,0,0,0,0,0,0,0,0,0,0,0,0,0,0,0,0,0,0,0,0,0,0,0,0,0,0,0,0,0,0,0,0,0,0,0,0,0,0,0,0,0,0,0,0,0,0,0,0,0,0,0,0,0,0,0,0,0,0,0,0,0,0,0,0,0,0,0,0,0,0,0,0,0,0,0,0,0,0,0,0,0,0,0,0,0,0,0,0,0,0,0,0,0,0,0,0,0,0,0,0,0,0,0,0,0,0,0,0,0,0,0,0,0,0,0,0,0,0,0,0,0,0,0,0,0,0,0,0,0,0,-0,-7.66691069216446e-320,-4.70672698615451e-314,-1.40071904855327e-309,-2.11324018903148e-300,-9.65902665693886e-291,-1.95015393301483e-274,-8.53120386126871e-260,-7.98422577271241e-247,-1.59858528451111e-235,-6.8473869043556e-226,-6.29509296285328e-218,-2.17843512066711e-211,-1.74277600988637e-200,-3.47174212190591e-187,-1.47963848060864e-175,-1.34909525086074e-165,-2.63153082007452e-157,-1.09812854236905e-150,-9.80340175494425e-146,-1.87231700725469e-142,-7.65035633055564e-141,-7.18462957813372e-141,-1.46534031217369e-140,-9.07147955922609e-141,-1.21175186134821e-142,-3.46282436849656e-146,-2.11702528288103e-151,-2.76903337657009e-158,-9.47625015283474e-164,-3.02495105127239e-166,-6.36739310934855e-164,-5.23287040589791e-163,-2.74462026333932e-147,-2.20584233986782e-130,-3.79267370038282e-115,-1.39506775357578e-101,-1.0978017758239e-89,-1.84812510342337e-79,-6.65606588097886e-71,-5.12840914733266e-64,-8.45330480673703e-59,-2.98091230798689e-55,-2.24941853335269e-53,-3.12368917926428e-47,-3.37051264462927e-39,-7.78042680615395e-33,-3.8422860207057e-28,-4.05933383322797e-25,-9.17484328378287e-24,-4.4363045192486e-24,-4.5890506692637e-26,-1.01555433602338e-29,-4.80797594257903e-35,-4.96411993683529e-42,-2.16938808734897e-45,-1.06606234298813e-48,-1.12075035577288e-53,-2.52065846670047e-60,-1.21282466187348e-68,-1.24842107830548e-78,-2.74918339284115e-90,-1.29517158334699e-103,-1.30537738536899e-118,-2.81476672067002e-135,-1.29865591756515e-153,-1.51690872447556e-163,-1.43392317105146e-170,-2.89982055981071e-179,-1.25457080025944e-189,-1.16117595558084e-201,-2.29921562373941e-215,-9.73957885338994e-231,-8.82631581108446e-248,-1.71118732971561e-266,-7.09732117577879e-287,-6.29824624663159e-309,0,0,0,0,0,0,0,0,0,0,0
0,0,0,0,0,0,0,0,0,0,0,0,0,0,0,0,0,0,0,0,0,0,0,0,0,0,0,0,0,0,0,0,0,0,0,0,0,0,0,0,0,0,0,0,0,0,0,0,0,0,0,0,0,0,0,0,0,0,0,0,0,0,0,0,0,0,0,0,0,0,0,0,0,0,0,0,0,0,0,0,0,0,0,0,0,0,0,0,0,0,0,0,0,0,0,0,0,0,0,0,0,0,0,0,0,0,0,0,0,0,0,0,0,0,0,0,0,0,0,0,0,0,0,0,0,0,0,0,0,0,0,0,0,0,0,0,0,0,0,0,0,0,0,0,0,0,0,0,0,0,0,0,0,0,0,0,0,0,0,0,0,0,0,0,0,0,0,-9.14515510452147e-321,-1.22688968342691e-311,-3.52058809735056e-304,-2.16124368049414e-298,-3.45371803899253e-294,-1.66162026912511e-285,-1.37523330493821e-277,-8.4925891176878e-262,-3.7151580245737e-247,-3.47693536479164e-234,-6.96141058530135e-223,-2.98182053371163e-213,-2.73679233591396e-205,-7.39491628972116e-199,-4.74790937651136e-190,-9.4181883394649e-177,-4.01398334124316e-165,-3.65984434708449e-155,-7.13885468343973e-147,-2.9790197177847e-140,-2.65948271585629e-135,-5.07925491757981e-132,-2.07540218166844e-130,-1.94644077961903e-130,-3.89866713093023e-130,-2.41313952328889e-130,-3.22342785508374e-132,-9.2115926386731e-136,-5.63158059342005e-141,-7.36872653637702e-148,-1.70526831301414e-152,-5.80356976707112e-155,-1.20343875927682e-152,-9.87632313663968e-152,-3.65611287921741e-141,-2.93840597768642e-124,-5.05222647656956e-109,-1.85837190278535e-95,-1.46238343606594e-83,-2.4618902961745e-73,-8.86655560964271e-65,-6.83156172233353e-58,-1.12606603501904e-52,-3.97087787573781e-49,-2.995632295332e-47,-1.71777005412361e-43,-1.8529829774496e-35,-4.27739039996409e-29,-2.11234650082222e-24,-2.23167134671391e-21,-5.04398891744433e-20,-2.43891586345139e-20,-2.52289003761741e-22,-5.58314148539061e-26,-2.64324729342302e-31,-5.42978998786976e-38,-6.32288402709531e-40,-3.10715312524364e-43,-3.26654756209083e-48,-7.3467327914608e-55,-3.53491247183338e-63,-3.63867219978016e-73,-8.01288785253025e-85,-3.77505242430047e-98,-3.8050653913226e-113,-8.20649460966628e-130,-2.93533275848911e-147,-1.12961787796243e-152,-1.06781985207525e-159,-2.15945039715862e-168,-9.34258984997575e-179,-8.64709324846556e-191,-1.71218942325227e-204,-7.2529099609123e-220,-6.57281745217293e-237,-1.27429407530009e-255,-5.28526441322013e-276,-4.7548372550041e-298,-4.86783118221547e-319,0,0,0,0,0,0,0,0,0,0
0,0,0,0,0,0,0,0,0,0,0,0,0,0,0,0,0,0,0,0,0,0,0,0,0,0,0,0,0,0,0,0,0,0,0,0,0,0,0,0,0,0,0,0,0,0,0,0,0,0,0,0,0,0,0,0,0,0,0,0,0,0,0,0,0,0,0,0,0,0,0,0,0,0,0,0,0,0,0,0,0,0,0,0,0,0,0,0,0,0,0,0,0,0,0,0,0,0,0,0,0,0,0,0,0,0,0,0,0,0,0,0,0,0,0,0,0,0,0,0,0,0,0,0,0,0,0,0,0,0,0,0,0,0,0,0,0,0,0,0,0,0,0,0,0,0,0,0,0,0,0,0,0,0,0,0,0,0,0,0,0,0,0,0,0,0,-2.56198753485552e-316,-1.60630902556991e-305,-2.15456694556934e-296,-6.18257928645127e-289,-3.79540570857007e-283,-5.16958428431744e-279,-4.99672261946311e-271,-2.89349332261548e-263,-1.41445473663763e-249,-6.18756715169366e-235,-5.79074670536969e-222,-1.15939575491455e-210,-4.96605874906745e-201,-4.55424653598084e-193,-1.05968483996277e-186,-6.59602195919553e-180,-9.77140540603549e-167,-4.1645231744724e-155,-3.7971033521555e-145,-7.40659284426733e-137,-3.09074727321717e-130,-2.75922786068948e-125,-5.26975973167508e-122,-2.15324420619566e-120,-2.01678346609497e-120,-3.96702532259576e-120,-2.45502795800502e-120,-3.27938129858057e-122,-9.37149084308194e-126,-5.72933563612286e-131,-7.51531514570784e-138,-1.17460888792524e-141,-4.30628506165603e-144,-8.69873537760227e-142,-7.13883025199453e-141,-1.86263140200072e-135,-1.49698976585266e-118,-2.57388917243818e-103,-9.46759481413869e-90,-7.45020618038248e-78,-1.25422579657528e-67,-4.51712360606131e-59,-3.48038292216397e-52,-5.73681561669397e-47,-2.02298919433545e-43,-1.52614235285815e-41,-3.8569774476682e-40,-3.89597894098127e-32,-8.99340313594769e-26,-4.4413022587001e-21,-4.6921880425294e-18,-1.06052105386991e-16,-5.12792883596982e-17,-5.30448826372037e-19,-1.17388027390712e-22,-5.55757277252042e-28,-3.1245776430916e-33,-7.04798453981443e-35,-3.46347843926236e-38,-3.6411537091352e-43,-8.18926347244824e-50,-3.94031505498173e-58,-4.0560207358205e-68,-8.93224965117854e-80,-4.20859913869154e-93,-4.24328746765349e-108,-9.15940797210013e-125,-7.28091557560505e-137,-3.21716523691588e-142,-3.0411637195241e-149,-6.15014057772689e-158,-2.66078077148696e-168,-2.46270250693191e-180,-4.87633597074242e-194,-2.06563743792872e-209,-1.871946277432e-226,-3.62920478252774e-245,-1.50531406017368e-265,-3.59968618847702e-287,-1.68812204420291e-306,-0,0,0,0,0,0,0,0,0,0
0,0,0,0,0,0,0,0,0,0,0,0,0,0,0,0,0,0,0,0,0,0,0,0,0,0,0,0,0,0,0,0,0,0,0,0,0,0,0,0,0,0,0,0,0,0,0,0,0,0,0,0,0,0,0,0,0,0,0,0,0,0,0,0,0,0,0,0,0,0,0,0,0,0,0,0,0,0,0,0,0,0,0,0,0,0,0,0,0,0,0,0,0,0,0,0,0,0,0,0,0,0,0,0,0,0,0,0,0,0,0,0,0,0,0,0,0,0,0,0,0,0,0,0,0,0,0,0,0,0,0,0,0,0,0,0,0,0,0,0,0,0,0,0,0,0,0,0,0,0,0,0,0,0,0,0,0,0,0,0,0,0,0,0,-0,-5.87121411882561e-314,-1.72068429652553e-301,-1.07883065863891e-290,-1.44705211759971e-281,-4.15234925379508e-274,-2.54907366023092e-268,-3.36900515363007e-264,-5.74663066401878e-257,-3.31979220342036e-249,-9.00993236797587e-238,-3.94131445405013e-223,-3.68849157402273e-210,-7.38483448811877e-199,-3.16312476719111e-189,-2.89963551053627e-181,-6.20908698603521e-175,-5.63287664596618e-169,-3.87718556986073e-157,-1.65243661596279e-145,-1.50664897980834e-135,-2.93885620861212e-127,-1.22637605166461e-120,-1.09483375079208e-115,-2.09099060824559e-112,-8.54388002756524e-111,-7.99206531038053e-111,-1.54377848090599e-110,-9.55212847173068e-111,-1.27595564891599e-112,-3.64629958837018e-116,-2.22919432349491e-121,-2.97325884589097e-128,-3.09574941714904e-131,-1.23897514337635e-133,-2.40468430234577e-131,-1.97346090045813e-130,-3.97561820689242e-130,-2.91672554937206e-113,-5.0149496554684e-98,-1.84466028528739e-84,-1.45159353858602e-72,-2.44372574148425e-62,-8.80113554013931e-54,-6.78115643956454e-47,-1.11775758678731e-41,-3.94157956441404e-38,-2.97352625469075e-36,-5.0893518321609e-36,-3.1327913873872e-29,-7.23167557267847e-23,-3.57129070826822e-18,-3.77303020187527e-15,-8.52774426282102e-14,-4.12341325535441e-14,-4.26538626395733e-16,-9.43927584914375e-20,-4.47008901379691e-25,-1.30847671517531e-28,-3.00458515526931e-30,-1.47649621556569e-33,-1.55224285592379e-38,-3.49114489468825e-45,-1.67981306676145e-53,-1.72922173579228e-63,-3.80865530737277e-75,-1.79525265814722e-88,-1.81221935652073e-103,-3.92938189929419e-120,-7.93043946832508e-127,-3.50416767902184e-132,-3.31246511378639e-139,-6.6987929580429e-148,-2.8981483056637e-158,-2.68239953261157e-170,-5.3113525860139e-184,-2.24991239601554e-199,-2.03894209939711e-216,-3.95296568672644e-235,-1.64816346815582e-255,-3.02281605049482e-275,-2.24298057767385e-294,-3.57777610262328e-315,0,0,0,0,0,0,0,0,0
0,0,0,0,0,0,0,0,0,0,0,0,0,0,0,0,0,0,0,0,0,0,0,0,0,0,0,0,0,0,0,0,0,0,0,0,0,0,0,0,0,0,0,0,0,0,0,0,0,0,0,0,0,0,0,0,0,0,0,0,0,0,0,0,0,0,0,0,0,0,0,0,0,0,0,0,0,0,0,0,0,0,0,0,0,0,0,0,0,0,0,0,0,0,0,0,0,0,0,0,0,0,0,0,0,0,0,0,0,0,0,0,0,0,0,0,0,0,0,0,0,0,0,0,0,0,0,0,0,0,0,0,0,0,0,0,0,0,0,0,0,0,0,0,0,0,0,0,0,0,0,0,0,0,0,0,0,0,0,0,0,0,0,0,-1.10084793948266e-313,-1.50807104479766e-299,-4.419723267387e-287,-2.77106786711792e-276,-3.7168758535135e-267,-1.06656605446847e-259,-6.54751146562854e-254,-8.60827366490081e-250,-2.52778157148826e-243,-1.46014848985314e-235,-2.19681923464271e-226,-9.60163115961637e-212,-8.9855042650731e-199,-1.7989818432916e-187,-7.70541927716407e-178,-7.06208326816317e-170,-1.44752020116859e-163,-6.83664993984068e-158,-5.88376698008349e-148,-2.50757661034618e-136,-2.28634466967395e-126,-4.45972707528461e-118,-1.86103304928772e-111,-1.66141953493978e-106,-3.17310373187352e-103,-1.29654772551194e-101,-1.21127071674265e-101,-2.29760956628812e-101,-1.42139103082541e-101,-1.89866762174466e-103,-5.42582414442552e-107,-3.31712086793173e-112,-4.91927531195937e-119,-3.12208226136678e-121,-1.38604995234908e-123,-2.54231806292042e-121,-2.08641021006217e-120,-3.66338801638363e-121,-2.17341170997733e-108,-3.73691323425625e-93,-1.37455725508245e-79,-1.08166172699019e-67,-1.82095368680069e-57,-6.55820738710042e-49,-5.05301049531736e-42,-8.32902303256659e-37,-2.9370864814309e-33,-2.21573702165313e-31,-3.5769010396313e-31,-9.6342210308578e-27,-2.22394227221714e-20,-1.09827166506854e-15,-1.16031219541203e-12,-2.62251960309988e-11,-1.26806477311874e-11,-1.31172543960889e-13,-2.90284103552239e-17,-1.39416425528165e-22,-2.13259267625073e-24,-4.898625505186e-26,-2.40726110005483e-29,-2.53077697228894e-34,-5.69209200820175e-41,-2.73901178435506e-49,-2.82012659792001e-59,-6.21497316233445e-71,-2.93444417109846e-84,-2.97682645234176e-99,-1.60603692023686e-113,-3.3035316269631e-117,-1.45970835544256e-122,-1.37985206377338e-129,-2.79047264512312e-138,-1.20726280377939e-148,-1.11738973960325e-160,-2.21251562672668e-174,-9.37231383971464e-190,-8.49348859017302e-207,-1.64668792753183e-225,-1.12158503234245e-245,-1.52873295524108e-263,-1.13978596027619e-282,-1.81807168136189e-303,-0,0,0,0,0,0,0,0,0
0,0,0,0,0,0,0,0,0,0,0,0,0,0,0,0,0,0,0,0,0,0,0,0,0,0,0,0,0,0,0,0,0,0,0,0,0,0,0,0,0,0,0,0,0,0,0,0,0,0,0,0,0,0,0,0,0,0,0,0,0,0,0,0,0,0,0,0,0,0,0,0,0,0,0,0,0,0,0,0,0,0,0,0,0,0,0,0,0,0,0,0,0,0,0,0,0,0,0,0,0,0,0,0,0,0,0,0,0,0,0,0,0,0,0,0,0,0,0,0,0,0,0,0,0,0,0,0,0,0,0,0,0,0,0,0,0,0,0,0,0,0,0,0,0,0,0,0,0,0,0,0,0,0,0,0,0,0,0,0,0,0,0,-1.68878848636639e-315,-1.08141133761136e-299,-1.48144450043447e-285,-4.3416885102986e-273,-2.72214181568803e-262,-3.65125058993718e-253,-1.04773473450942e-245,-6.43190842025485e-240,-8.4486654510148e-236,-4.25404371558813e-230,-2.45617071855304e-222,-2.34882784856431e-215,-8.94618815820724e-201,-8.371826500701e-188,-1.6760741477001e-176,-7.17883733072345e-167,-6.57872584497699e-159,-1.31867050811592e-152,-3.41673197337179e-147,-3.42071540607608e-139,-1.45530354672648e-127,-1.32690988650191e-117,-2.58826374881175e-109,-1.08007795640742e-102,-9.6423183875968e-98,-1.84156948279164e-94,-7.52479147094607e-93,-7.0211328642118e-93,-1.30779228186204e-92,-8.08903453565766e-93,-1.08051801458894e-94,-3.08779728713702e-98,-1.88774957656896e-103,-4.70511264245941e-110,-1.20508399224928e-111,-6.04560663353025e-114,-1.02794912143037e-111,-8.43607776537463e-111,-1.48112507863867e-111,-6.19381374567444e-104,-1.06494984122871e-88,-3.91722911075609e-75,-3.08253205844278e-63,-5.18937480770599e-53,-1.86896550115581e-44,-1.44001275581834e-37,-2.37361458511025e-32,-8.3701429120748e-29,-6.31443290623672e-27,-1.01909598104358e-26,-1.13345731633075e-24,-2.61563889976145e-18,-1.29170712932338e-13,-1.36467468174428e-10,-3.08441652071639e-09,-1.49140541444259e-09,-1.54275590992351e-11,-3.41411041172094e-15,-2.85479237953904e-20,-1.32973407107914e-20,-3.05446748936085e-22,-1.50102933329673e-25,-1.57809707118202e-30,-3.54970687096705e-37,-1.70857568878943e-45,-1.76059986007634e-55,-3.88922214819256e-67,-1.84909300896207e-80,-1.91355882373839e-95,-2.5481316340664e-104,-5.26295171370286e-108,-2.32550356960557e-113,-2.19828220333756e-120,-4.44558262129894e-129,-1.92332526505946e-139,-1.7801458890055e-151,-3.52482259115445e-165,-1.49313040570632e-180,-1.35312228336361e-197,-2.62857563322828e-216,-8.63297132005087e-235,-2.97085939544705e-252,-2.21508730421927e-271,-3.53328400588604e-292,-1.20571608720912e-314,0,0,0,0,0,0,0,0
0,0,0,0,0,0,0,0,0,0,0,0,0,0,0,0,0,0,0,0,0,0,0,0,0,0,0,0,0,0,0,0,0,0,0,0,0,0,0,0,0,0,0,0,0,0,0,0,0,0,0,0,0,0,0,0,0,0,0,0,0,0,0,0,0,0,0,0,0,0,0,0,0,0,0,0,0,0,0,0,0,0,0,0,0,0,0,0,0,0,0,0,0,0,0,0,0,0,0,0,0,0,0,0,0,0,0,0,0,0,0,0,0,0,0,0,0,0,0,0,0,0,0,0,0,0,0,0,0,0,0,0,0,0,0,0,0,0,0,0,0,0,0,0,0,0,0,0,0,0,0,0,0,0,0,0,0,0,0,0,0,0,-2.1196898403527e-319,-6.34466280659611e-302,-4.06278841275566e-286,-5.56568563799245e-272,-1.63114267050294e-259,-1.02269005715099e-248,-1.37174986731985e-239,-3.93626771882084e-232,-2.41642399080243e-226,-3.17361557652353e-222,-2.74412744166176e-217,-1.58011905132525e-209,-2.02573531705687e-203,-3.18808226953578e-190,-2.98324563747268e-177,-5.97235011191326e-166,-2.55795899880203e-156,-2.34396394121684e-148,-4.6459221971279e-142,-6.98535338397951e-137,-8.64860895769151e-131,-3.23015311203295e-119,-2.94517775792541e-109,-5.74485991740114e-101,-2.39732683726681e-94,-2.14020529654236e-89,-4.08756595411851e-86,-1.67022415442889e-84,-1.5565360937617e-84,-2.84690300064145e-84,-1.7605546545183e-84,-2.35171550004488e-86,-6.72049946650403e-90,-4.10863224237144e-95,-3.82988157112255e-101,-1.7807960826528e-102,-1.03058250575478e-104,-1.5895835261267e-102,-1.30452123158264e-101,-2.29035241778477e-102,-6.75071101218272e-100,-1.16068666291347e-84,-4.26938002937781e-71,-3.35964541213468e-59,-5.65588903343455e-49,-2.03698169308521e-40,-1.56946696961345e-33,-2.58699770184069e-28,-9.12260171194131e-25,-6.88208756355563e-23,-1.1107094942833e-22,-5.48025899640559e-23,-1.17652669246656e-16,-5.81015926925742e-12,-6.13837072551019e-09,-1.38738501747076e-07,-6.70841150356384e-08,-6.93938844065369e-10,-1.535688649206e-13,-3.02597937592477e-17,-3.17100340636594e-17,-7.28407006819994e-19,-3.579705656869e-22,-3.76399697959204e-27,-8.46987053261606e-34,-4.08144505703611e-42,-4.21979849783643e-52,-9.41272146291682e-64,-4.60090475156166e-77,-5.68869477112469e-92,-1.55253467852991e-95,-3.20663851179188e-99,-1.41689487406724e-104,-1.33938078030579e-111,-2.70862763260751e-120,-1.17185359112947e-130,-1.08461651841347e-142,-2.14762218672926e-156,-9.09742236538002e-172,-8.24442426716502e-189,-1.98726408784773e-207,-6.33628294865741e-224,-2.20810237809487e-241,-1.64637246988378e-260,-2.62612742375341e-281,-8.96153288853102e-304,-0,0,0,0,0,0,0,0
0,0,0,0,0,0,0,0,0,0,0,0,0,0,0,0,0,0,0,0,0,0,0,0,0,0,0,0,0,0,0,0,0,0,0,0,0,0,0,0,0,0,0,0,0,0,0,0,0,0,0,0,0,0,0,0,0,0,0,0,0,0,0,0,0,0,0,0,0,0,0,0,0,0,0,0,0,0,0,0,0,0,0,0,0,0,0,0,0,0,0,0,0,0,0,0,0,0,0,0,0,0,0,0,0,0,0,0,0,0,0,0,0,0,0,0,0,0,0,0,0,0,0,0,0,0,0,0,0,0,0,0,0,0,0,0,0,0,0,0,0,0,0,0,0,0,0,0,0,0,0,0,0,0,0,0,0,0,0,0,0,-0,-3.04561276655748e-306,-9.11615151739073e-289,-5.83750403808302e-273,-7.99689993317879e-259,-2.34366178062718e-246,-1.46942364007508e-235,-1.9709604774342e-226,-5.65571631332102e-219,-3.47197130909002e-213,-4.5598002713862e-209,-6.85775162280932e-205,-3.88768234207537e-197,-4.80571867254127e-191,-4.34544039212684e-180,-4.06592266454806e-167,-8.13936455034197e-156,-3.48594321224043e-146,-3.19413681409819e-138,-6.2956619657955e-132,-6.02850676804099e-127,-7.85014437839638e-122,-2.74197246297224e-111,-2.50007098902829e-101,-4.87665017768388e-93,-2.03503263093412e-86,-1.81678059088087e-81,-3.46989343787896e-78,-1.41785610326829e-76,-1.31977818022856e-76,-2.37016197806989e-76,-1.46545348267381e-76,-1.95752471224012e-78,-5.59402010276387e-82,-3.41995620956234e-87,-1.89882739050827e-92,-1.00789660375605e-93,-6.87773346421517e-96,-9.40080803768784e-94,-7.7149200754428e-93,-1.35451117385883e-93,-7.90143623101738e-96,-4.83805205963861e-81,-1.7795916421028e-67,-1.40038995234055e-55,-2.35752563212979e-45,-8.49068382572458e-37,-6.54195757337542e-30,-1.07832974733005e-24,-3.80254408112966e-21,-2.86863793432516e-19,-4.62973385095356e-19,-1.68619003331605e-20,-2.02393602289932e-15,-9.99497752081445e-11,-1.05595838642839e-07,-2.386660703637e-06,-1.15402010952178e-06,-1.1937541105464e-08,-2.64230779350164e-12,-2.69468853215331e-14,-2.89207225231879e-14,-6.64376207470191e-16,-3.26563907494802e-19,-3.43564172575961e-24,-7.74342511974965e-31,-3.74896231201457e-39,-3.9291545584798e-49,-9.1067457450674e-61,-4.91962819606199e-74,-4.62852570718434e-85,-3.61769142164738e-87,-7.4720595588087e-91,-3.30162656272887e-96,-3.12100441804286e-103,-6.31160229600334e-112,-2.73063514796699e-122,-2.5273566678162e-134,-5.00435606634749e-148,-2.11986735619992e-163,-1.92254280041816e-180,-1.14270933001031e-197,-1.80092838796099e-213,-6.27662458921851e-231,-4.67988353135913e-250,-7.46487851715774e-271,-2.54735370931735e-293,-1.85966457314339e-317,0,0,0,0,0,0,0
0,0,0,0,0,0,0,0,0,0,0,0,0,0,0,0,0,0,0,0,0,0,0,0,0,0,0,0,0,0,0,0,0,0,0,0,0,0,0,0,0,0,0,0,0,0,0,0,0,0,0,0,0,0,0,0,0,0,0,0,0,0,0,0,0,0,0,0,0,0,0,0,0,0,0,0,0,0,0,0,0,0,0,0,0,0,0,0,0,0,0,0,0,0,0,0,0,0,0,0,0,0,0,0,0,0,0,0,0,0,0,0,0,0,0,0,0,0,0,0,0,0,0,0,0,0,0,0,0,0,0,0,0,0,0,0,0,0,0,0,0,0,0,0,0,0,0,0,0,0,0,0,0,0,0,0,0,0,0,0,0,-1.19616015922712e-312,-1.67358346065141e-293,-5.00938286436929e-276,-3.20774535650027e-260,-4.3943470462202e-246,-1.28785695820825e-233,-8.0745757560631e-223,-1.08305523697949e-213,-3.10785185301473e-206,-1.90787017396002e-200,-2.50562771336051e-196,-7.03629765523562e-193,-3.65814941712965e-185,-4.52105405994821e-179,-2.26566273957644e-170,-2.11956051129927e-157,-4.24267967745808e-146,-1.81694876882339e-136,-1.66475528235629e-128,-3.27206566885192e-122,-2.2438656956567e-117,-1.86236309781482e-112,-8.90180090736983e-104,-8.1164206382002e-94,-1.58320057661409e-85,-6.6067651287999e-79,-5.89826989409175e-74,-1.12653634648376e-70,-4.6033193616909e-69,-4.27994797696569e-69,-7.54666336446974e-69,-4.6651355416599e-69,-6.23159797242538e-71,-1.78080430399136e-74,-1.08872489776511e-79,-4.00736522515328e-84,-2.18611686732437e-85,-1.7982216155574e-87,-2.12626430735873e-85,-1.74494367453596e-84,-3.06360361699443e-85,-1.15070562476861e-87,-7.71251086532609e-78,-2.83691029063794e-64,-2.2324113985886e-52,-3.75821540624099e-42,-1.35353008800721e-33,-1.04287670955344e-26,-1.71900377844996e-21,-6.06177067763277e-18,-4.57299769418354e-16,-7.38042329127345e-16,-2.54881875120471e-17,-1.33186051709033e-14,-6.57586461729973e-10,-6.94721574527452e-07,-1.57019689099384e-05,-7.59235950641833e-06,-7.85377155341125e-08,-1.75675353435337e-11,-9.39504145085037e-12,-1.00887154149566e-11,-2.31822091867486e-13,-1.1403649623462e-16,-1.20244668219794e-21,-2.7280862379786e-28,-1.3461362477601e-36,-1.48704902722845e-46,-3.93119827707108e-58,-4.21656103422804e-71,-3.41397683276734e-77,-3.22397401300835e-79,-6.65886711048572e-83,-2.94230691774177e-88,-2.78134207943863e-95,-5.62470368611778e-104,-2.43345712576637e-114,-2.25230166587053e-126,-4.45972649964369e-140,-1.88916426083553e-155,-1.86983192447427e-172,-1.20210216677757e-187,-1.95781984394221e-203,-6.82343102046464e-221,-5.08758521508548e-240,-8.11520315021095e-261,-2.76927384672658e-283,-2.02167444207705e-307,0,0,0,0,0,0,0
0,0,0,0,0,0,0,0,0,0,0,0,0,0,0,0,0,0,0,0,0,0,0,0,0,0,0,0,0,0,0,0,0,0,0,0,0,0,0,0,0,0,0,0,0,0,0,0,0,0,0,0,0,0,0,0,0,0,0,0,0,0,0,0,0,0,0,0,0,0,0,0,0,0,0,0,0,0,0,0,0,0,0,0,0,0,0,0,0,0,0,0,0,0,0,0,0,0,0,0,0,0,0,0,0,0,0,0,0,0,0,0,0,0,0,0,0,0,0,0,0,0,0,0,0,0,0,0,0,0,0,0,0,0,0,0,0,0,0,0,0,0,0,0,0,0,0,0,0,0,0,0,0,0,0,0,0,0,0,0,-3.8438307246449e-321,-2.51380581359002e-300,-3.51714091166176e-281,-1.05275331817589e-263,-6.74127863521517e-248,-9.23499672390721e-234,-2.70651240441809e-221,-1.69692288455732e-210,-2.27610870514171e-201,-6.53134615429737e-194,-4.00950917641195e-188,-5.26573016038749e-184,-3.75824720017456e-181,-1.31644230657344e-173,-1.62697009869449e-167,-4.56137789790673e-161,-4.22641472269602e-148,-8.45884819653084e-137,-3.62220585317771e-127,-3.31854860720389e-119,-6.51333149103521e-113,-3.58898835144641e-108,-1.84274313018288e-103,-1.10605997365628e-96,-1.00774150402352e-86,-1.96573037046475e-78,-8.20317400953933e-72,-7.32360935483939e-67,-1.39880378909592e-63,-5.71608562032356e-62,-5.30861999936605e-62,-9.18975066320485e-62,-5.67971048775494e-62,-7.58684660598925e-64,-2.16809382575294e-67,-1.32561314364753e-72,-3.29078739566865e-76,-1.81857349561244e-77,-1.84124616727729e-79,-1.8392456088698e-77,-1.50938870767095e-76,-2.65003895050676e-77,-9.95364681625439e-80,-4.70215701247164e-75,-1.72957959965478e-61,-1.36103464016795e-49,-2.29127183112792e-39,-8.25206920839322e-31,-6.35810822331022e-24,-1.04802532835775e-18,-3.69568076841802e-15,-2.78802028832507e-13,-4.49962393347967e-13,-1.55358782593575e-14,-3.40875451972484e-14,-1.65675295880754e-09,-1.74818983715917e-06,-3.95085139248006e-05,-1.91033759843726e-05,-1.97611126923347e-07,-6.87020180382531e-11,-1.25347439111753e-09,-1.34653308969404e-09,-3.09747473060166e-11,-1.52854797832193e-14,-1.62676050538466e-19,-3.7896389089683e-26,-2.0086055970744e-34,-2.62805675995437e-44,-9.41816388275769e-56,-4.7172300112276e-65,-1.14054702377905e-69,-1.09880659290806e-71,-2.26949940340524e-75,-1.00280778751913e-80,-9.47947163566629e-88,-1.91703204887127e-96,-8.29379743356423e-107,-7.67637678026846e-119,-1.51998028125903e-132,-6.44054683211996e-148,-7.144878191813e-164,-4.99653330306548e-178,-8.1399001370342e-194,-2.83693352371419e-211,-2.11523220622429e-230,-3.37400521813033e-251,-1.15136297099887e-273,-8.40538430236508e-298,-1.48219693752374e-323,0,0,0,0,0,0
0,0,0,0,0,0,0,0,0,0,0,0,0,0,0,0,0,0,0,0,0,0,0,0,0,0,0,0,0,0,0,0,0,0,0,0,0,0,0,0,0,0,0,0,0,0,0,0,0,0,0,0,0,0,0,0,0,0,0,0,0,0,0,0,0,0,0,0,0,0,0,0,0,0,0,0,0,0,0,0,0,0,0,0,0,0,0,0,0,0,0,0,0,0,0,0,0,0,0,0,0,0,0,0,0,0,0,0,0,0,0,0,0,0,0,0,0,0,0,0,0,0,0,0,0,0,0,0,0,0,0,0,0,0,0,0,0,0,0,0,0,0,0,0,0,0,0,0,0,0,0,0,0,0,0,0,0,0,0,0,-3.08933203557662e-309,-2.02043006083193e-288,-2.82684413715872e-269,-8.46133157614611e-252,-5.41819178291256e-236,-7.42247666537754e-222,-2.17531481244014e-209,-1.36387384750961e-198,-1.82938492095438e-189,-5.24946200557723e-182,-3.22257702858681e-176,-4.23224341264196e-172,-1.50272216330165e-169,-1.81180745005556e-162,-2.23918325076956e-156,-9.36797667136308e-152,-3.22383758583581e-139,-6.45101946386932e-128,-2.7620405487772e-118,-2.53022562641391e-110,-4.96235039531091e-104,-2.40354431582925e-99,-7.02840205776472e-95,-5.55723889993168e-90,-4.78528466133562e-80,-9.33443495383331e-72,-3.89541819145119e-65,-3.4778375702237e-60,-6.64291397429275e-57,-2.71472859548852e-55,-2.51852462730364e-55,-4.27981104085476e-55,-2.64458685851975e-55,-3.53258712380618e-57,-1.00950773481737e-60,-6.17585445357872e-66,-1.03620006712044e-68,-5.80840612061723e-70,-7.3728321551804e-72,-6.08461165377637e-70,-4.99333245668478e-69,-8.76681098420968e-70,-3.29284745879764e-72,-1.11328055099531e-72,-4.03282443063021e-59,-3.17346586259102e-47,-5.34245983072888e-37,-1.92409943102761e-28,-1.48249270648871e-21,-2.44363551379895e-16,-8.61705965400804e-13,-6.5007068106063e-11,-1.04915793016381e-10,-3.62242993014502e-12,-7.60741600424151e-14,-1.75100071353082e-09,-1.69519542634033e-06,-3.80412316640335e-05,-1.83837168955176e-05,-1.90159048271174e-07,-1.31633700410844e-09,-6.39979225304197e-08,-6.88544395063282e-08,-1.59098680852927e-09,-7.95374285826176e-13,-8.78030575580163e-18,-2.2515212688908e-24,-1.47483821581632e-32,-2.70297169941397e-42,-3.80064981322777e-53,-5.84858688976354e-59,-1.48381045573295e-62,-1.43225611004499e-64,-2.95821340075713e-68,-1.30712501222591e-73,-1.23561610030162e-80,-2.49878448442995e-89,-1.08106759906268e-99,-1.00058896808211e-111,-1.9812430862103e-125,-8.68572718282573e-141,-1.04406583474601e-154,-7.94481642987475e-169,-1.29430054117027e-184,-4.51092093690717e-202,-3.36336581936815e-221,-5.36490215666824e-242,-1.8307469274287e-264,-1.33651436367301e-288,-2.08736191666074e-314,0,0,0,0,0,0
0,0,0,0,0,0,0,0,0,0,0,0,0,0,0,0,0,0,0,0,0,0,0,0,0,0,0,0,0,0,0,0,0,0,0,0,0,0,0,0,0,0,0,0,0,0,0,0,0,0,0,0,0,0,0,0,0,0,0,0,0,0,0,0,0,0,0,0,0,0,0,0,0,0,0,0,0,0,0,0,0,0,0,0,0,0,0,0,0,0,0,0,0,0,0,0,0,0,0,0,0,0,0,0,0,0,0,0,0,0,0,0,0,0,0,0,0,0,0,0,0,0,0,0,0,0,0,0,0,0,0,0,0,0,0,0,0,0,0,0,0,0,0,0,0,0,0,0,0,0,0,0,0,0,0,0,0,0,0,-3.10619071540392e-320,-9.49612418240398e-298,-6.21048645421532e-277,-8.68927737828813e-258,-2.60088117658684e-240,-1.66546753220756e-224,-2.28155340195606e-210,-6.68657799060359e-198,-4.1923351960665e-187,-5.62324353185222e-178,-1.61360263389317e-170,-9.9056984805808e-165,-1.30092549585906e-160,-3.82017332417025e-158,-9.53657965866109e-152,-1.17860806178115e-145,-3.12627229761123e-141,-9.40816680702212e-131,-1.88204003165939e-119,-8.05639426834128e-110,-7.37909718105124e-102,-1.44656266867548e-95,-6.52966616561485e-91,-1.03900102560667e-86,-5.40085028850036e-83,-8.69046726049292e-74,-1.69524348282506e-65,-7.07474938221146e-59,-6.31662947817088e-54,-1.20659928972479e-50,-4.93142516248307e-49,-4.57043582450435e-49,-7.62286229463519e-49,-4.70933056766669e-49,-6.29063029236202e-51,-1.79767397523721e-54,-1.10401984429791e-59,-1.24835754878658e-61,-7.13312755666677e-63,-1.1519795247724e-64,-7.69833820939026e-63,-6.31756283873249e-62,-1.10917668234148e-62,-4.16610969071806e-65,-6.92184612876386e-69,-3.63036692795803e-57,-2.82989839343332e-45,-4.76404240983415e-35,-1.71578103372282e-26,-1.32198618605275e-19,-2.17906798384281e-14,-7.68410783886546e-11,-5.79688828524144e-09,-9.35567699317226e-09,-3.23023653315492e-10,-1.38232905996039e-12,-4.95452601120582e-09,-9.79761768092121e-07,-1.46286576833056e-05,-6.78935142810047e-06,-7.00121137777373e-08,-2.49050306324537e-08,-1.25274261989384e-06,-1.35631086682923e-06,-3.19127315721132e-08,-1.67771083655349e-11,-2.1021498747853e-16,-6.96538409457115e-23,-6.51660971142327e-31,-1.62971578872636e-40,-1.15591215656213e-47,-2.78719591646839e-53,-7.39551036286276e-56,-7.13986192066615e-58,-1.47468284935757e-61,-6.51607770082594e-67,-6.1596025190019e-74,-1.24565544273666e-82,-5.38917120355817e-93,-4.98798157750618e-105,-9.87764947178128e-119,-2.20076996205899e-133,-6.34453431232103e-146,-4.8313624211396e-160,-7.87083649786813e-176,-2.74315895110994e-193,-2.04531340325003e-212,-3.26247779084043e-233,-1.11330477555141e-255,-8.12754510947102e-280,-1.26935621491326e-305,0,0,0,0,0,0
0,0,0,0,0,0,0,0,0,0,0,0,0,0,0,0,0,0,0,0,0,0,0,0,0,0,0,0,0,0,0,0,0,0,0,0,0,0,0,0,0,0,0,0,0,0,0,0,0,0,0,0,0,0,0,0,0,0,0,0,0,0,0,0,0,0,0,0,0,0,0,0,0,0,0,0,0,0,0,0,0,0,0,0,0,0,0,0,0,0,0,0,0,0,0,0,0,0,0,0,0,0,0,0,0,0,0,0,0,0,0,0,0,0,0,0,0,0,0,0,0,0,0,0,0,0,0,0,0,0,0,0,0,0,0,0,0,0,0,0,0,0,0,0,0,0,0,0,0,0,0,0,0,0,0,0,0,0,0,-3.65171991336515e-309,-1.11634359462579e-286,-7.3009120768663e-266,-1.02149244858803e-246,-3.05753904023907e-229,-1.95788721369341e-213,-2.68214429081513e-199,-7.86059487681143e-187,-4.92841758675126e-176,-6.61056213801045e-167,-1.89691597331454e-159,-1.16449225354303e-153,-1.52933956089471e-149,-4.3300794881097e-147,-1.91976007560554e-141,-2.37256915503769e-135,-6.27311501700506e-131,-1.05066870057215e-122,-2.1007257196222e-111,-8.98970779552625e-102,-8.23208400842443e-94,-1.61324193471232e-87,-7.01886428434113e-83,-6.02561675442738e-79,-2.45513556374572e-75,-6.0361668483938e-68,-1.17750403701882e-59,-4.91430427375017e-53,-4.38800377404958e-48,-8.38281670555954e-45,-3.42662108945354e-43,-3.17290253006895e-43,-5.19260107582204e-43,-3.20723086384993e-43,-4.28415469684329e-45,-1.22428326833812e-48,-7.71500122241589e-54,-5.75242229466331e-55,-3.37462717690951e-56,-7.00442210877925e-58,-3.72505365470921e-56,-3.05687978902748e-55,-5.36697436766644e-56,-2.01585592980185e-58,-1.9748895297904e-62,-1.29850924563695e-54,-9.71019320771493e-44,-1.62473093116242e-33,-5.85148260594814e-25,-4.50848854782193e-18,-7.43147179113199e-13,-2.62058049899998e-09,-1.97696501841756e-07,-3.19065078176596e-07,-1.1016366414538e-08,-2.00537654612737e-11,-4.60529792679767e-08,-3.8822254266591e-06,-8.67273322379583e-06,-1.20553861998025e-06,-1.01339018184891e-08,-1.86580546627193e-07,-9.47412662481451e-06,-1.05194360657044e-05,-2.65063744892959e-07,-1.64104575122274e-10,-2.77145039618837e-15,-1.31512889139839e-21,-1.61142597493636e-29,-2.33194256472783e-38,-2.09535457344454e-42,-5.33557431380347e-48,-1.40993609872448e-49,-1.36122101224805e-51,-2.81149594103642e-55,-1.24229599709054e-60,-1.17433368728172e-67,-2.37485315755155e-76,-1.02745027319515e-86,-9.50963432714536e-99,-1.90789263578145e-112,-4.15330569061659e-125,-1.47554559805955e-137,-1.12363453052057e-151,-1.83052789345177e-167,-6.379790734505e-185,-4.75680473927154e-204,-7.58757547502364e-225,-2.5892234530812e-247,-1.89023085821174e-271,-2.95215376251301e-297,-0,0,0,0,0,0
0,0,0,0,0,0,0,0,0,0,0,0,0,0,0,0,0,0,0,0,0,0,0,0,0,0,0,0,0,0,0,0,0,0,0,0,0,0,0,0,0,0,0,0,0,0,0,0,0,0,0,0,0,0,0,0,0,0,0,0,0,0,0,0,0,0,0,0,0,0,0,0,0,0,0,0,0,0,0,0,0,0,0,0,0,0,0,0,0,0,0,0,0,0,0,0,0,0,0,0,0,0,0,0,0,0,0,0,0,0,0,0,0,0,0,0,0,0,0,0,0,0,0,0,0,0,0,0,0,0,0,0,0,0,0,0,0,0,0,0,0,0,0,0,0,0,0,0,0,0,0,0,0,0,0,0,0,0,-1.13635098543487e-322,-1.64179398950958e-298,-5.01902185098025e-276,-3.28245151602815e-255,-4.59257610717407e-236,-1.37465340662694e-218,-8.80255752313965e-203,-1.205877909623e-188,-3.5340819473815e-176,-2.21579052164069e-165,-2.97207382903134e-156,-8.52843404608872e-149,-5.23549567889911e-143,-6.8758299017725e-139,-1.93439879128702e-136,-1.47806797442639e-131,-1.82657729422774e-125,-4.8294166360169e-121,-4.49474509019106e-115,-8.97302355180363e-104,-3.83800017135973e-94,-3.51336401714253e-86,-6.88287519784723e-80,-2.9388032287556e-75,-1.39937631693981e-71,-5.15654278920447e-68,-1.60398679680898e-62,-3.128162638455e-54,-1.3056355683031e-47,-1.16593904718685e-42,-2.22777473131458e-39,-9.10865529545378e-38,-8.42770054151808e-38,-1.3527779698187e-37,-8.35354804999642e-38,-1.11585002890996e-39,-3.18876564829839e-43,-2.35517805055488e-48,-1.01383441307498e-48,-6.16525002188024e-50,-1.65266624465869e-51,-6.89350492848499e-50,-5.65687852487421e-49,-9.93180109547226e-50,-3.73042216346974e-52,-3.22903429037773e-56,-1.86730938315146e-50,-8.99791695867419e-42,-2.12761634636357e-32,-7.63204801303867e-24,-5.88037104554661e-17,-9.69278522273287e-12,-3.41799372290359e-08,-2.57853327761758e-06,-4.16152999238468e-06,-1.4368522971748e-07,-1.54628975509564e-10,-1.86308691386208e-07,-1.5348650180663e-05,-2.71846626581971e-05,-1.07521102111938e-06,-1.58785785238852e-09,-5.42573496394074e-07,-2.8530821229257e-05,-3.47361297984764e-05,-1.07493615852936e-06,-9.28492946684586e-10,-2.21326452013081e-14,-1.31583324789326e-20,-1.79282853052748e-28,-1.29650717217058e-33,-1.45276949437264e-37,-5.7607044538445e-43,-1.02803344898292e-43,-9.92515226090206e-46,-2.04996286750053e-49,-9.05802717802041e-55,-8.5624895197077e-62,-1.73159090066245e-70,-7.49150969672741e-81,-6.93409924950149e-93,-3.58895407625688e-106,-3.68715174129603e-117,-1.31243491384347e-129,-9.99425070260808e-144,-1.628176616978e-159,-5.67455220557137e-177,-4.23097526988097e-196,-6.74882530454607e-217,-2.30300401186113e-239,-1.68127986196981e-263,-2.62581506845811e-289,-8.77338305766708e-317,0,0,0,0,0
0,0,0,0,0,0,0,0,0,0,0,0,0,0,0,0,0,0,0,0,0,0,0,0,0,0,0,0,0,0,0,0,0,0,0,0,0,0,0,0,0,0,0,0,0,0,0,0,0,0,0,0,0,0,0,0,0,0,0,0,0,0,0,0,0,0,0,0,0,0,0,0,0,0,0,0,0,0,0,0,0,0,0,0,0,0,0,0,0,0,0,0,0,0,0,0,0,0,0,0,0,0,0,0,0,0,0,0,0,0,0,0,0,0,0,0,0,0,0,0,0,0,0,0,0,0,0,0,0,0,0,0,0,0,0,0,0,0,0,0,0,0,0,0,0,0,0,0,0,0,0,0,0,0,0,0,0,0,-1.97554964870323e-312,-2.82299146538837e-288,-8.62998399339307e-266,-5.64402883340291e-245,-7.89672957602459e-226,-2.36365515988673e-208,-1.51356046618487e-192,-2.07345322794327e-178,-6.07669612581685e-166,-3.80995287572527e-155,-5.1103482577411e-146,-1.46642615815819e-138,-9.00220107580394e-133,-1.18226825362844e-128,-3.32246664511173e-126,-4.35359854966744e-122,-5.37807595632178e-116,-1.42194732138141e-111,-8.16425425529592e-108,-1.46719168099583e-96,-6.27061376353532e-87,-5.73731793712073e-79,-1.12351482015753e-72,-4.75130886828339e-68,-1.34036939213803e-64,-4.15501252903867e-61,-1.66952872268108e-57,-3.17855679845995e-49,-1.32683002564586e-42,-1.18507898056266e-37,-2.26494913918067e-34,-9.26429457539229e-33,-8.56682319932171e-33,-1.3478601256551e-32,-8.32111330840891e-33,-1.1115172723001e-34,-3.1763841253164e-38,-4.67582891338491e-43,-6.83435345382934e-43,-4.3627002974621e-44,-1.50905149971302e-45,-4.87888352484316e-44,-4.00354806942821e-43,-7.02904312250282e-44,-2.64013525845995e-46,-2.17996541255897e-50,-9.18015858513676e-46,-3.87729127639756e-38,-5.27100622317331e-31,-3.81795455831598e-23,-2.93325817977719e-16,-4.83495082173947e-11,-1.70496205903955e-07,-1.28622278491347e-05,-2.07585247890914e-05,-7.16730001919054e-07,-6.14831671247527e-10,-3.13448368813447e-07,-2.51721582565373e-05,-4.40917628126034e-05,-1.68790057346892e-06,-1.69130699147916e-09,-6.37955317086293e-07,-3.78951062643391e-05,-5.92398176774704e-05,-2.61360768552388e-06,-3.09445929135189e-09,-8.84800366867899e-14,-5.68952033469365e-20,-7.36013698909674e-27,-3.4376834881912e-29,-3.85217391050711e-33,-7.27581949594665e-38,-2.8667209013353e-38,-2.76767705727575e-40,-5.71642131778522e-44,-2.52587500380674e-49,-2.38769191382786e-56,-4.82862557913834e-65,-2.08904423850921e-75,-1.94322110329728e-87,-7.5764407929369e-99,-1.25423541837638e-109,-4.46449806331938e-122,-3.3997352937656e-136,-5.53855378865797e-152,-1.93030733210364e-169,-1.43924706118343e-188,-2.2957418482575e-209,-7.8341080827405e-232,-5.71919462066565e-256,-8.93221158719207e-282,-2.98484381093734e-309,0,0,0,0,0
0,0,0,0,0,0,0,0,0,0,0,0,0,0,0,0,0,0,0,0,0,0,0,0,0,0,0,0,0,0,0,0,0,0,0,0,0,0,0,0,0,0,0,0,0,0,0,0,0,0,0,0,0,0,0,0,0,0,0,0,0,0,0,0,0,0,0,0,0,0,0,0,0,0,0,0,0,0,0,0,0,0,0,0,0,0,0,0,0,0,0,0,0,0,0,0,0,0,0,0,0,0,0,0,0,0,0,0,0,0,0,0,0,0,0,0,0,0,0,0,0,0,0,0,0,0,0,0,0,0,0,0,0,0,0,0,0,0,0,0,0,0,0,0,0,0,0,0,0,0,0,0,0,0,0,0,0,0,-1.29911786343976e-302,-1.85639406401627e-278,-5.67506181096021e-256,-3.71150311714654e-235,-5.19287503692718e-216,-1.55433534319647e-198,-9.95314615508017e-183,-1.3634990794561e-168,-3.99602434336292e-156,-2.50541809615619e-145,-3.36055573920124e-136,-9.64319180096669e-129,-5.91983108879331e-123,-7.77457457798533e-119,-2.18443750927396e-116,-4.91326108183261e-113,-6.05599503884601e-107,-1.6011871135527e-102,-9.5202513702836e-100,-9.18959745952697e-90,-3.92195021518926e-80,-3.58562342540571e-72,-7.01760964562714e-66,-2.95282035323008e-61,-5.46187623244714e-58,-1.28176947973593e-54,-1.87111454673682e-52,-1.23541680584708e-44,-5.15801389437986e-38,-4.6082823947721e-33,-8.81119607736008e-30,-3.60629748829084e-28,-3.33393617619791e-28,-5.13621534168052e-28,-3.1700171234926e-28,-4.23444313149777e-30,-1.21007779242786e-33,-7.78568690318342e-38,-1.76221726135497e-37,-1.19994124651017e-38,-5.31954179688848e-40,-1.32061027381011e-38,-1.08363480095787e-37,-1.90254134829885e-38,-7.14601746892272e-41,-5.79869414109564e-45,-8.13952285906861e-41,-7.69481115804969e-35,-8.03314784916077e-28,-2.68725252023503e-22,-5.61321399851027e-16,-9.22383808907903e-11,-3.25257961101821e-07,-2.4537446141473e-05,-3.96013186330376e-05,-1.36731552305592e-06,-1.13836754511989e-09,-3.81258334902702e-07,-2.6733320459355e-05,-4.57029161945026e-05,-1.96333945941257e-06,-2.91077226697052e-09,-3.45489119817065e-07,-2.75031478934763e-05,-6.16159792101711e-05,-3.58221292932271e-06,-4.89101647591914e-09,-1.48184578744215e-13,-9.75852816266429e-20,-6.65568198812491e-23,-3.48613702837996e-25,-3.90649870847113e-29,-6.86822526762879e-33,-3.05726682863843e-33,-2.95163975751928e-35,-6.09638194165413e-39,-2.69376554037053e-44,-2.54639765975174e-51,-5.14957596041324e-60,-2.22793386062769e-70,-3.32304207443163e-82,-9.80725093139862e-92,-1.63171219994328e-102,-5.80814172697853e-115,-4.42292597108337e-129,-7.20544727095837e-145,-2.51125622842292e-162,-1.87240554212537e-181,-2.9866725984017e-202,-1.01918758685331e-224,-7.44045410666088e-249,-1.16205854521623e-274,-5.52059214602753e-302,-0,0,0,0,0
0,0,0,0,0,0,0,0,0,0,0,0,0,0,0,0,0,0,0,0,0,0,0,0,0,0,0,0,0,0,0,0,0,0,0,0,0,0,0,0,0,0,0,0,0,0,0,0,0,0,0,0,0,0,0,0,0,0,0,0,0,0,0,0,0,0,0,0,0,0,0,0,0,0,0,0,0,0,0,0,0,0,0,0,0,0,0,0,0,0,0,0,0,0,0,0,0,0,0,0,0,0,0,0,0,0,0,0,0,0,0,0,0,0,0,0,0,0,0,0,0,0,0,0,0,0,0,0,0,0,0,0,0,0,0,0,0,0,0,0,0,0,0,0,0,0,0,0,0,0,0,0,0,0,0,0,-5.48412866883784e-322,-2.59419311267635e-313,-3.26722363859464e-293,-4.66874849402859e-269,-1.42725280138605e-246,-9.33426524283821e-226,-1.30598497260223e-206,-3.90908424748136e-189,-2.50317198396134e-173,-3.42913953304036e-159,-1.00498234705698e-146,-6.30101506467573e-136,-8.45164819830862e-127,-2.42521984265498e-119,-1.48881118596722e-113,-1.95527092313747e-109,-5.49358637191924e-107,-2.1432803513158e-104,-2.60803726437897e-98,-6.89557310888371e-94,-3.90149994061253e-91,-2.20798062073972e-83,-9.39535442975374e-74,-8.57900133506331e-66,-1.67765647183207e-59,-7.0387577366658e-55,-9.62118374197943e-52,-1.51532300119652e-48,-1.46453511997451e-46,-1.83695032396009e-40,-7.671708290035e-34,-6.85719917231249e-29,-1.3120077659029e-25,-5.37523360129858e-24,-4.97040001923878e-24,-7.48561000373221e-24,-4.61861218785839e-24,-6.16944498810289e-26,-1.76304880593692e-29,-7.05253723403109e-33,-1.7381138845106e-32,-1.28770657799107e-33,-7.22434250592654e-35,-1.36711225531674e-33,-1.12173570254058e-32,-1.96943523125553e-33,-7.39727343063869e-36,-5.96493949154684e-40,-3.00365168528264e-36,-1.49317989045596e-31,-5.87539096537833e-25,-1.39106688920951e-19,-1.35490250697449e-15,-6.77951757167267e-11,-2.37321347689316e-07,-1.79024496647694e-05,-2.88929916257198e-05,-9.97588897940445e-07,-9.83144911400445e-10,-6.4684801075051e-07,-4.18652216077085e-05,-7.46246547203676e-05,-3.85549588809391e-06,-4.32592857005312e-08,-1.08234707427184e-07,-1.2120025174886e-05,-3.4236740907926e-05,-2.21973350137503e-06,-3.16162565785474e-09,-9.72448577711142e-14,-1.11846023931209e-18,-2.58126072597595e-19,-1.35204991302637e-21,-1.51519989389565e-25,-2.76675228195886e-28,-1.24695558172572e-28,-1.20387387899466e-30,-2.48650769703187e-34,-1.09869572055694e-39,-1.03858935378157e-46,-2.10033771437755e-55,-9.10412139942188e-66,-6.35801042076004e-76,-4.87936587397399e-85,-8.11853791352761e-96,-2.88982453392414e-108,-2.20061434237773e-122,-3.58504996726263e-138,-1.24946845364942e-155,-9.31610096510684e-175,-1.48601052765756e-195,-5.07093909309118e-218,-3.70197977205666e-242,-5.96324848506247e-268,-2.50381008331732e-292,-7.37719454996832e-317,0,0,0,0
0,0,0,0,0,0,0,0,0,0,0,0,0,0,0,0,0,0,0,0,0,0,0,0,0,0,0,0,0,0,0,0,0,0,0,0,0,0,0,0,0,0,0,0,0,0,0,0,0,0,0,0,0,0,0,0,0,0,0,0,0,0,0,0,0,0,0,0,0,0,0,0,0,0,0,0,0,0,0,0,0,0,0,0,0,0,0,0,0,0,0,0,0,0,0,0,0,0,0,0,0,0,0,0,0,0,0,0,0,0,0,0,0,0,0,0,0,0,0,0,0,0,0,0,0,0,0,0,0,0,0,0,0,0,0,0,0,0,0,0,0,0,0,0,0,0,0,0,0,0,0,0,0,0,0,-5.52970573060105e-317,-1.22309349151967e-306,-5.78756798337096e-298,-3.1425265364366e-284,-4.49055985203229e-260,-1.37277990810638e-237,-8.97801130245457e-217,-1.25614041810681e-197,-3.75988914425399e-180,-2.40763528561988e-164,-3.29826212180455e-150,-9.66625935294382e-138,-6.06052892175946e-127,-8.12908044444178e-118,-2.33265828555695e-110,-1.43198883973112e-104,-1.88064555597964e-100,-5.28388763938006e-98,-3.7932319542695e-96,-4.29548076982528e-90,-1.13571235569782e-85,-6.42398450227731e-83,-2.04279579493505e-77,-8.62911527237751e-68,-7.86229167700719e-60,-1.53559069918464e-53,-6.4297340226203e-49,-7.24978089749038e-46,-6.87949406750754e-43,-6.5473941477115e-41,-1.04588868777027e-36,-4.36679692492748e-30,-3.90599202173578e-25,-7.48147111972861e-22,-3.06998689808653e-20,-2.84154197989716e-20,-4.17259025507583e-20,-2.57354112102749e-20,-3.43768114882627e-22,-9.82408965531429e-26,-2.62387362569584e-28,-6.55826889562164e-28,-5.41186590251023e-29,-3.77347124860376e-30,-5.41266156125584e-29,-4.44086778941804e-28,-7.79684684704729e-29,-2.92852524972944e-31,-2.35615216018263e-35,-4.24731097363312e-32,-1.32950950022746e-27,-1.67188411040311e-22,-3.83744475279369e-17,-2.22940271136192e-13,-9.36306435961342e-11,-6.8070363760507e-08,-4.99661036804415e-06,-8.06206143406745e-06,-2.78358305334281e-07,-4.65711977747524e-10,-7.11252923090242e-07,-5.01487037225351e-05,-9.98650378978198e-05,-6.48663114360901e-06,-8.54382496481677e-07,-3.54130829107785e-08,-2.6953288388809e-06,-8.26293274574423e-06,-5.52389961405089e-07,-7.95313693378894e-10,-2.46897278560472e-14,-1.5637679516097e-15,-3.82868683557545e-16,-2.00544473079921e-18,-2.24928788496555e-22,-4.31063654090598e-24,-1.94508383968925e-24,-1.87788214888518e-26,-3.87861926306659e-30,-1.71381829686697e-35,-1.62006041045911e-42,-3.27626541964216e-51,-1.74598866153344e-61,-1.19394549134657e-69,-9.2846830316333e-79,-1.54483389962949e-89,-5.49889522239338e-102,-4.18743337305433e-116,-6.8218031610306e-132,-2.37754785136876e-149,-1.77271188944632e-168,-2.82765133191572e-189,-9.64922403011374e-212,-7.06075570655465e-236,-1.07136122367733e-259,-1.46150222507186e-282,-4.30947565167485e-307,0,0,0,0
0,0,0,0,0,0,0,0,0,0,0,0,0,0,0,0,0,0,0,0,0,0,0,0,0,0,0,0,0,0,0,0,0,0,0,0,0,0,0,0,0,0,0,0,0,0,0,0,0,0,0,0,0,0,0,0,0,0,0,0,0,0,0,0,0,0,0,0,0,0,0,0,0,0,0,0,0,0,0,0,0,0,0,0,0,0,0,0,0,0,0,0,0,0,0,0,0,0,0,0,0,0,0,0,0,0,0,0,0,0,0,0,0,0,0,0,0,0,0,0,0,0,0,0,0,0,0,0,0,0,0,0,0,0,0,0,0,0,0,0,0,0,0,0,0,0,0,0,0,0,0,0,0,-0,-4.56338914022672e-314,-4.71809126915409e-302,-1.04357575234905e-291,-4.93810624812314e-283,-1.65586680817766e-275,-1.65184845509647e-251,-5.04975870517512e-229,-3.30255348741685e-208,-4.6207013766728e-189,-1.38307188388817e-171,-8.85646502447298e-156,-1.21326279348771e-141,-3.55572492179979e-129,-2.22936018366046e-118,-2.99027502493126e-109,-8.58066279534686e-102,-5.26755823453111e-96,-6.91793798231956e-92,-1.94367154324644e-89,-3.35756404697858e-88,-2.70569902087363e-82,-7.15378750848614e-78,-4.04642438725938e-75,-7.40423776461785e-72,-3.0447886550848e-62,-2.76224032660151e-54,-5.38442668475526e-48,-2.25031879359144e-43,-2.27005196332447e-40,-1.20432307691554e-37,-1.12704728438636e-35,-2.35853143143728e-33,-9.51723096915279e-27,-8.52258718065005e-22,-1.63516496424872e-18,-6.72660695255244e-17,-6.23931883301957e-17,-8.89597800182443e-17,-5.48429072090467e-17,-7.32579599152971e-19,-2.09381856766654e-22,-3.77534514139276e-24,-9.46765067165825e-24,-8.93533086273719e-25,-7.57035771661501e-26,-8.19591262886804e-25,-6.72380093377457e-24,-1.18050004060307e-24,-4.43400292966413e-27,-3.56450906767024e-31,-2.29712977408039e-28,-7.0706571672878e-24,-2.50355311059672e-20,-4.09452542588882e-15,-2.17929184247999e-11,-4.8254964340849e-09,-1.00780839581116e-07,-5.95780529642441e-07,-8.61273662853985e-07,-2.9705089500353e-08,-1.47081066697627e-10,-4.07011714530114e-07,-3.54414346253391e-05,-8.1803818552946e-05,-1.29973683970663e-05,-7.20236240801485e-06,-1.34287335170334e-07,-2.52190853155188e-07,-7.90141110407581e-07,-5.32294922230155e-08,-7.68406756380176e-11,-7.98833917771952e-14,-8.87065067076943e-13,-2.17188847153273e-13,-1.13762302388716e-15,-1.28697730002631e-19,-2.57127976522166e-20,-1.1603670015075e-20,-1.12027689186852e-22,-2.31384463402294e-26,-1.02240230560401e-31,-9.66469770154527e-39,-1.95591423656893e-47,-2.47499006333779e-56,-8.68776512577828e-64,-6.75679413383873e-73,-1.12423075618307e-83,-4.00174229596904e-96,-3.04734470548259e-110,-4.96446961483032e-126,-1.73022642068476e-143,-1.29006570598205e-162,-2.05778279531289e-183,-7.02330524352234e-206,-4.18959584770194e-229,-2.36895866870982e-250,-3.26514345598e-273,-9.6278059104115e-298,-4.94065645841247e-324,0,0,0
0,0,0,0,0,0,0,0,0,0,0,0,0,0,0,0,0,0,0,0,0,0,0,0,0,0,0,0,0,0,0,0,0,0,0,0,0,0,0,0,0,0,0,0,0,0,0,0,0,0,0,0,0,0,0,0,0,0,0,0,0,0,0,0,0,0,0,0,0,0,0,0,0,0,0,0,0,0,0,0,0,0,0,0,0,0,0,0,0,0,0,0,0,0,0,0,0,0,0,0,0,0,0,0,0,0,0,0,0,0,0,0,0,0,0,0,0,0,0,0,0,0,0,0,0,0,0,0,0,0,0,0,0,0,0,0,0,0,0,0,0,0,0,0,0,0,0,0,0,-1.97626258336499e-323,-9.09110432286644e-319,-8.72445361227715e-316,-1.7911794393393e-314,-3.15988321478286e-313,-1.48909200258867e-299,-1.53957327771158e-287,-3.40532060515316e-277,-1.61136696778527e-268,-1.6312110261904e-261,-2.32385815555974e-243,-7.10411594616335e-221,-4.6461077177676e-200,-6.50050829137278e-181,-1.94573713293136e-163,-1.24594773889693e-147,-1.70684582399031e-133,-5.00227507726177e-121,-3.13631485287097e-110,-4.2067872403921e-101,-1.20714725102592e-93,-7.41052130131649e-88,-9.73231324584076e-84,-2.73440110298365e-81,-2.17096470613636e-80,-6.51803951059943e-75,-1.72334974219956e-70,-9.74784937313427e-68,-2.24387317138465e-66,-4.14864763961847e-57,-3.72567393189719e-49,-7.23848771074217e-43,-3.01838625474636e-38,-2.86553359770302e-35,-8.19406448912147e-33,-7.42249074302525e-31,-5.43620277284554e-30,-7.94995805074407e-24,-7.1312637890916e-19,-1.3718358154464e-15,-5.6653705242893e-14,-5.27530037425301e-14,-7.25463890190893e-14,-4.46971272889664e-14,-5.97054568784713e-16,-1.70800053297377e-19,-2.0809616638508e-20,-5.23006518520309e-20,-5.80716861672048e-21,-5.82729547375511e-22,-4.74642863227729e-21,-3.89342266713051e-20,-6.83569554383066e-21,-2.56751317440695e-23,-2.06343653264027e-27,-4.7515198566192e-25,-1.46018812012879e-20,-1.17562365065379e-17,-1.73502897960879e-13,-8.54458780205898e-10,-1.37573047018852e-07,-1.86763800605439e-06,-1.20544987721953e-06,-5.27689677047098e-08,-1.21799975758974e-09,-4.58564632116118e-11,-1.62076591637939e-07,-1.75799719716586e-05,-4.52041420650979e-05,-2.96892913671992e-05,-2.33915528734065e-05,-4.31075484402349e-07,-1.29475079338315e-08,-3.03075376077317e-08,-1.97604276597249e-09,-2.87503295190998e-12,-1.68155813664985e-11,-1.92447756829457e-10,-4.71188733141223e-11,-2.46806023415391e-13,-3.04373691220714e-17,-5.86639642881122e-17,-2.64741555483935e-17,-2.55594864919477e-19,-5.2791128037413e-23,-2.33264463233496e-28,-2.20503958160614e-35,-4.85319237798645e-44,-6.65403115385607e-51,-2.4179626815742e-58,-1.88054628438802e-67,-3.1289515370683e-78,-1.1137622470294e-90,-8.48134946177496e-105,-1.38170787243178e-120,-4.8155546352989e-138,-3.59050227066336e-157,-5.72728143616864e-178,-2.99759372600641e-200,-3.14181705926945e-220,-2.02408438174756e-241,-2.78981152737919e-264,-8.22621250078388e-289,-5.18924042019083e-315,0,0,0
0,0,0,0,0,0,0,0,0,0,0,0,0,0,0,0,0,0,0,0,0,0,0,0,0,0,0,0,0,0,0,0,0,0,0,0,0,0,0,0,0,0,0,0,0,0,0,0,0,0,0,0,0,0,0,0,0,0,0,0,0,0,0,0,0,0,0,0,0,0,0,0,0,0,0,0,0,0,0,0,0,0,0,0,0,0,0,0,0,0,0,0,0,0,0,0,0,0,0,0,0,0,0,0,0,0,0,0,0,0,0,0,0,0,0,0,0,0,0,0,0,0,0,0,0,0,0,0,0,0,0,0,0,0,0,0,0,0,0,0,0,0,0,0,0,0,0,-7.2133584292822e-322,-7.05333806700479e-314,-1.47896920436192e-307,-6.63441097040192e-303,-6.36684707200517e-300,-1.30714954174705e-298,-9.58648572067021e-299,-1.85834036341398e-285,-1.92133941988246e-273,-4.24973387804226e-263,-2.01093570531733e-254,-2.03569844161206e-247,-1.25031339996585e-235,-3.82225059989133e-213,-2.49976044107609e-192,-3.4974896108141e-173,-1.04687127571724e-155,-6.70361312851597e-140,-9.18339808071236e-126,-2.69139032348722e-113,-1.68744167724714e-102,-2.26339141628303e-93,-6.49485360212098e-86,-3.98710686923614e-80,-5.23630813788443e-76,-1.47119867496351e-73,-9.32883063533799e-73,-6.00516244445677e-68,-1.58774412050018e-63,-8.98081806093003e-61,-1.09382265777598e-59,-2.2137765655007e-52,-1.93487342130151e-44,-3.73554200822402e-38,-1.55272329306058e-33,-1.42673063290107e-30,-2.19848596378516e-28,-1.87000350539279e-26,-6.5149086680499e-26,-2.55551748941137e-21,-2.29324811318185e-16,-4.42935851561672e-13,-1.84017154620389e-11,-1.72445384111533e-11,-2.26315201314647e-11,-1.39318497797663e-11,-1.86099653326462e-13,-5.35619052395633e-17,-4.38783449842429e-17,-1.105812847398e-16,-1.48622646907288e-17,-1.71965568087868e-18,-1.05129454291933e-17,-8.62219743130013e-17,-1.51380215326832e-17,-5.68589830500221e-20,-4.56912195061061e-24,-3.75881244778223e-22,-1.1547175099331e-17,-7.88252789263216e-15,-4.02636220723512e-12,-1.32282730601996e-08,-1.72435150188466e-06,-1.50836365726345e-05,-8.58903230961564e-06,-1.27547371081977e-07,-5.98624176147223e-11,-5.13089608703999e-10,-9.21045444443645e-08,-5.13274490998254e-06,-1.36543663376465e-05,-3.44862847414633e-05,-2.907346116475e-05,-5.48488591733701e-07,-1.83382980886214e-07,-6.06342068223355e-08,-4.68169114890204e-10,-2.71963005177146e-12,-1.39520073924949e-09,-1.59676105867423e-08,-3.90950683323851e-09,-2.0477780390141e-11,-4.72126391430086e-15,-5.11879116827224e-14,-2.31003502581489e-14,-2.23022446150899e-16,-4.60635508522826e-20,-2.03537896882172e-25,-1.92463911746851e-32,-4.56952673722078e-40,-7.08012416718358e-46,-2.57372353224543e-53,-2.00169122541671e-62,-3.33051898332369e-73,-1.18551095037588e-85,-9.0277190558052e-100,-1.47071766653817e-115,-5.12577326784301e-133,-3.8218065554271e-152,-6.3383161928747e-173,-3.41098479512833e-192,-1.02660524012452e-211,-6.61410237681694e-233,-9.11626967769178e-256,-2.68808021069425e-280,-1.69568856639283e-306,0,0,0
0,0,0,0,0,0,0,0,0,0,0,0,0,0,0,0,0,0,0,0,0,0,0,0,0,0,0,0,0,0,0,0,0,0,0,0,0,0,0,0,0,0,0,0,0,0,0,0,0,0,0,0,0,0,0,0,0,0,0,0,0,0,0,0,0,0,0,0,0,0,0,0,0,0,0,0,0,0,0,0,0,0,0,0,0,0,0,0,0,0,0,0,0,0,0,0,0,0,0,0,0,0,0,0,0,0,0,0,0,0,0,0,0,0,0,0,0,0,0,0,0,0,0,0,0,0,0,0,0,0,0,0,0,0,0,0,0,0,0,0,0,0,0,0,0,-0,-4.38387481118004e-316,-2.00846819776217e-306,-1.96856872848153e-298,-4.12776546137091e-292,-1.85164724048331e-287,-1.77697083645423e-284,-3.64822114980924e-283,-1.62071532638e-283,-8.86949086612354e-272,-9.17017289774603e-260,-2.02831389538869e-249,-9.59779824074034e-241,-9.71598588155282e-234,-4.67692036598714e-228,-7.86498640558356e-206,-5.14371869854352e-185,-7.19673069980424e-166,-2.15413095877791e-148,-1.37939218610257e-132,-1.88965373024238e-118,-5.53803256661332e-106,-3.47222284382254e-95,-4.65734578332259e-86,-1.33643605871809e-78,-8.2042086187586e-73,-1.07746708990371e-68,-3.02726292214118e-66,-1.83671719119114e-65,-2.11595063679697e-61,-5.59444881910978e-57,-3.16440957343562e-54,-3.83000261527803e-53,-4.81093380024915e-48,-3.89588247912165e-40,-7.41635785004261e-34,-3.06705883998224e-29,-2.76648758045437e-26,-2.38264269498997e-24,-1.80244986086175e-22,-5.00353169513602e-22,-3.44751882448248e-19,-2.84612877952146e-14,-5.53019773826382e-11,-2.31795937229461e-09,-2.1936213929847e-09,-2.7012153201339e-09,-1.66077188173611e-09,-2.21856358414478e-11,-6.64799542655737e-15,-3.53854624723818e-14,-8.95163389641693e-14,-1.49599510277255e-14,-1.94434409605522e-15,-8.9058644354048e-15,-7.30254248234291e-14,-1.28210982788177e-14,-4.81565312923203e-17,-3.8696604975351e-21,-1.13720515490229e-19,-3.49322666416276e-15,-2.31688263351757e-12,-1.46490486924733e-10,-8.74793355020044e-08,-9.16651548726959e-06,-5.14217209294525e-05,-2.40917192963718e-05,-3.49624939593135e-07,-1.15866700018567e-10,-1.15186518855491e-08,-1.05044983660399e-06,-4.52424688646228e-06,-2.48379911399338e-06,-1.61432930429007e-05,-1.38871668654735e-05,-5.36597731275613e-07,-3.635783039891e-06,-1.20181419105964e-06,-8.82849981119754e-09,-8.41952636475592e-11,-4.42724421084027e-08,-5.06683444253389e-07,-1.24056281109611e-07,-6.4980067672748e-10,-8.82583693963622e-13,-1.70817955945415e-11,-7.70876344509992e-12,-7.44243003497317e-14,-1.53717718459469e-17,-6.79229805456802e-23,-6.65088992635376e-30,-1.70031896879309e-35,-2.88207741029929e-41,-1.04771765766567e-48,-8.14854099698357e-58,-1.35579707469562e-68,-4.8260114638178e-81,-3.67502937380626e-95,-5.98703902027031e-111,-2.08661441011257e-128,-1.56038954905327e-147,-3.05115148116583e-166,-4.26016994589893e-184,-1.28296695935528e-203,-8.26576234863767e-225,-1.13927656950159e-247,-3.35934204368587e-272,-2.11913240959811e-298,-0,0,0
0,0,0,0,0,0,0,0,0,0,0,0,0,0,0,0,0,0,0,0,0,0,0,0,0,0,0,0,0,0,0,0,0,0,0,0,0,0,0,0,0,0,0,0,0,0,0,0,0,0,0,0,0,0,0,0,0,0,0,0,0,0,0,0,0,0,0,0,0,0,0,0,0,0,0,0,0,0,0,0,0,0,0,0,0,0,0,0,0,0,0,0,0,0,0,0,0,0,0,0,0,0,0,0,0,0,0,0,0,0,0,0,0,0,0,0,0,0,0,0,0,0,0,0,0,0,0,0,0,0,0,0,0,0,0,0,0,0,0,0,0,0,0,0,-0,-2.18502154752457e-312,-4.67933059784509e-301,-2.14383098415902e-291,-2.10124244898074e-283,-4.40596047340367e-277,-1.97644091666677e-272,-1.89673161934182e-269,-3.89409677820167e-268,-1.71069056509424e-268,-1.61898126775581e-258,-1.67386588109862e-246,-3.70235704768824e-236,-1.75192193080575e-227,-1.77349516194638e-220,-3.84082309468273e-215,-6.18937075842556e-199,-4.04786230451506e-178,-5.66348523493861e-159,-1.69519874888368e-141,-1.08551613287521e-125,-1.48706773199804e-111,-4.35816858758927e-99,-2.73247445641348e-88,-3.66510991950157e-79,-1.0517117009278e-71,-6.45632250410678e-66,-8.47915422832359e-62,-2.38231213057178e-59,-1.43424308371176e-58,-2.85151242348698e-55,-7.53882738071156e-51,-4.26421588888122e-48,-5.16040767346511e-47,-4.6854200684049e-44,-3.09701527383779e-36,-5.68781636989997e-30,-2.33068108109361e-25,-2.07637496829236e-22,-1.07799479647958e-20,-6.64872636408512e-19,-1.61339607332982e-18,-7.10955939949297e-17,-1.37515308589956e-12,-2.69378756621226e-09,-1.1432110037599e-07,-1.09698318267532e-07,-1.23390025535508e-07,-7.57184601994035e-08,-1.01206145951109e-09,-3.84821749005845e-13,-1.09137935541864e-11,-2.77561320620964e-11,-5.90684125193535e-12,-8.41906591593662e-13,-2.88557294404831e-12,-2.36537531102803e-11,-4.15289596442653e-12,-1.55984343482926e-14,-1.25340944163999e-18,-1.31582095861383e-17,-4.04180616603052e-13,-2.66213734293049e-10,-6.60512185036112e-09,-4.58500581936625e-07,-2.03073557478531e-05,-7.69077100470227e-05,-2.64318798102406e-05,-3.6871595543193e-07,-1.50510899078388e-10,-1.01382025841229e-07,-8.43621659739576e-06,-2.75794363591865e-05,-3.6610923433723e-06,-2.98728428020062e-06,-3.9089609808372e-06,-2.6803755845303e-06,-2.76382501820532e-05,-9.17797179578221e-06,-6.77312814298522e-08,-1.0153997925941e-09,-5.37279118927924e-07,-6.14898165881211e-06,-1.50551553609279e-06,-7.88591090593637e-09,-1.04230447924031e-10,-2.18006465933603e-09,-9.8383128059217e-10,-9.49841600575277e-12,-1.96185014107414e-15,-8.67226191988797e-21,-4.27752833213013e-27,-2.64290382007432e-31,-4.48692832660274e-37,-1.63115987005095e-44,-1.26862227075144e-53,-2.11080042964933e-64,-7.51347474066847e-77,-5.72154471213278e-91,-9.32104430907161e-107,-3.24930281301887e-124,-2.44041890790043e-142,-1.44643817794445e-158,-2.03614424799209e-176,-6.13192982188228e-196,-3.95061418198312e-217,-5.4451628087464e-240,-1.60559471227789e-264,-1.01283755783732e-290,-1.3668573125021e-318,0,0
0,0,0,0,0,0,0,0,0,0,0,0,0,0,0,0,0,0,0,0,0,0,0,0,0,0,0,0,0,0,0,0,0,0,0,0,0,0,0,0,0,0,0,0,0,0,0,0,0,0,0,0,0,0,0,0,0,0,0,0,0,0,0,0,0,0,0,0,0,0,0,0,0,0,0,0,0,0,0,0,0,0,0,0,0,0,0,0,0,0,0,0,0,0,0,0,0,0,0,0,0,0,0,0,0,0,0,0,0,0,0,0,0,0,0,0,0,0,0,0,0,0,0,0,0,0,0,0,0,0,0,0,0,0,0,0,0,0,0,0,0,0,0,-0,-8.91049465039557e-311,-8.91971565678571e-298,-1.91020076869048e-286,-8.75156714887477e-277,-8.57771182719081e-269,-1.79860535756769e-262,-8.06824582991932e-258,-7.74285578141112e-255,-1.58965187509936e-253,-6.98205308289794e-254,-1.13019832414632e-245,-1.16851284893358e-233,-2.58458687187292e-223,-1.22300317462199e-214,-1.23806328073061e-207,-2.68124753690825e-202,-1.86279486800566e-192,-1.21827114143984e-171,-1.70451958624493e-152,-5.10198110837192e-135,-3.26704040204947e-119,-4.47557637680816e-105,-1.31166294291845e-92,-8.22383396813539e-82,-1.10307547000852e-72,-3.16530037105177e-65,-1.94313707833147e-59,-2.55194175375636e-55,-7.16996251269257e-53,-4.31083722054805e-52,-1.47003329427442e-49,-3.88525918846632e-45,-2.19763408454815e-42,-2.65939611781121e-41,-2.7519801324589e-40,-1.01919015764071e-32,-1.70055189112281e-26,-6.83477740334988e-22,-6.02049002652727e-19,-2.1012069045963e-17,-9.3918059336482e-16,-2.10713117879321e-15,-4.08047550640217e-14,-2.6499798002383e-11,-5.20539386979723e-08,-2.24388786706551e-06,-2.19045363557448e-06,-2.15835160611899e-06,-1.32087033631632e-06,-1.77493341693018e-08,-1.6450691628481e-11,-1.28736747726105e-09,-3.29848117734962e-09,-9.11664642206625e-10,-1.39567875399508e-10,-3.57617237642437e-10,-2.93019719379702e-09,-5.14454127134731e-10,-1.93230878985733e-12,-1.55269600309e-16,-5.82270228830756e-16,-1.78854906793854e-11,-1.17599264906024e-08,-1.96451463929784e-07,-3.28458168203455e-06,-2.32882837847764e-05,-5.12109418143115e-05,-1.15950321555891e-05,-1.49254953727174e-07,-1.59772805793209e-10,-3.43823593254549e-07,-2.66745385260469e-05,-7.56423697570171e-05,-8.86413778556322e-06,-6.53266663321508e-07,-1.12742299043942e-05,-1.16081483627125e-05,-8.04317484005349e-05,-2.68215711573104e-05,-1.98841175920539e-07,-4.69398608975009e-09,-2.49365373558878e-06,-2.85390415219796e-05,-6.98749366662697e-06,-3.66052163947679e-08,-5.0484202822494e-09,-1.064081801212e-07,-4.80205446350262e-08,-4.63624221587079e-10,-9.57798338851303e-14,-4.3416608498862e-19,-2.02508055368583e-23,-1.57291004496021e-27,-2.67157005211886e-33,-9.71222192514613e-41,-7.55360920052765e-50,-1.25680921834011e-60,-4.47366041081274e-73,-3.40671246807618e-87,-5.55001125803181e-103,-3.24064094285186e-120,-4.0182290850356e-135,-2.64393103403486e-151,-3.72185927047391e-169,-1.12085280192954e-188,-7.22131058874282e-210,-9.95318956418387e-233,-2.93485963521271e-257,-1.85136139449973e-283,-2.4984685098169e-311,0,0
0,0,0,0,0,0,0,0,0,0,0,0,0,0,0,0,0,0,0,0,0,0,0,0,0,0,0,0,0,0,0,0,0,0,0,0,0,0,0,0,0,0,0,0,0,0,0,0,0,0,0,0,0,0,0,0,0,0,0,0,0,0,0,0,0,0,0,0,0,0,0,0,0,0,0,0,0,0,0,0,0,0,0,0,0,0,0,0,0,0,0,0,0,0,0,0,0,0,0,0,0,0,0,0,0,0,0,0,0,0,0,0,0,0,0,0,0,0,0,0,0,0,0,0,0,0,0,0,0,0,0,0,0,0,0,0,0,0,0,0,0,0,-0,-2.97787831189392e-311,-1.39112709224991e-296,-1.39256667584679e-283,-2.98224970055901e-272,-1.36631494118018e-262,-1.33917224552584e-254,-2.80802435898255e-248,-1.25963323356887e-243,-1.20883258524796e-240,-2.48180134057774e-239,-1.090050716502e-239,-3.01742995713341e-233,-3.1197229623984e-221,-6.9003905432915e-211,-3.26520250969996e-202,-3.30541033358987e-195,-7.15845744991067e-190,-5.46073313112168e-186,-1.40227089608412e-165,-1.96195899546336e-146,-5.87255066079708e-129,-3.76047261550346e-113,-5.15153788408501e-99,-1.50976785390289e-86,-9.46590755491409e-76,-1.26967670622314e-66,-3.64336644100384e-59,-2.23661567357368e-53,-2.93737018769658e-49,-8.25286631255736e-47,-4.96078337601255e-46,-2.90271723344501e-44,-7.65783311665039e-40,-4.33152961753858e-37,-5.24157079889061e-36,-5.23776160996372e-36,-1.53647802995122e-29,-2.02743327357092e-23,-7.77829641834062e-19,-6.74984421745081e-16,-1.78567027935286e-14,-5.08732467102645e-13,-1.08953257859157e-12,-1.12345288246664e-11,-2.61011694952444e-10,-4.1103928416077e-07,-1.79952332453047e-05,-1.78602720339736e-05,-1.4476680292703e-05,-8.85027217739399e-06,-1.24929891170795e-07,-5.55457315384101e-10,-5.80774300764328e-08,-1.50358411735847e-07,-5.47912785067355e-08,-8.85883537103531e-09,-1.69579952322438e-08,-1.38826560591128e-07,-2.43732039752445e-08,-9.15465118858628e-11,-7.35615680711533e-15,-9.8542213330684e-15,-3.02689756001265e-10,-1.98937563558871e-07,-2.92810320805061e-06,-1.38531468343033e-05,-3.2925773978487e-05,-1.5774279351319e-05,-2.10835598147758e-06,-2.32869986133537e-08,-1.55522984992555e-10,-4.48388018486858e-07,-3.29347821867211e-05,-8.16139258988095e-05,-8.61972342238752e-06,-1.31706405650397e-06,-3.37762759752912e-05,-2.49636896594173e-05,-8.96648400268458e-05,-2.99951132842922e-05,-2.2340042779506e-07,-8.31094105935395e-09,-4.42631212984917e-06,-5.06576770712585e-05,-1.24030163200242e-05,-6.5061800912642e-08,-9.41697698967221e-08,-1.98633129546359e-06,-8.96431375794629e-07,-8.65754733274104e-09,-1.79588440975474e-12,-2.5983182039719e-17,-4.55731318741001e-20,-3.58089502868127e-24,-6.08353401962509e-30,-2.21161956245643e-37,-1.7200710893766e-46,-2.86194473532443e-57,-1.01872015854991e-69,-7.75760914757608e-84,-1.32732144150313e-99,-9.13686937603737e-114,-2.80892548433988e-128,-1.8482947515163e-144,-2.60184281395027e-162,-7.8355536742925e-182,-5.04820674217172e-203,-6.95798332540266e-226,-2.05167441778568e-250,-1.29423253010062e-276,-1.74660616260214e-304,0,0
0,0,0,0,0,0,0,0,0,0,0,0,0,0,0,0,0,0,0,0,0,0,0,0,0,0,0,0,0,0,0,0,0,0,0,0,0,0,0,0,0,0,0,0,0,0,0,0,0,0,0,0,0,0,0,0,0,0,0,0,0,0,0,0,0,0,0,0,0,0,0,0,0,0,0,0,0,0,0,0,0,0,0,0,0,0,0,0,0,0,0,0,0,0,0,0,0,0,0,0,0,0,0,0,0,0,0,0,0,0,0,0,0,0,0,0,0,0,0,0,0,0,0,0,0,0,0,0,0,0,0,0,0,0,0,0,0,-0,-0,-0,-0,-3.45845952088873e-323,-2.77322975990374e-310,-1.82249235329899e-297,-8.30618495400035e-283,-8.31477857989225e-270,-1.78065053256743e-258,-8.15803394065653e-249,-7.99596952511425e-241,-1.67662354676315e-234,-7.52105562379166e-230,-7.2177335999167e-227,-1.481841335418e-225,-6.50850691417603e-226,-3.08098455959389e-221,-3.18543148925896e-209,-7.04572860786556e-199,-3.33397516977259e-190,-3.37502986273002e-183,-7.30923099592645e-178,-3.38645012811569e-174,-6.17291137777742e-160,-8.63669580040987e-141,-2.58514203223788e-123,-1.65538897704847e-107,-2.26774660444163e-93,-6.64611422823154e-81,-4.16696531972183e-70,-5.58921452735243e-61,-1.60383793297112e-53,-9.84575424086771e-48,-1.29305295157406e-43,-3.63297523378393e-41,-2.18368950295855e-40,-2.21133693091436e-39,-5.77246768424494e-35,-3.26510323357903e-32,-3.95106165655713e-31,-2.12533699380043e-31,-1.20542892256584e-26,-1.01830770738792e-20,-3.47559286502002e-16,-2.93606106403548e-13,-6.51825990087682e-12,-1.0597615233549e-10,-2.19691834742141e-10,-1.19314636168493e-09,-6.53073976176444e-09,-1.38743169376185e-06,-6.11670975756264e-05,-6.1165681301429e-05,-3.74226699948854e-05,-2.36019935794647e-05,-4.78483636710372e-07,-9.26349619808878e-09,-1.00205989584149e-06,-2.63202034698877e-06,-1.27765513584196e-06,-2.15760529596417e-07,-3.08426150222465e-07,-2.51590545736587e-06,-4.41625242705318e-07,-1.65873589757028e-09,-1.33289299051472e-13,-6.37810212196872e-14,-1.95913819159951e-09,-1.2875129248628e-06,-1.83342896570897e-05,-2.65434235332055e-05,-4.49288719385154e-05,-3.75008592029174e-06,-1.67819191786721e-07,-1.41262368514855e-09,-7.5277798198737e-11,-2.24531038054232e-07,-1.58178884407499e-05,-3.46675392283943e-05,-3.25100619587397e-06,-1.62532407648967e-06,-3.94893081522593e-05,-2.46773654783716e-05,-3.83613070154615e-05,-1.28528805587264e-05,-9.84816342458097e-08,-5.64054011410869e-09,-3.00481421969942e-06,-3.43891040465245e-05,-8.41982191165467e-06,-4.47843124008072e-08,-6.72246118777723e-07,-1.41814205616912e-05,-6.40327925859188e-06,-6.21667168190512e-08,-1.42573973058301e-11,-1.32550941426612e-14,-3.9481557910984e-17,-3.11815784851866e-21,-5.2980518117029e-27,-1.9260696089083e-34,-1.49798678981066e-43,-2.49242920284045e-54,-8.87189774004035e-67,-6.78125963076386e-81,-1.70927109866558e-94,-2.44162455089414e-107,-7.50984586512473e-122,-4.94153687480206e-138,-6.95619689285447e-156,-2.09488651007914e-175,-1.34967108182328e-196,-1.86026233903102e-219,-5.48528571120058e-244,-3.46021529672976e-270,-4.66966578753986e-298,-0,0
0,0,0,0,0,0,0,0,0,0,0,0,0,0,0,0,0,0,0,0,0,0,0,0,0,0,0,0,0,0,0,0,0,0,0,0,0,0,0,0,0,0,0,0,0,0,0,0,0,0,0,0,0,0,0,0,0,0,0,0,0,0,0,0,0,0,0,0,0,0,0,0,0,0,0,0,0,0,0,0,0,0,0,0,0,0,0,0,0,0,0,0,0,0,0,0,0,0,0,0,0,0,0,0,0,0,0,0,0,0,0,0,0,0,0,0,0,0,0,0,0,0,0,0,0,0,0,0,0,0,0,0,0,0,-0,-3.36804550769978e-320,-8.84036871014109e-315,-4.96397189942406e-311,-5.96303087918246e-309,-1.53244046344849e-308,-8.4251758041902e-310,-1.30210611214797e-308,-1.03494679662566e-295,-5.81804047533735e-284,-1.8967386844867e-269,-1.89869445049516e-256,-4.06614710371295e-245,-1.86290153362992e-235,-1.82589383662146e-227,-3.82859963479621e-221,-1.71744640412107e-216,-1.64818228146951e-213,-3.38381099714376e-212,-1.48622910723159e-212,-1.20314069927931e-209,-1.24391358385753e-197,-2.75136274412119e-187,-1.30192001174961e-178,-1.3179519026954e-171,-2.85426064068342e-166,-1.32241115702093e-162,-1.03926007788794e-154,-1.4540382889972e-135,-4.35223025446948e-118,-2.78693863345279e-102,-3.81787633594643e-88,-1.11890993745252e-75,-7.0153156294372e-65,-9.40975050611081e-56,-2.70014949818681e-48,-1.65758695602449e-42,-2.17692586422883e-38,-6.1163139072569e-36,-3.67633690583133e-35,-6.76678655817557e-35,-1.66412849699128e-30,-9.41287564426359e-28,-1.13903713824652e-26,-4.34824795388847e-27,-6.16570827994878e-24,-2.39196336203623e-18,-6.26367660947033e-14,-4.98912895062512e-11,-9.93368786613849e-10,-8.54131752310882e-09,-1.71217687350259e-08,-4.86503985354458e-08,-2.37263794418444e-07,-2.11914154212491e-06,-9.14464878330517e-05,-9.0415514396877e-05,-3.84995482520673e-05,-3.26226781248769e-05,-1.95762552443347e-06,-6.25983437669197e-08,-6.61252255851172e-06,-1.77195782222906e-05,-1.15273702246441e-05,-2.04770747608167e-06,-2.19389592303855e-06,-1.74631887120709e-05,-3.06065693636424e-06,-1.14944367543917e-08,-9.2742606294197e-13,-1.58084409989253e-13,-4.84958289788357e-09,-3.18760713986212e-06,-4.53010666458327e-05,-3.01908765135182e-05,-3.00418414624805e-05,-2.15511891315432e-06,-1.45946920124229e-08,-3.53821471957005e-11,-1.44772095676861e-11,-4.31458509894955e-08,-2.94696792796568e-06,-5.80435217307397e-06,-5.02946314020558e-07,-2.55443317471784e-06,-2.03939228245301e-05,-1.03685107869072e-05,-6.41832234478433e-06,-2.63368999081002e-06,-9.388104428283e-08,-1.70800480631414e-09,-7.8012272146842e-07,-8.92824610957127e-06,-2.18599017238374e-06,-1.33115274776846e-08,-1.83559271916182e-06,-3.87535723404259e-05,-1.76412812040216e-05,-1.86190027136863e-07,-2.00610731506457e-10,-3.97881986991502e-12,-1.31136009216636e-14,-1.03848507677174e-18,-1.76460208924137e-24,-6.41509735750074e-32,-4.98929603469206e-41,-8.30145320262338e-52,-2.95575648880244e-64,-2.80889356922791e-77,-1.73646823876372e-88,-2.4965445905231e-101,-7.678767813775e-116,-5.05268882829787e-132,-7.11266539509008e-150,-2.14200762519928e-169,-1.38002977004573e-190,-1.90210595939383e-213,-5.60866842344751e-238,-3.53804729531393e-264,-4.77504560326109e-292,-9.74099827340602e-320,0
0,0,0,0,0,0,0,0,0,0,0,0,0,0,0,0,0,0,0,0,0,0,0,0,0,0,0,0,0,0,0,0,0,0,0,0,0,0,0,0,0,0,0,0,0,0,0,0,0,0,0,0,0,0,0,0,0,0,0,0,0,0,0,0,0,0,0,0,0,0,0,0,0,0,0,0,0,0,0,0,0,0,0,0,0,0,0,0,0,0,0,0,0,0,0,0,0,0,0,0,0,0,0,0,0,0,0,0,0,0,0,0,0,0,0,0,0,0,0,0,0,0,0,0,0,0,0,0,0,0,0,0,0,-2.44809527514338e-320,-1.40386679802708e-311,-1.72237304958257e-304,-4.52071728664984e-299,-2.53843638266313e-295,-3.04932720034491e-293,-7.83647189286952e-293,-4.30839924661371e-294,-1.86397137342214e-294,-1.47754739860708e-281,-2.87032115906769e-270,-1.65655320209123e-256,-1.65817046816059e-243,-3.5510532177565e-232,-1.6269117463356e-222,-1.59459213315092e-214,-3.34359793334262e-208,-1.49988267126593e-203,-1.43939283178318e-200,-2.95515450454618e-199,-1.29795566142969e-199,-1.79803318087053e-198,-1.85772683311224e-186,-4.10903173959122e-176,-1.94435672363411e-167,-1.96829960389676e-160,-4.26270494164917e-155,-1.97495929193571e-151,-2.62680679239837e-149,-9.36233690837379e-131,-2.80227336123488e-113,-1.79442232188436e-97,-2.4582096564614e-83,-7.20430626371676e-71,-4.51693922740265e-60,-6.05863989210546e-51,-1.73854061814701e-43,-1.06726766537428e-37,-1.40165351589168e-33,-3.93810052668828e-31,-2.36707400954289e-30,-9.98324971273101e-31,-1.83477168451659e-26,-1.03780961387954e-23,-1.25583654334174e-22,-3.93478879894198e-23,-7.5503760577506e-21,-2.90294287440029e-16,-4.83460783056907e-12,-3.35820428836976e-09,-6.16980700380963e-08,-2.69693346287367e-07,-5.13353597435542e-07,-7.64457449527509e-07,-3.65722866447604e-06,-1.83001403149561e-06,-6.11132084474679e-05,-5.85156531824487e-05,-1.96324190194916e-05,-4.6653424567976e-05,-6.21183293776436e-06,-1.82712042938556e-07,-1.6691075655895e-05,-4.59713463740436e-05,-4.0261549808599e-05,-8.32377771061464e-06,-7.03851166953622e-06,-4.69430915238037e-05,-8.12166504810646e-06,-3.04688150617778e-08,-4.32568617659507e-12,-2.49676338001181e-13,-4.59120507728575e-09,-3.02139691021937e-06,-4.45923005736756e-05,-3.85339290325487e-05,-2.56469209665339e-05,-6.37876348004375e-06,-5.52111627267575e-08,-1.12317284564794e-11,-1.90252002418675e-12,-4.01337602066064e-09,-3.06757521792696e-07,-6.11305863818803e-07,-1.92063658155148e-07,-1.10834679797147e-05,-1.9820364298487e-05,-2.29747914346515e-06,-1.80383420567267e-06,-6.65198465848032e-06,-9.47337498570453e-07,-3.13903557152741e-09,-7.74602781676123e-08,-8.86504914280763e-07,-2.17051742001701e-07,-3.08087128379661e-09,-1.91934312545144e-06,-4.10411044192508e-05,-2.11252771266754e-05,-5.03193762386916e-07,-1.05869405765017e-08,-4.79235705736891e-10,-1.66795901980871e-12,-1.32277461246355e-16,-2.24774691374246e-22,-8.17154609667068e-30,-6.35536159554224e-39,-1.05746039254006e-49,-6.98050906039011e-62,-1.01044777053405e-71,-6.79041226202326e-83,-9.7626909594495e-96,-3.00276780169118e-110,-1.97584452265375e-126,-2.78139450892962e-144,-8.37628078347033e-164,-5.39658062252503e-185,-7.43814980318493e-208,-2.19325930420467e-232,-1.38355455400385e-258,-1.20335408214297e-285,-2.84498675757402e-309,0
0,0,0,0,0,0,0,0,0,0,0,0,0,0,0,0,0,0,0,0,0,0,0,0,0,0,0,0,0,0,0,0,0,0,0,0,0,0,0,0,0,0,0,0,0,0,0,0,0,0,0,0,0,0,0,0,0,0,0,0,0,0,0,0,0,0,0,0,0,0,0,0,0,0,0,0,0,0,0,0,0,0,0,0,0,0,0,0,0,0,0,0,0,0,0,0,0,0,0,0,0,0,0,0,0,0,0,0,0,0,0,0,0,0,0,0,0,0,0,0,0,0,0,0,0,0,0,0,0,0,0,-0,-1.78593793840409e-315,-4.78751408393305e-305,-2.74557033941678e-296,-3.3684793778083e-289,-8.84125709971604e-284,-4.96447073933974e-280,-5.96363011662445e-278,-1.53259446159506e-277,-8.42602246772286e-279,-1.11411548353085e-280,-8.06764736370032e-268,-1.38487902158494e-256,-5.53769612074519e-244,-5.53825539577101e-231,-1.18604448265452e-219,-5.43385182416797e-210,-5.32590497981391e-202,-1.11675484366626e-195,-5.00957732197452e-191,-4.8075425002595e-188,-9.87015536115876e-187,-4.33514525568617e-187,-1.06701093337256e-187,-1.06106795788064e-175,-2.34693381130236e-165,-1.11054789184567e-156,-1.12422321946287e-149,-2.43470651705314e-144,-1.12802699807097e-140,-1.1180757874935e-138,-2.30619866151416e-126,-6.90077305029671e-109,-4.41869762889879e-93,-6.0532144524755e-79,-1.77402182190089e-66,-1.11227196033982e-55,-1.49190742296852e-46,-4.28106257135037e-39,-2.62808910344041e-33,-3.45149623786637e-29,-9.69736029549334e-27,-5.82879102577859e-26,-1.04212897592067e-26,-7.73655059901277e-23,-4.37606432810846e-20,-5.29542326096855e-19,-1.4986527479164e-19,-1.25248287333107e-17,-1.7974552553434e-14,-1.76852636415273e-10,-9.22889720110562e-08,-1.54455108923884e-06,-3.42009274809186e-06,-5.91438249168869e-06,-4.68723228986989e-06,-2.16847055892903e-05,-2.93087580623568e-06,-1.79741838357445e-05,-1.64955437209571e-05,-1.03337564994424e-05,-5.83576861033438e-05,-1.14064433192876e-05,-6.15666945658726e-07,-1.62122364850778e-05,-4.61105252917928e-05,-5.5594906521797e-05,-2.09826794381805e-05,-1.78282930466661e-05,-5.37964088618638e-05,-8.36168749424631e-06,-3.11321227132925e-08,-3.56399326933392e-10,-1.89407488981397e-11,-1.66266808234539e-09,-1.10224192935929e-06,-2.01311658176798e-05,-5.58127721696399e-05,-5.06995577946899e-05,-1.67085388235514e-05,-1.50389623246564e-07,-9.33071883309178e-11,-1.52629814181443e-10,-1.27015089784711e-08,-1.43240856953866e-06,-3.46391628887308e-06,-5.18990220232735e-07,-2.4368238782219e-05,-3.7593962878841e-05,-1.80517748310193e-06,-1.01194609515683e-05,-3.12102852315189e-05,-4.39299138534661e-06,-1.39830414842047e-08,-2.94248727896721e-09,-3.36640097423466e-08,-8.24230678487043e-09,-8.21159292935322e-10,-7.83565642181097e-07,-2.01410760167641e-05,-2.61691745343075e-05,-2.94127428374855e-06,-3.19141912533134e-07,-2.26398804635852e-08,-8.11930014462965e-11,-6.44389420951853e-15,-1.09500955303231e-20,-3.98084185143027e-28,-3.09607611328327e-37,-5.47900996600288e-48,-4.81228343136118e-57,-1.51112875929717e-66,-1.01553771875171e-77,-1.46005581547704e-90,-4.49077883300496e-105,-2.95496733202143e-121,-4.15970478300233e-139,-1.25271172884376e-158,-8.07083718448225e-180,-1.11240987978148e-202,-3.28012268461915e-227,-2.94971940031622e-253,-1.15184621958436e-275,-3.22334151294411e-299,-0
0,0,0,0,0,0,0,0,0,0,0,0,0,0,0,0,0,0,0,0,0,0,0,0,0,0,0,0,0,0,0,0,0,0,0,0,0,0,0,0,0,0,0,0,0,0,0,0,0,0,0,0,0,0,0,0,0,0,0,0,0,0,0,0,0,0,0,0,0,0,0,0,0,0,0,0,0,0,0,0,0,0,0,0,0,0,0,0,0,0,0,0,0,0,0,0,0,0,0,0,0,0,0,0,0,0,0,0,0,0,0,0,0,0,0,0,0,0,0,0,0,0,0,0,0,0,0,0,0,0,-0,-1.06605066165638e-312,-1.33580399166531e-300,-3.58085254984963e-290,-2.05356733752213e-281,-2.51947623707671e-274,-6.61287621808635e-269,-3.71320844053045e-265,-4.46053624805866e-263,-1.14631407646525e-262,-6.30229875247666e-264,-9.53224301418397e-267,-1.68471227404287e-254,-2.86767878925237e-243,-7.17338506767106e-232,-7.07435027401989e-219,-1.5150064310742e-207,-6.94098794717645e-198,-6.80310090685175e-190,-1.42649857976671e-183,-6.39903643629398e-179,-6.14096512559007e-176,-1.26077470669807e-174,-5.53754352210103e-175,-7.44505369459198e-177,-2.31779087017705e-165,-5.12662899708293e-155,-2.42587455920879e-146,-2.4557468678224e-139,-5.3183592010998e-134,-2.46405582038718e-130,-2.44231809120163e-128,-2.18119383772384e-122,-6.50274235457338e-105,-4.16167017761361e-89,-5.70069354845205e-75,-1.67069096974919e-62,-1.04748431311213e-51,-1.40500647273948e-42,-4.03169818578732e-35,-2.47500751312456e-29,-3.25045262187361e-25,-9.13250603164087e-23,-5.48927397367471e-22,-7.53047462874951e-23,-1.24762556539658e-19,-7.05704295493603e-17,-8.53977065976825e-16,-2.30218157964576e-16,-8.90635247534348e-15,-6.69963975189647e-13,-3.3131977224682e-09,-1.10332877444759e-06,-1.56785421284779e-05,-1.82160383876822e-05,-2.63675105830538e-05,-1.20822479240756e-05,-4.99374676497428e-05,-8.66893520718197e-06,-2.65498225024014e-06,-2.34015931767763e-06,-1.25762194116349e-05,-5.86300078217337e-05,-2.7329084154897e-05,-4.67851978264403e-06,-7.93836808428361e-06,-1.85993930919217e-05,-3.64730535356292e-05,-4.6247634113337e-05,-4.67681257866569e-05,-4.73662705770659e-05,-4.06395947339441e-06,-2.31713601387255e-08,-2.5511243842286e-08,-1.36135739823589e-09,-2.32091230231404e-10,-1.59696322639163e-07,-6.17996859342913e-06,-4.42924138396561e-05,-5.04116629275242e-05,-1.7482998037224e-05,-1.57709884144541e-07,-5.49953380256662e-09,-1.28050428419308e-08,-7.30574392440694e-08,-8.19610289085163e-06,-1.9845847015323e-05,-1.31642497378539e-06,-2.06896941857763e-05,-3.17698399416672e-05,-3.2116159101802e-06,-3.5105568838522e-05,-6.01118177486444e-05,-7.95668252507512e-06,-2.99232566602879e-08,-4.95899786922742e-11,-4.8890039162829e-10,-1.19704823732142e-10,-1.23600744633462e-10,-1.62308606697641e-07,-1.24443876624517e-05,-4.90401982423102e-05,-1.4545078523842e-05,-4.21918777560832e-06,-4.1485673696343e-07,-1.51209978771381e-09,-1.20056172214993e-13,-2.0401316841358e-19,-7.41677950979683e-27,-5.79564654786181e-36,-1.88337651039188e-44,-2.75141028722137e-52,-8.64313080686501e-62,-5.80852251640031e-73,-8.35101141278108e-86,-2.56856928955645e-100,-1.69013853118239e-116,-2.37920644872105e-134,-7.16507535784329e-154,-4.61623814133469e-175,-6.36259780082042e-198,-1.93851747129315e-222,-3.8156515813096e-244,-4.99101994107621e-266,-1.39669692838958e-289,-8.3616860946225e-315
0,0,0,0,0,0,0,0,0,0,0,0,0,0,0,0,0,0,0,0,0,0,0,0,0,0,0,0,0,0,0,0,0,0,0,0,0,0,0,0,0,0,0,0,0,0,0,0,0,0,0,0,0,0,0,0,0,0,0,0,0,0,0,0,0,0,0,0,0,0,0,0,0,0,0,0,0,0,0,0,0,0,0,0,0,0,0,0,0,0,0,0,0,0,0,0,0,0,0,0,0,0,0,0,0,0,0,0,0,0,0,0,0,0,0,0,0,0,0,0,0,0,0,0,0,0,0,0,0,-0,-5.20640365610958e-312,-3.04946687279917e-298,-3.82110360009391e-286,-1.02431259788181e-275,-5.87428514617452e-267,-7.20703020795955e-260,-1.89163120349721e-254,-1.06217335990451e-250,-1.27594850907413e-248,-3.27906255090503e-248,-1.80278967589652e-249,-2.13733505244148e-252,-1.34547670277832e-241,-2.28859948273756e-230,-4.2946096938826e-220,-3.45597707789728e-207,-7.40112394704334e-196,-3.39081808804518e-186,-3.32345737887797e-178,-6.96874454134595e-172,-3.12606341624174e-167,-2.99999017205808e-164,-6.15914868741482e-163,-2.70520607166788e-163,-2.56063034715483e-165,-1.93631048835452e-155,-4.28284778608847e-145,-2.02660490765898e-136,-2.05156059508722e-129,-4.44302151433507e-124,-2.05850199441954e-120,-2.04034203289878e-118,-5.15502172326367e-118,-2.36018277662141e-101,-1.50053501641891e-85,-2.0535266822384e-71,-6.01743802289574e-59,-3.77272355391657e-48,-5.06039768470837e-39,-1.45209214878572e-31,-8.91420594543981e-26,-1.17071175569896e-21,-3.28924412685632e-19,-1.97706546179482e-18,-2.57139099641003e-19,-7.69482127800166e-17,-4.35254751351705e-14,-5.26732957750364e-13,-1.38879936078937e-13,-2.43438013550309e-12,-5.61757158682675e-11,-3.05435155609748e-08,-6.34105277052551e-06,-6.68565472909361e-05,-4.36833209487609e-05,-4.78931261186158e-05,-2.03964135552693e-05,-5.1302787379833e-05,-2.69629219580103e-05,-3.311575647141e-06,-1.95533294265264e-06,-3.4677425389371e-05,-9.20125119523686e-05,-6.90428600382755e-05,-2.33954897118198e-05,-1.57768607351436e-05,-9.12272664097147e-06,-3.3244978475812e-05,-7.10121144593586e-05,-8.53865824028984e-05,-6.46468708007635e-05,-3.126077466635e-06,-2.87612760330035e-07,-7.03234172577468e-07,-3.75279425961918e-08,-5.51597372158989e-11,-1.0753971011177e-08,-1.42935545805621e-06,-1.43683477748859e-05,-1.95112941963574e-05,-7.00714925413956e-06,-6.48580509698592e-08,-1.78132743335087e-07,-4.16597074893986e-07,-1.80009733830926e-07,-1.80235935597862e-05,-4.37003736827192e-05,-2.36551341625692e-06,-6.72197992734727e-06,-1.03223815908554e-05,-4.22368897667925e-06,-5.48652105682446e-05,-5.09198136281513e-05,-8.02531016041919e-06,-1.24988000030209e-07,-1.34205160344473e-10,-2.72042235288891e-12,-6.65013552082485e-13,-1.11542929930487e-11,-5.019455889794e-08,-9.67951521836992e-06,-4.87711506116352e-05,-4.24794857203153e-05,-2.3743643512043e-05,-2.92984789849762e-06,-1.07719944805257e-08,-8.55445437583169e-13,-1.45367810109607e-18,-5.28662309801655e-26,-6.38273922438976e-34,-4.09881553793533e-40,-6.01858812221947e-48,-1.89064681162017e-57,-1.27058872778007e-68,-1.82674698027623e-81,-5.61863223678868e-96,-3.69710362677608e-112,-5.20440935951032e-130,-1.56732868956535e-149,-1.00978177270602e-170,-1.39540838036455e-193,-1.03451754760298e-214,-6.32296531478767e-235,-8.27093987517894e-257,-2.31455623405824e-280,-1.38566873594954e-305
0,0,0,0,0,0,0,0,0,0,0,0,0,0,0,0,0,0,0,0,0,0,0,0,0,0,0,0,0,0,0,0,0,0,0,0,0,0,0,0,0,0,0,0,0,0,0,0,0,0,0,0,0,0,0,0,0,0,0,0,0,0,0,0,0,0,0,0,0,0,0,0,0,0,0,0,0,0,0,0,0,0,0,0,0,0,0,0,0,0,0,0,0,0,0,0,0,0,0,0,0,0,0,0,0,0,0,0,0,0,0,0,0,0,0,0,0,0,0,0,0,0,0,0,0,0,0,0,0,-2.08305640362538e-313,-5.69578549102504e-298,-3.33610489790036e-284,-4.18027247626782e-272,-1.12059399800466e-261,-6.42644510180146e-253,-7.8844630156639e-246,-2.06943717910017e-240,-1.1620135243974e-236,-1.39588270610754e-234,-3.58728167673089e-234,-1.97224489345537e-235,-2.32023407078013e-238,-4.10957987205574e-229,-6.98910689813008e-218,-3.20474503712594e-208,-6.45712782713118e-196,-1.38277201482014e-184,-6.33515717625563e-175,-6.20930534079602e-167,-1.30198939737355e-160,-5.84050885968938e-156,-5.60496280652911e-153,-1.15073041353191e-151,-5.05420969605818e-152,-4.74970291096455e-154,-6.18650616548415e-146,-1.36836857486335e-135,-6.47499656259579e-127,-6.55472990859944e-120,-1.41954403268916e-114,-6.57690765851317e-111,-6.51888663627098e-109,-1.38230532577531e-108,-3.56998331332894e-98,-2.09565810474417e-82,-2.83417294466691e-68,-8.29100623393565e-56,-5.19693977550914e-45,-6.97048282874831e-36,-2.00018585596261e-28,-1.22788742654085e-22,-1.6125969401922e-18,-4.53076946487269e-16,-2.72330909415044e-15,-3.50874080871134e-16,-1.81516494337322e-14,-1.02677876999195e-11,-1.24281977683555e-10,-3.24556149114127e-11,-2.54584318679076e-10,-5.32990144000071e-09,-1.26795905819741e-07,-1.8840457856895e-05,-0.000132095212135877,-5.30534624383288e-05,-4.80677889313121e-05,-4.19697428828532e-05,-5.39550112196189e-05,-6.50340491506789e-05,-1.4390056030946e-05,-6.67749755577446e-06,-5.63017653250867e-05,-0.000135799483562613,-0.000100751197515122,-5.8686948108619e-05,-4.33871236006973e-05,-2.67821218550661e-05,-7.05723236300044e-05,-0.000103383278865516,-0.000112434682404155,-6.98228524332844e-05,-4.38493157125613e-06,-2.98800421302417e-06,-7.41403442515723e-06,-3.95648436757598e-07,-4.53967970407024e-10,-5.10117654251321e-10,-1.65869118670997e-07,-1.80565832078496e-06,-2.90591115019209e-06,-1.07424186635868e-06,-3.10203878269161e-08,-2.22055815692702e-06,-5.18842515367229e-06,-3.94363494453096e-07,-1.54447763481739e-05,-3.86140007792554e-05,-2.1768482509338e-06,-8.375367054842e-07,-1.28584574455538e-06,-2.71853847902961e-06,-3.58219190806487e-05,-2.99836493574195e-05,-2.08828680487539e-05,-9.65895425419225e-07,-1.48525147215949e-09,-8.12872790054556e-14,-1.67260294293558e-15,-2.13497529609111e-12,-1.61600757192193e-08,-3.49723237426513e-06,-2.20967516322414e-05,-5.9297854394425e-05,-5.56894922463707e-05,-7.94641311170047e-06,-2.93512105015419e-08,-2.33115371670774e-12,-3.96149761769045e-18,-2.99728700138825e-25,-4.9959518388854e-30,-3.42899358432156e-36,-5.0350483666732e-44,-1.58168293762222e-53,-1.06295290014176e-64,-1.52822542667041e-77,-4.70045208278116e-92,-3.09293395841261e-108,-4.35392027637625e-126,-1.31120050193612e-145,-8.44937883218068e-167,-2.30475067347504e-187,-6.55391502837872e-206,-4.00733878883359e-226,-5.24191681361456e-248,-1.46690840732339e-271,-8.78202520474445e-297
0,0,0,0,0,0,0,0,0,0,0,0,0,0,0,0,0,0,0,0,0,0,0,0,0,0,0,0,0,0,0,0,0,0,0,0,0,0,0,0,0,0,0,0,0,0,0,0,0,0,0,0,0,0,0,0,0,0,0,0,0,0,0,0,0,0,0,0,0,0,0,0,0,0,0,0,0,0,0,0,0,0,0,0,0,0,0,0,0,0,0,0,0,0,0,0,0,0,0,0,0,0,0,0,0,0,0,0,0,0,0,0,0,0,0,0,0,0,0,0,0,0,0,0,0,0,0,-0,-6.86462202221844e-314,-8.88612321019481e-300,-2.38308362002964e-284,-1.39580637612025e-270,-1.74900105207076e-258,-4.68849839952044e-248,-2.68878627121473e-239,-3.29881226348214e-232,-8.65840163288115e-227,-4.86179522562158e-223,-5.84028992227154e-221,-1.50089724109996e-220,-8.25175491113999e-222,-9.70561796480746e-225,-4.80052804498489e-217,-8.16356167810816e-206,-3.02752525004897e-196,-4.61632135496641e-185,-9.88036974268379e-174,-4.52668213702324e-164,-4.4367567824025e-156,-9.30315063016803e-150,-4.1732393357526e-145,-4.00493378600604e-142,-8.22235449336113e-141,-3.6114022290607e-141,-3.3934016842304e-143,-7.5593700287292e-137,-1.67202684608492e-126,-7.91188008833729e-118,-8.00930727096576e-111,-1.73455878442178e-105,-8.03640654372216e-102,-7.96550992375586e-100,-1.68905610610068e-99,-4.03044748056106e-95,-1.29774607136013e-79,-1.53039984736494e-65,-4.38310983329738e-53,-2.73910633249276e-42,-3.67230519775358e-33,-1.05370774457435e-25,-6.46851678003923e-20,-8.49515871316221e-16,-2.38680881646804e-13,-1.43463960701205e-12,-1.84541092099595e-13,-1.63817109120425e-12,-9.2668754147997e-10,-1.12244714940357e-08,-2.92294858734073e-09,-1.01874573904857e-08,-2.12179784478597e-07,-3.04946602902928e-07,-2.83610499018266e-05,-0.000144830632999718,-4.37551501542857e-05,-5.52565858702083e-05,-5.85573629870935e-05,-8.52428149392057e-05,-9.20738155413701e-05,-4.19721567802253e-05,-2.5035508357173e-05,-4.20126054371958e-05,-0.000132942498904631,-0.000103424960345049,-7.54181964308973e-05,-5.15816446358555e-05,-5.8483912579609e-05,-0.000105855716365179,-0.000163454576942085,-0.000102068856652468,-4.90068233722973e-05,-9.012757378027e-06,-1.20666402327936e-05,-2.9893721894983e-05,-1.59527092965111e-06,-2.12824152074026e-09,-1.08122923434658e-09,-7.89452144632504e-09,-8.72051931707046e-08,-1.66339298402567e-07,-6.36499146586856e-08,-1.53085954789828e-07,-1.06945367644097e-05,-2.47218403839644e-05,-1.28759071556092e-06,-7.24428524420395e-06,-2.68351279066533e-05,-2.64943028691821e-06,-4.62326234445528e-08,-6.20496577538273e-08,-7.08429170897437e-07,-9.59912122877386e-06,-3.33244069905326e-05,-6.05661804707316e-05,-3.78942901470285e-06,-7.01862462329536e-09,-5.0946591602451e-12,-1.09009288864706e-13,-2.48701562840783e-11,-1.16483093627224e-08,-5.76527298871122e-07,-6.42271159901083e-06,-3.88876400675148e-05,-5.34371615409343e-05,-8.2616718470527e-06,-3.05878925638346e-08,-2.42952084806008e-12,-4.46075545950936e-18,-4.98354852973246e-22,-1.59840649243774e-26,-1.0970979352895e-32,-1.61095115396466e-40,-5.06055507108675e-50,-3.40089126842579e-61,-4.88951910565376e-74,-1.50389791240497e-88,-9.89576502094208e-105,-1.39302593098525e-122,-4.19521992952126e-142,-4.43064821612996e-162,-5.55813829934535e-179,-1.58856784370622e-197,-9.71317074536258e-218,-1.27055973369427e-239,-3.55555958179641e-263,-2.12862737089892e-288
0,0,0,0,0,0,0,0,0,0,0,0,0,0,0,0,0,0,0,0,0,0,0,0,0,0,0,0,0,0,0,0,0,0,0,0,0,0,0,0,0,0,0,0,0,0,0,0,0,0,0,0,0,0,0,0,0,0,0,0,0,0,0,0,0,0,0,0,0,0,0,0,0,0,0,0,0,0,0,0,0,0,0,0,0,0,0,0,0,0,0,0,0,0,0,0,0,0,0,0,0,0,0,0,0,0,0,0,0,0,0,0,0,0,0,0,0,0,0,0,0,0,0,0,0,0,0,-1.44720301371971e-313,-1.79406230188602e-299,-1.86853658667059e-286,-3.81326818219988e-271,-2.2334712174981e-257,-2.79862850282573e-245,-7.50220546798239e-235,-4.30240672966938e-226,-5.27852742862654e-219,-1.38545654789663e-213,-7.77950286377306e-210,-9.34522127467177e-208,-2.40163022988573e-207,-1.32038779881273e-208,-1.55301534722675e-211,-2.14462158232662e-205,-3.64688583335836e-194,-1.33095155620779e-184,-1.2720227075199e-174,-2.70001149856064e-163,-1.23700742608581e-153,-1.21243350452412e-145,-2.54227402466336e-139,-1.14042203375507e-134,-1.09442913905344e-131,-2.24692462597128e-130,-9.86888683687423e-131,-9.2731366286935e-133,-3.53260812222935e-128,-7.81363468646502e-118,-3.69734139365871e-109,-3.74287059167196e-102,-8.10585590500853e-97,-3.75553449225963e-93,-3.72240342799359e-91,-7.89321499766005e-91,-9.93540498016572e-92,-7.60908612837023e-77,-4.04633402574393e-63,-9.22798114389768e-51,-5.55359328512234e-40,-7.40529397624243e-31,-2.12319617275384e-23,-1.30325002878634e-17,-1.71154412893036e-13,-4.80876820175623e-11,-2.89041679945278e-10,-3.71701715856809e-11,-5.66418882626093e-11,-3.20263409565099e-08,-3.88878167147289e-07,-1.01665396625777e-07,-1.56094885467639e-07,-3.24371017569096e-06,-1.60563840752161e-06,-2.25650756657387e-05,-0.000105905326446716,-3.31604216699986e-05,-6.0668107054302e-05,-3.79931476012291e-05,-7.6284118718104e-05,-7.73790816945797e-05,-6.90257239329513e-05,-5.97840960614248e-05,-2.9491907741249e-05,-9.1643113644947e-05,-9.40439877148766e-05,-7.04962386258278e-05,-3.85172076139176e-05,-0.000103569489710554,-9.04026476437042e-05,-0.00015406972762416,-5.45792861251275e-05,-4.66663465749255e-05,-2.08796508417029e-05,-1.87405287271818e-05,-4.61020292583818e-05,-2.46011295076725e-06,-2.0752281417645e-08,-6.20541598860534e-08,-7.60229082047834e-09,-4.01373652160372e-09,-3.7029110665286e-09,-1.45409245634412e-08,-1.33379375257567e-06,-2.20062125072301e-05,-4.52146634797319e-05,-2.28176378526974e-06,-7.54049289999587e-06,-4.53690654907037e-05,-6.02143173768441e-06,-1.80305321406202e-08,-1.25620162355435e-09,-7.14875346233065e-08,-1.31024804696103e-06,-3.31971920385747e-05,-8.3021134270313e-05,-6.45680230719063e-06,-1.7669078041901e-08,-7.33884053861014e-10,-1.94626409663242e-11,-5.90941376814497e-10,-2.00702280183693e-07,-1.71916888656797e-06,-6.51601275946228e-06,-3.1930898652127e-05,-2.22811814968486e-05,-3.29261453667846e-06,-1.21916071310751e-08,-9.74162935835451e-13,-4.08141082103187e-16,-6.09615984221596e-19,-1.95585052617907e-23,-1.34243673585156e-29,-1.97120051527041e-37,-6.19222301213673e-47,-4.16141648662701e-58,-5.98293917417275e-71,-1.84020752395676e-85,-1.21087085906594e-101,-1.70454395244262e-119,-1.1309014939876e-138,-3.85661883872945e-154,-5.15233372065882e-171,-1.47258520325422e-189,-9.00400418715066e-210,-1.1777951260323e-231,-3.29596526216133e-255,-1.97321454166836e-280
0,0,0,0,0,0,0,0,0,0,0,0,0,0,0,0,0,0,0,0,0,0,0,0,0,0,0,0,0,0,0,0,0,0,0,0,0,0,0,0,0,0,0,0,0,0,0,0,0,0,0,0,0,0,0,0,0,0,0,0,0,0,0,0,0,0,0,0,0,0,0,0,0,0,0,0,0,0,0,0,0,0,0,0,0,0,0,0,0,0,0,0,0,0,0,0,0,0,0,0,0,0,0,0,0,0,0,0,0,0,0,0,0,0,0,0,0,0,0,0,0,0,0,0,0,-1.76381435565325e-321,-3.43331140659243e-315,-1.44785215887356e-299,-1.79476481224226e-285,-5.61189427130067e-273,-2.33383103751255e-258,-1.36680086648678e-244,-1.71265598770994e-232,-4.59106919792886e-222,-2.6329120280493e-213,-3.23026139332181e-206,-8.47847597518291e-201,-4.76076483448744e-197,-5.71892595118647e-195,-1.46970789060635e-194,-8.08027956355191e-196,-9.50387156255436e-199,-3.66422601052635e-194,-6.230782521878e-183,-2.26974966770996e-173,-1.5032431977815e-164,-2.82181697956241e-153,-1.29280885026403e-143,-1.26712639803175e-135,-2.65695604390707e-129,-1.19186648873996e-124,-1.14379885387103e-121,-2.34828342942635e-120,-1.03140724695639e-120,-9.69144760960518e-123,-6.31357223123278e-120,-1.39647337923206e-109,-6.6079859596214e-101,-6.68935694195491e-94,-1.44869992538089e-88,-6.71199019876503e-85,-6.65277748774171e-83,-1.41069618213418e-82,-6.39982999396858e-84,-5.51010661534316e-74,-1.26115371326488e-60,-1.10264557606609e-48,-4.62474420451284e-38,-5.77118265843313e-29,-1.63860480308919e-21,-1.0044118085779e-15,-1.31883016137802e-11,-3.70532679478922e-09,-2.2272177435762e-08,-2.86423595315937e-09,-7.55811727330945e-10,-4.2520724860613e-07,-5.20829399577213e-06,-1.38861694258152e-06,-9.1766321254279e-07,-1.89689710766028e-05,-8.56564403987893e-06,-1.65769644488211e-05,-7.1808860572308e-05,-2.00179145692002e-05,-4.64754620915388e-05,-2.47563991462436e-05,-3.20454951602488e-05,-4.26245249218805e-05,-9.0093636847225e-05,-9.90989828753297e-05,-6.68409026352093e-05,-7.5967663589601e-05,-6.48019518051252e-05,-5.81357311971023e-05,-4.14274575447183e-05,-0.0001592767360802,-5.11079892543698e-05,-6.93853689211032e-05,-2.11579281693061e-05,-5.07563377272777e-05,-3.0281202855869e-05,-1.2039978550411e-05,-2.73368557481383e-05,-1.45605460256348e-06,-4.06716700945768e-07,-1.38612063960229e-06,-2.27526083622724e-07,-1.04479562209531e-07,-1.9309196583482e-09,-1.02023454899885e-07,-9.33071061813623e-06,-3.61986035346551e-05,-3.30397752172373e-05,-1.5992049605809e-06,-7.77129856405893e-06,-4.90576353823959e-05,-6.63604951641183e-06,-1.9671652465775e-08,-3.6473969488476e-09,-3.63735490433286e-09,-1.89801339161015e-07,-1.57577076920552e-05,-5.03330725859768e-05,-4.65223715016055e-06,-2.38146118523298e-07,-4.45672084804281e-08,-1.34793849588946e-09,-9.9933688470378e-09,-1.64794928067422e-06,-1.35792500957618e-05,-1.38682921287679e-05,-5.0341325870792e-05,-7.57248008155244e-06,-5.10029059552939e-07,-1.85960477739152e-09,-2.8612538173648e-12,-1.90228011695104e-13,-2.85282052650084e-16,-9.15279670825934e-21,-6.28220341030047e-27,-9.22463063725359e-35,-2.89777587689486e-44,-1.9474190703809e-55,-2.79983776749275e-68,-8.61162570997824e-83,-5.66651840845922e-99,-8.72680738731345e-117,-2.18945814720457e-131,-1.36725875566829e-146,-1.82662060401501e-163,-5.22065265813191e-182,-3.1921262205817e-202,-4.1755541491708e-224,-1.16849536237291e-247,-6.99549860986546e-273
0,0,0,0,0,0,0,0,0,0,0,0,0,0,0,0,0,0,0,0,0,0,0,0,0,0,0,0,0,0,0,0,0,0,0,0,0,0,0,0,0,0,0,0,0,0,0,0,0,0,0,0,0,0,0,0,0,0,0,0,0,0,0,0,0,0,0,0,0,0,0,0,0,0,0,0,0,0,0,0,0,0,0,0,0,0,0,0,0,0,0,0,0,0,0,0,0,0,0,0,0,0,0,0,0,0,0,0,0,0,0,0,0,0,0,0,0,0,0,0,0,0,0,-3.16202013338398e-322,-3.67232532891546e-313,-9.08796370604869e-306,-4.906999096688e-300,-5.53973104969462e-286,-6.86705452438932e-272,-1.8410362833741e-259,-5.47185440720388e-246,-3.19889398933434e-232,-4.0083415789332e-220,-1.07450496129182e-209,-6.16213111764898e-201,-7.56018204857277e-194,-1.98432306436087e-188,-1.11422093932015e-184,-1.33847128912416e-182,-3.43973996475284e-182,-1.89112821117534e-183,-2.22430912213168e-186,-2.39432815782845e-183,-4.07134118276675e-172,-1.48219319528514e-162,-1.71430782718793e-154,-1.12791161643962e-143,-5.16732800942465e-134,-5.06467579679095e-126,-1.06197937234951e-119,-4.76386362709719e-115,-4.57173836847463e-112,-9.38603620560387e-111,-4.12251163609316e-111,-3.87364987344616e-113,-4.31550989246648e-112,-9.54513163266718e-102,-4.51667011698327e-93,-4.57228855905351e-86,-9.90210890493303e-81,-4.58775877271755e-77,-4.5472858836921e-75,-9.64234689498802e-75,-4.37417234942749e-76,-2.03417216483681e-71,-3.95110023476138e-58,-1.8014290294084e-46,-2.66578121209967e-36,-1.94665015692769e-27,-4.92804931676663e-20,-2.9684441115836e-14,-3.88807601502638e-10,-1.09206166179013e-07,-6.56510217638917e-07,-8.44724298162287e-08,-4.04184267137287e-09,-2.19337121512096e-06,-2.76776753542545e-05,-7.87794599172492e-06,-2.08727117050833e-06,-4.24605254939576e-05,-1.91569830591196e-05,-1.39329243356644e-05,-5.30295177714903e-05,-1.35693047084657e-05,-5.4721160435735e-05,-5.63634208358842e-05,-2.2740660252918e-05,-3.70264147907737e-05,-0.000151890011132479,-0.000154203962346015,-0.000129231117187908,-7.5421727847958e-05,-4.28560222304074e-05,-3.05397084860091e-05,-5.35956804730059e-05,-0.000150947178250339,-2.24795734814666e-05,-1.64736933270662e-05,-2.87855343452234e-05,-5.53314004751309e-05,-4.96364046018588e-05,-1.10981186205037e-05,-7.96089037270995e-06,-4.56987218533561e-07,-3.65357198971255e-06,-1.18903411257342e-05,-2.96122804605041e-06,-1.74209870835656e-06,-3.28098235203173e-08,-3.05102073359861e-07,-2.81519570181352e-05,-7.59799695813036e-05,-1.38832051786886e-05,-4.41401477698505e-07,-3.33205769086282e-06,-2.09248526166584e-05,-2.82985978938708e-06,-2.87304402285062e-08,-1.67103167530605e-07,-4.61561735717384e-08,-2.79917601965338e-08,-3.34812340270592e-06,-1.30333282551678e-05,-3.34509674472078e-06,-4.6395923633195e-06,-1.06794939738857e-06,-3.58602875491644e-08,-1.84104857665324e-07,-5.67749867621218e-06,-4.2088364822381e-05,-1.6628143638896e-05,-3.98327933018759e-05,-3.88941529547574e-06,-3.70718767148752e-08,-2.57085348540323e-10,-4.85677276917858e-10,-3.40456693259376e-11,-5.10578466152897e-14,-1.63810580691867e-18,-1.12434671527756e-24,-1.65096333602938e-32,-5.18625055922549e-42,-3.48536679130937e-53,-5.01097760898111e-66,-1.54125851806802e-80,-1.02161600621328e-96,-1.01710758582461e-110,-2.96856082715759e-124,-1.85380813056303e-139,-2.47663736887916e-156,-7.0784614137424e-175,-4.32806849254517e-195,-5.66145669159983e-217,-1.58431327965954e-240,-9.48489984967665e-266
0,0,0,0,0,0,0,0,0,0,0,0,0,0,0,0,0,0,0,0,0,0,0,0,0,0,0,0,0,0,0,0,0,0,0,0,0,0,0,0,0,0,0,0,0,0,0,0,0,0,0,0,0,0,0,0,0,0,0,0,0,0,0,0,0,0,0,0,0,0,0,0,0,0,0,0,0,0,0,0,0,0,0,0,0,0,0,0,0,0,0,0,0,0,0,0,0,0,0,0,0,0,0,0,0,0,0,0,0,0,0,0,0,0,0,0,0,0,0,0,0,0,-1.15599355331658e-317,-6.25062154251273e-307,-7.23052499459241e-298,-1.78934987620919e-290,-9.47466020695485e-285,-8.10630333695192e-273,-1.00485770717182e-258,-2.66658841214299e-246,-5.03971069952189e-234,-2.86328381106955e-220,-3.58780649981833e-208,-9.61773294078289e-198,-5.51563125072845e-189,-6.76700569529769e-182,-1.77613784847633e-176,-9.97322471040657e-173,-1.19804559973606e-170,-3.07885971293789e-170,-1.69272053150858e-171,-1.99094577337969e-174,-5.98349885758785e-173,-1.01743082392293e-161,-3.70278208817499e-152,-3.01189848705592e-144,-1.72489276569164e-134,-7.89891546732908e-125,-7.741998163846e-117,-1.62336992149859e-110,-7.28216867832426e-106,-6.98848089668844e-103,-1.43477446502206e-101,-6.30178096233141e-102,-5.92136425116212e-104,-1.12927899169117e-104,-2.4951742780691e-94,-1.18069394243351e-85,-1.19523305109965e-78,-2.58849101186521e-73,-1.19927708953683e-69,-1.18869715040746e-67,-2.52058713053822e-67,-1.14343569058561e-68,-4.41063905181752e-67,-5.60687702881482e-56,-2.33205473746553e-44,-2.17921788858381e-34,-5.74080132686022e-26,-6.98658413309935e-19,-3.46947378219565e-13,-4.40574560002078e-09,-1.23248575864272e-06,-7.41424487202212e-06,-9.5753815222308e-07,-1.02603738304303e-08,-4.56247377701325e-06,-6.30521950900896e-05,-2.12308737914312e-05,-1.92682982800112e-06,-3.69773581397775e-05,-1.88495799385977e-05,-6.43024943228067e-06,-2.26100729518882e-05,-1.00347779861619e-05,-6.24703382325453e-05,-0.000102628334399807,-5.28231776666268e-05,-5.50849685729811e-05,-0.000183126313266306,-0.00016616067624638,-0.000124345911617249,-8.39965053337107e-05,-4.3996058133298e-05,-2.59191407875563e-05,-8.69837578454784e-05,-9.16940174083662e-05,-1.11724452448645e-05,-8.34941961381069e-06,-5.2404368158674e-05,-6.0540558029933e-05,-7.61574635045991e-05,-3.48770875871936e-05,-1.01963510924111e-05,-2.04216970581306e-06,-1.49503883120325e-05,-3.96356810253574e-05,-1.61762810150612e-05,-1.11176088883946e-05,-2.84930737247032e-07,-3.88802794949126e-07,-3.29830165917363e-05,-8.8824713592839e-05,-7.85192300752814e-06,-8.14367681058118e-08,-1.25709786912953e-06,-4.06074153945235e-06,-4.75187022662815e-07,-3.58089471308328e-07,-2.96758642260666e-06,-1.04390129938735e-06,-4.70572203532847e-08,-3.11043344653339e-07,-1.76294340662019e-06,-1.68773715886501e-05,-3.68042591302426e-05,-1.00412159658331e-05,-3.65764144109409e-07,-1.94409222332573e-06,-1.30463648177535e-05,-5.04485260174269e-05,-1.17074012149483e-05,-1.30804870054566e-05,-1.8563353315767e-06,-1.60767892448272e-08,-1.01526980823339e-08,-3.32428960167148e-08,-2.33035001373618e-09,-3.49480149501143e-12,-1.12125145613251e-16,-7.69596036695089e-23,-1.13006162191825e-30,-3.54994172622048e-40,-2.38572583428654e-51,-3.43005156071379e-64,-1.0556301428611e-78,-3.8717553864468e-92,-5.27338770904375e-104,-1.53932287670662e-117,-9.61277006254248e-133,-1.28424000104611e-149,-3.67047812797235e-168,-2.24428442986361e-188,-2.93570194770088e-210,-8.21532664912687e-234,-4.91835039871567e-259
0,0,0,0,0,0,0,0,0,0,0,0,0,0,0,0,0,0,0,0,0,0,0,0,0,0,0,0,0,0,0,0,0,0,0,0,0,0,0,0,0,0,0,0,0,0,0,0,0,0,0,0,0,0,0,0,0,0,0,0,0,0,0,0,0,0,0,0,0,0,0,0,0,0,0,0,0,0,0,0,0,0,0,0,0,0,0,0,0,0,0,0,0,0,0,0,0,0,0,0,0,0,0,0,0,0,0,0,0,0,0,0,0,0,0,0,0,0,0,0,0,-3.44401283389676e-315,-8.70469926272149e-303,-4.70675497321602e-292,-5.4446280655123e-283,-1.34739103485771e-275,-7.13342951569495e-270,-4.53656863427596e-260,-5.62352239803059e-246,-1.49137463911761e-233,-2.51952112472849e-222,-9.80172830692696e-209,-1.22818277763187e-196,-3.29235535860798e-186,-1.88811835556781e-177,-2.31649054926144e-170,-6.08009912425487e-165,-3.41404778237018e-161,-4.10116591345736e-159,-1.05395942439919e-158,-5.79454383569559e-160,-6.81543252034453e-163,-5.71885129213669e-163,-9.72396998799881e-152,-3.53820989788324e-142,-2.78597774668183e-134,-1.0143025391722e-125,-4.61783911279962e-116,-4.52610036302535e-108,-9.49048945054285e-102,-4.25727642870719e-97,-4.08558168701824e-94,-8.38792917366766e-93,-3.68412553112949e-93,-3.46172762068664e-95,-1.19738685689224e-97,-2.49453470122068e-87,-1.18039130044278e-78,-1.19492668236431e-71,-2.58782751555625e-66,-1.19896968421126e-62,-1.1883924569903e-60,-2.5199410397271e-60,-1.14314105632603e-61,-6.02454275164848e-61,-4.59852383947522e-54,-1.27460652435332e-42,-1.13001443721325e-32,-2.20344421707148e-24,-1.09116618945435e-17,-2.17877131135409e-12,-2.02818441159843e-08,-5.3874164661174e-06,-3.24459988192034e-05,-4.29696587677011e-06,-1.91089616256708e-08,-4.2375500629131e-06,-7.19823868274284e-05,-3.15924095742955e-05,-9.46792359628739e-07,-1.65195494113002e-05,-2.28916060023805e-05,-2.6130720592386e-06,-4.24320809633363e-06,-4.10905466268041e-06,-3.90952179740738e-05,-0.00012443119863544,-8.8773847976196e-05,-9.23130936430367e-05,-0.000118698793220842,-0.000108389111555811,-6.67013812474075e-05,-7.76653139556748e-05,-3.15953722018448e-05,-5.08154832886345e-05,-0.000123993633362321,-4.95610276367458e-05,-2.41025204318161e-05,-1.93533408754954e-05,-4.37984300352528e-05,-3.59569312274027e-05,-5.95762014988138e-05,-6.16879762389519e-05,-2.87960235343448e-05,-1.46249436175718e-05,-3.65183779396779e-05,-5.38736094168489e-05,-3.61000793077575e-05,-2.71993552328431e-05,-2.19157383066242e-06,-9.5651645608612e-07,-1.48676988946999e-05,-4.15737306410448e-05,-3.47804778679187e-06,-3.9617374172639e-07,-6.92178718368195e-06,-6.43028201924585e-06,-1.56144907706006e-07,-2.37819979743552e-06,-2.04916038685258e-05,-9.75682642211683e-06,-5.1521112092768e-07,-1.70270435482827e-08,-1.39786843998534e-06,-5.25831547162955e-05,-0.000114316245365919,-3.68600183540255e-05,-1.42939012282353e-06,-8.34066999127756e-06,-3.31628125857828e-05,-2.50960367002819e-05,-4.7125885931466e-06,-9.07209379998327e-06,-6.60942228618447e-06,-1.19895610621048e-07,-2.65624403252165e-07,-8.70242829117072e-07,-6.10054791802486e-08,-9.14911012160062e-11,-2.93542967721836e-15,-2.0148792046585e-21,-2.95878404690259e-29,-9.29539551976581e-39,-6.2476646912011e-50,-8.98440286030985e-63,-1.22934940475421e-75,-7.66446724279638e-86,-1.04578684730763e-97,-3.0526934676966e-111,-1.9063473180608e-126,-2.54682829799543e-143,-7.27907365903456e-162,-4.45073124188507e-182,-5.82190930218367e-204,-1.62921880626919e-227,-9.78889075882914e-253
0,0,0,0,0,0,0,0,0,0,0,0,0,0,0,0,0,0,0,0,0,0,0,0,0,0,0,0,0,0,0,0,0,0,0,0,0,0,0,0,0,0,0,0,0,0,0,0,0,0,0,0,0,0,0,0,0,0,0,0,0,0,0,0,0,0,0,0,0,0,0,0,0,0,0,0,0,0,0,0,0,0,0,0,0,0,0,0,0,0,0,0,0,0,0,0,0,0,0,0,0,0,0,0,0,0,0,0,0,0,0,0,0,0,0,0,0,0,0,0,-8.39503763043643e-315,-9.91819971170121e-301,-2.5068125440546e-288,-1.35546927613906e-277,-1.56796478780006e-268,-3.88026817008311e-261,-2.05431004238083e-255,-9.71190311527675e-248,-1.20359949948853e-233,-3.19185836861964e-221,-2.02993396432167e-210,-1.28344180474733e-197,-1.60792836831457e-185,-4.31032877064629e-175,-2.47191143845107e-166,-3.03273333946332e-159,-7.96002354822833e-154,-4.46964764670219e-150,-5.36921793200415e-148,-1.37983635885589e-147,-7.58617654757905e-149,-8.92271692362362e-152,-2.09253467357743e-153,-3.55429096958527e-142,-1.29313667939719e-132,-1.01236888088041e-124,-2.4591753726958e-117,-1.03248029654486e-107,-1.01196384953262e-99,-2.12192206435664e-93,-9.51859104337753e-89,-9.13470898689844e-86,-1.87540717268301e-84,-8.23711705606042e-85,-7.73987080159319e-87,-1.98707315249189e-90,-9.5377935313963e-81,-4.5131977937091e-72,-4.5687734774626e-65,-9.89449636686287e-60,-4.58423179794386e-56,-4.54379002364479e-54,-9.63493405661908e-54,-4.37077123299117e-55,-3.8141834450407e-55,-4.83529060960823e-49,-2.69380735479641e-41,-2.37144044774004e-31,-4.48854582917123e-23,-1.84605351023918e-16,-1.79967448989645e-11,-6.04017536044294e-08,-1.02292853968767e-05,-5.96114055816725e-05,-9.0794393201957e-06,-3.96814553630765e-08,-2.07470423282645e-06,-4.60158123233357e-05,-2.5174075055877e-05,-5.77241456395436e-07,-1.34042959073723e-05,-4.57419517818902e-05,-4.82737697465009e-06,-4.45624276389982e-06,-2.83535753112222e-06,-1.84522383015589e-05,-0.00010290495143084,-0.000118517941082636,-0.000150479816272965,-5.15562487410847e-05,-4.19081022681055e-05,-2.7085430070615e-05,-6.07147278913398e-05,-1.83498650163204e-05,-8.7888639686877e-05,-0.000149721011941723,-4.35193327750485e-05,-5.1434246213735e-05,-4.73582330401927e-05,-2.78224593316298e-05,-9.58526222482277e-06,-2.08613156813317e-05,-5.79771004328537e-05,-5.66196174001462e-05,-4.62185709060873e-05,-5.9881971928565e-05,-3.51064251142055e-05,-3.2115492117845e-05,-2.592034961184e-05,-1.33228462699367e-05,-6.08202713211921e-06,-2.6362716526626e-06,-7.75659953897038e-06,-1.56277782325067e-06,-4.17705386311656e-06,-2.67009062751898e-05,-2.36398579670273e-05,-4.80539390176427e-07,-6.27255469140631e-06,-5.57715262441992e-05,-3.73230022626949e-05,-2.26423613208402e-06,-7.00543124788351e-08,-3.13882304575353e-06,-6.54871288551669e-05,-0.000140545959132533,-5.26539872814026e-05,-2.1429884926795e-06,-1.41817115052979e-05,-5.220313268754e-05,-9.13858042142875e-06,-4.14045627596193e-06,-2.64654904554566e-05,-2.22770100884298e-05,-4.2277330464322e-07,-2.65970712156218e-06,-8.71576832024485e-06,-6.11090131575631e-07,-9.16677557378367e-10,-2.9420738794183e-14,-2.02039353895291e-20,-2.96887478972778e-28,-9.33600739119834e-38,-6.28350482668871e-49,-3.96246093201434e-61,-9.11429048727076e-70,-5.81306444807448e-80,-7.93170130952955e-92,-2.31529520931137e-105,-1.44585653931383e-120,-1.93162511063935e-137,-5.52076536649843e-156,-3.37562773277571e-176,-4.41559289324308e-198,-1.23733902189589e-221,-2.1561175459257e-246
0,0,0,0,0,0,0,0,0,0,0,0,0,0,0,0,0,0,0,0,0,0,0,0,0,0,0,0,0,0,0,0,0,0,0,0,0,0,0,0,0,0,0,0,0,0,0,0,0,0,0,0,0,0,0,0,0,0,0,0,0,0,0,0,0,0,0,0,0,0,0,0,0,0,0,0,0,0,0,0,0,0,0,0,0,0,0,0,0,0,0,0,0,0,0,0,0,0,0,0,0,0,0,0,0,0,0,0,0,0,0,0,0,0,0,0,0,0,0,-1.6742836824325e-316,-9.24613940807772e-301,-1.09237219952565e-286,-2.76095704073839e-274,-1.49288882821993e-263,-1.72692746044143e-254,-4.27365570255894e-247,-2.26257912379682e-241,-8.20400177540101e-236,-9.85201968584071e-222,-2.61267784431467e-209,-1.4932320842766e-198,-6.4430210667163e-187,-8.05081998651472e-175,-2.15816076192808e-164,-1.23767409802944e-155,-1.51847491058834e-148,-3.98554527969678e-143,-2.23793095237584e-139,-2.68834144207074e-137,-6.90877389177546e-137,-3.79836189515769e-138,-4.46756119520948e-141,-3.03445922321105e-144,-4.96858359517698e-133,-1.80757260280239e-123,-1.41152354473175e-115,-4.57920737351139e-109,-8.82905982679079e-100,-8.65317573872479e-92,-1.81442887579683e-85,-8.1392275126024e-81,-7.81097479309874e-78,-1.60363709162777e-76,-7.0434552195292e-77,-6.61826619980503e-79,-1.33670326864643e-82,-1.39468453768169e-74,-6.59952132289811e-66,-6.68078807138363e-59,-1.44684418315259e-53,-6.70339233565373e-50,-6.644255474381e-48,-1.4088891215893e-47,-6.39125466646251e-49,-1.02878718448244e-49,-6.81750476856698e-44,-8.43398382100838e-39,-1.91209304493163e-30,-3.6104619111843e-22,-1.46030809877685e-15,-1.27505154944364e-10,-2.54324770438197e-07,-1.62640167568235e-05,-6.82213804706701e-05,-1.47443493517302e-05,-9.92001647335772e-08,-5.63305834272728e-07,-1.49769650997991e-05,-1.17312880876947e-05,-2.0965783796103e-06,-1.17781522105009e-05,-4.42501391293026e-05,-1.08016472239235e-05,-2.59708037534494e-05,-1.55019293519991e-05,-1.50288066973533e-05,-5.49738351214291e-05,-0.000163687223935378,-0.000178996429890847,-2.76710353234167e-05,-8.25637678016188e-06,-1.40871840494532e-05,-7.51286283033351e-05,-2.67357472373211e-05,-0.000125047594311737,-0.000200598355383668,-4.92781655536962e-05,-4.87499211597272e-05,-6.29753659310471e-05,-3.44630698561233e-05,-1.88713211223032e-06,-5.36910486277756e-06,-3.75051173606257e-05,-5.93848816328572e-05,-7.21488699994661e-05,-6.23420024886068e-05,-1.52199076594294e-05,-1.13487249622169e-05,-1.13589574978639e-05,-3.7376270286654e-05,-1.74523085240036e-05,-3.75918245885458e-07,-3.40046059275425e-06,-8.49465790197873e-06,-2.26050599578728e-05,-4.90735947040885e-05,-4.08589013475868e-05,-8.67088720928567e-07,-8.97879567345011e-06,-6.33740186636469e-05,-5.76122930643575e-05,-3.82174674100433e-06,-5.09956384792021e-07,-1.29861270314443e-05,-4.40438760209104e-05,-7.94037041256599e-05,-3.01078076430312e-05,-1.28570517675698e-06,-1.25307042353389e-05,-4.56507424854028e-05,-1.42527202017274e-05,-1.9702430734352e-05,-3.59844879497072e-05,-2.92924698458931e-05,-5.99778086641792e-07,-1.02156564937579e-05,-3.35226838889172e-05,-2.35487306223326e-06,-3.54205784626238e-09,-1.14119804907555e-13,-7.87961298377976e-20,-1.16679781476703e-27,-3.70902060081835e-37,-3.17074539026169e-48,-8.86775816973304e-56,-2.64372094022776e-64,-1.68615702327911e-74,-2.30069595633849e-86,-6.71582314804622e-100,-4.19390010242607e-115,-5.60293675692413e-132,-1.60137176907433e-150,-9.79146283074314e-171,-1.28145065511758e-192,-6.15872397728529e-216,-2.18311507824239e-238
0,0,0,0,0,0,0,0,0,0,0,0,0,0,0,0,0,0,0,0,0,0,0,0,0,0,0,0,0,0,0,0,0,0,0,0,0,0,0,0,0,0,0,0,0,0,0,0,0,0,0,0,0,0,0,0,0,0,0,0,0,0,0,0,0,0,0,0,0,0,0,0,0,0,0,0,0,0,0,0,0,0,0,0,0,0,0,0,0,0,0,0,0,0,0,0,0,0,0,0,0,0,0,0,0,0,0,0,0,0,0,0,0,0,0,0,0,0,-2.73218302150209e-320,-7.0523934939261e-303,-3.89464546481543e-287,-4.6012743751795e-273,-1.16296633034409e-260,-6.28832472417645e-250,-7.27413886491571e-241,-1.80014307221119e-233,-9.53040305130024e-228,-1.3282331204026e-223,-3.08416956509427e-210,-8.17897302487133e-198,-4.64231555977837e-187,-1.2866397684954e-176,-1.54164223559505e-164,-4.13263347643559e-154,-2.3700057477507e-145,-2.90770750687859e-138,-7.63186790112241e-133,-4.28538435816363e-129,-5.14786944298818e-127,-1.32295196768572e-126,-7.27343291573541e-128,-8.55487379749787e-131,-3.71481706571979e-135,-2.65633135351045e-124,-9.66337626471728e-115,-7.53528078382938e-107,-1.41177369385008e-100,-2.88889797766789e-92,-2.82980036223192e-84,-5.93362602924601e-78,-2.66172639046918e-73,-2.55437972580353e-70,-5.24428535860929e-69,-2.30338206035648e-69,-2.16433485557286e-71,-4.35107865265011e-75,-7.79962562489716e-69,-3.69071243218703e-60,-3.73616000092477e-53,-8.09132292015054e-48,-3.74880119641163e-44,-3.71572953281352e-42,-7.87906325657469e-42,-3.57424147293026e-43,-1.13472427009126e-44,-4.5638787252701e-39,-3.51446385275274e-34,-7.24387630011708e-30,-1.11354254991346e-21,-4.49790859837651e-15,-3.8902216646637e-10,-7.26204034353641e-07,-3.2379187509569e-05,-7.88736286576813e-05,-1.98030732296008e-05,-2.47344643505308e-07,-7.40633194226617e-08,-2.60203851588864e-06,-1.77800752176267e-05,-1.11865477716097e-05,-4.53992267638438e-06,-1.67384925878794e-05,-2.504069796155e-05,-7.5368801116563e-05,-4.87410298142878e-05,-3.13098589644969e-05,-3.64044309350672e-05,-0.00020378817978282,-0.00017159482165231,-2.17520008492928e-05,-1.07342920134947e-06,-8.41185160410255e-06,-7.46150608784534e-05,-3.84070286886254e-05,-0.000136218249262355,-0.000176035365735333,-3.15454164876052e-05,-3.5625087223446e-05,-6.05457463946563e-05,-4.59877144968867e-05,-2.33944702033827e-06,-1.46478392760914e-05,-1.89250214644036e-05,-2.95566341486622e-05,-6.81280093287861e-05,-6.37139294340575e-05,-8.46260770712863e-06,-3.94579579343369e-06,-1.08484750613881e-05,-4.25259098943726e-05,-1.92373784597115e-05,-3.24078731847176e-07,-1.25225587224261e-05,-3.19104651081663e-05,-5.12213305915045e-05,-5.72452495772084e-05,-4.34530207482599e-05,-1.13983193732158e-06,-1.77372234681268e-05,-4.38569095435969e-05,-3.5616622789619e-05,-2.47383755267323e-06,-1.55533408847465e-06,-3.71964266912246e-05,-4.57723872252453e-05,-5.05406545548976e-05,-1.43000685273268e-05,-7.40059816400481e-07,-1.44773227839589e-05,-5.45981316072553e-05,-4.41608077637943e-05,-5.27466412082568e-05,-2.26484773751776e-05,-1.47595441947046e-05,-3.68281616904993e-07,-1.55158288439733e-05,-5.168573607315e-05,-3.7074703243852e-06,-5.73991029878117e-09,-1.9236854599487e-13,-1.40059167515349e-19,-2.2242676727297e-27,-7.84521831756712e-37,-7.05969933306129e-44,-9.83727007430655e-51,-2.93277125529977e-59,-1.87051241852742e-69,-2.55224175339125e-81,-7.45009535032765e-95,-4.65243872032501e-110,-6.21553191093903e-127,-1.77645743649587e-145,-1.08640736917947e-165,-1.80371823376636e-187,-1.5201239168631e-208,-1.28439297226876e-230
0,0,0,0,0,0,0,0,0,0,0,0,0,0,0,0,0,0,0,0,0,0,0,0,0,0,0,0,0,0,0,0,0,0,0,0,0,0,0,0,0,0,0,0,0,0,0,0,0,0,0,0,0,0,0,0,0,0,0,0,0,0,0,0,0,0,0,0,0,0,0,0,0,0,0,0,0,0,0,0,0,0,0,0,0,0,0,0,0,0,0,0,0,0,0,0,0,0,0,0,0,0,0,0,0,0,0,0,0,0,0,0,0,0,0,0,0,-0,-4.40109907916009e-307,-1.13609259829744e-289,-6.27400880194757e-274,-7.41233988840625e-260,-1.87345961496714e-247,-1.01300631919925e-236,-1.17181426852246e-227,-2.89990798439822e-220,-1.5352830744191e-214,-1.74186640331014e-210,-3.69250361533419e-199,-9.79222655729832e-187,-5.55562355778829e-176,-1.57529097892386e-166,-1.12902282504098e-154,-3.02649310448166e-144,-1.73565018332379e-135,-2.129430729084e-128,-5.58912269907294e-123,-3.13835869550912e-119,-3.76999108585694e-117,-9.68850741151847e-117,-5.32662639555676e-118,-6.26507690499529e-121,-1.60838863863214e-125,-5.43127491143238e-116,-1.97578097810033e-106,-1.53938632081206e-98,-2.68312664351185e-92,-3.63552092398921e-85,-3.53920906369449e-77,-7.42113096243753e-71,-3.32899647245001e-66,-3.19473899593859e-63,-6.55897898482414e-62,-2.88081854719421e-62,-2.70691349975484e-64,-5.44142016858643e-68,-1.66817355041756e-63,-7.89364664000018e-55,-7.99084929527457e-48,-1.73056137955334e-42,-8.01788611597342e-39,-7.94715288193336e-37,-1.68516356514814e-36,-7.64454008667032e-38,-5.35423180467688e-40,-1.45892737127252e-34,-5.99502092743186e-30,-2.14709445306352e-26,-1.3171998295796e-21,-5.31195071391109e-15,-4.59000572944848e-10,-8.50732262177986e-07,-3.53979894680091e-05,-6.0783683538493e-05,-1.96299007905039e-05,-1.23360420326898e-06,-8.5273917690883e-09,-1.28110673018374e-06,-3.68791364686393e-05,-2.48715320869984e-05,-9.87392572220046e-07,-2.81074194497439e-06,-4.59078693477754e-05,-0.000128620290061802,-8.14479037614531e-05,-5.62808225628837e-05,-4.29425977066361e-05,-0.00020560807435326,-0.00016184042176167,-3.14635556131512e-05,-3.08373847997986e-06,-2.83842225162607e-06,-3.81040252029816e-05,-2.76368315452958e-05,-0.000105597183203578,-8.32174093701551e-05,-1.08568201134481e-05,-4.25333147832679e-05,-6.57783250399017e-05,-3.83931650720112e-05,-4.12405786090367e-06,-4.06402176089627e-05,-1.83607275452488e-05,-2.26721707350321e-05,-4.17832260863868e-05,-6.92647257498925e-05,-9.7150365351301e-06,-1.58942560492725e-05,-3.7994647162327e-05,-2.45692601041499e-05,-8.14138862154952e-06,-2.91269353145861e-07,-2.07885445153384e-05,-4.8815262135219e-05,-4.57877235432255e-05,-4.24518231529977e-05,-3.10473655800646e-05,-1.16270031728139e-06,-3.02239174370495e-05,-3.88793305828796e-05,-9.26419056402029e-06,-6.15463609508262e-07,-2.38679925843057e-06,-5.11623317803869e-05,-4.67437538374433e-05,-4.84923351750926e-05,-3.08338863827647e-05,-1.85526514534524e-06,-1.93530567243143e-05,-7.6825822978251e-05,-7.18737317414899e-05,-7.67891240753642e-05,-1.92252035532612e-05,-3.01939827384969e-06,-1.24481420188421e-07,-1.2343340050632e-05,-4.59868049281998e-05,-3.77651765176727e-06,-6.84353570841751e-09,-2.73442498346312e-13,-2.40315791381319e-19,-4.63020587698759e-27,-4.61711030171244e-34,-2.99489838524634e-39,-4.173562070941e-46,-1.2442580901662e-54,-7.93583954187785e-65,-1.08281457136434e-76,-3.16077886927041e-90,-1.9738445357824e-105,-2.63700288273241e-122,-7.53733915628903e-141,-5.07420712549339e-161,-8.68375031875479e-181,-3.41476607341693e-201,-2.89277319061415e-223
0,0,0,0,0,0,0,0,0,0,0,0,0,0,0,0,0,0,0,0,0,0,0,0,0,0,0,0,0,0,0,0,0,0,0,0,0,0,0,0,0,0,0,0,0,0,0,0,0,0,0,0,0,0,0,0,0,0,0,0,0,0,0,0,0,0,0,0,0,0,0,0,0,0,0,0,0,0,0,0,0,0,0,0,0,0,0,0,0,0,0,0,0,0,0,0,0,0,0,0,0,0,0,0,0,0,0,0,0,0,0,0,0,0,0,0,0,-2.24716139794859e-313,-2.71149021849524e-294,-6.99939699647909e-277,-3.86537844098716e-261,-4.56669725949711e-247,-1.15422700769992e-234,-6.24106996088539e-224,-7.21947602142637e-215,-1.78661556870304e-207,-9.45878509897831e-202,-1.07133166286947e-197,-1.69072659963963e-188,-4.48367207127061e-176,-2.5437469661424e-165,-3.33974469855318e-156,-3.16292268722921e-145,-8.47660980677071e-135,-4.86121355133382e-126,-5.96411512890533e-119,-1.56540294039939e-113,-8.78992320349818e-110,-1.05590008465171e-107,-2.71355967772679e-107,-1.49188290738301e-108,-1.75472437034432e-111,-4.41781469775793e-116,-4.24708677881287e-108,-1.54497883421987e-98,-1.20315154380324e-90,-2.05471431881875e-84,-1.86901315270439e-78,-1.69289732517644e-70,-3.54968425366402e-64,-1.59232957522758e-59,-1.5281113781628e-56,-3.13729867388554e-55,-1.37795657351925e-55,-1.29477410320317e-57,-2.60274305830819e-61,-1.3645153013881e-58,-6.45676316741249e-50,-6.53627198671672e-43,-1.41554663947391e-37,-6.55838728475506e-34,-6.50052964796293e-32,-1.37841260633298e-31,-6.25300157135068e-33,-1.35189735242255e-35,-2.07663089742007e-30,-4.30024409013325e-26,-1.31419790145175e-22,-1.17679622943438e-20,-2.55016229659982e-15,-2.19094220161935e-10,-4.03388537979093e-07,-1.63067540438312e-05,-2.55268232717614e-05,-3.5148589488878e-05,-4.92541424264709e-06,-1.68259713748055e-08,-9.97080568362751e-07,-3.14109231031999e-05,-2.12358387548561e-05,-3.63233424833007e-07,-1.15721529086065e-06,-5.22366471967277e-05,-0.000144146648353598,-8.19873826537971e-05,-6.9604614863551e-05,-3.60488141207326e-05,-0.000141133531092655,-0.000148935578151535,-7.00603283539048e-05,-1.24108803101123e-05,-1.55263345211531e-06,-1.01397590672573e-05,-9.56435906528814e-06,-5.63346361774975e-05,-3.55718297604201e-05,-1.28973743406243e-05,-3.58024137810699e-05,-7.24195018086205e-05,-3.72194749241913e-05,-8.07967648727193e-06,-4.43401964753747e-05,-2.29099619124162e-05,-5.67506646822738e-05,-2.69124774224427e-05,-5.82669616011352e-05,-9.70207854637754e-06,-4.14043750101005e-05,-7.10965877226761e-05,-1.53296895109522e-05,-1.37000141916026e-06,-1.46457646619187e-07,-1.32160069334176e-05,-2.96158360688481e-05,-1.60104338957269e-05,-1.4969816197044e-05,-1.10710661803643e-05,-6.26896973696041e-07,-2.20487078286781e-05,-2.55640952634947e-05,-1.40321871096988e-06,-6.26217254060134e-08,-3.1907844445291e-06,-5.41315473040945e-05,-3.12613375442348e-05,-3.4388487546311e-05,-4.8944458819542e-05,-3.62746375091985e-06,-3.05847625066793e-05,-0.00010702931047842,-6.06769234222322e-05,-9.75512216783335e-05,-4.0876434329952e-05,-8.56961342563291e-07,-6.1728172286858e-08,-1.18115270121273e-05,-5.26047803265941e-05,-5.07457608658447e-06,-1.05706142257024e-08,-4.74316981731402e-13,-4.57609026861149e-19,-3.39793349457911e-26,-7.45999161480409e-30,-4.85941593406498e-35,-6.77187388047615e-42,-2.01888907320553e-50,-1.28764119473555e-60,-1.75693654211497e-72,-5.12856775656709e-86,-3.20269023953701e-101,-4.27882187675005e-118,-1.26927682556328e-136,-4.08779053313576e-155,-7.42804863474491e-174,-2.94134376764378e-194,-2.49173212357017e-216
0,0,0,0,0,0,0,0,0,0,0,0,0,0,0,0,0,0,0,0,0,0,0,0,0,0,0,0,0,0,0,0,0,0,0,0,0,0,0,0,0,0,0,0,0,0,0,0,0,0,0,0,0,0,0,0,0,0,0,0,0,0,0,0,0,0,0,0,0,0,0,0,0,0,0,0,0,0,0,0,0,0,0,0,0,0,0,0,0,0,0,0,0,0,0,0,0,0,0,0,0,0,0,0,0,0,0,0,0,0,0,0,0,0,0,0,-9.38724727098368e-322,-5.2948159010976e-301,-6.38887867047435e-282,-1.64921480711848e-264,-9.10769793912043e-249,-1.07601622593754e-234,-2.71961752252688e-222,-1.47053596144519e-211,-1.70107035794119e-202,-4.20966670702558e-195,-2.22870176537105e-189,-2.52426561272825e-185,-2.96076811431798e-178,-7.85155981608642e-166,-4.45446261183061e-155,-5.43349642363008e-146,-3.40115901476082e-136,-9.07976128758822e-126,-5.20711181255472e-117,-6.38849003672849e-110,-1.67678873932851e-104,-9.41536767742863e-101,-1.1310323534644e-98,-2.90664224122851e-98,-1.59803740937031e-99,-1.87958128152492e-102,-4.72956227803526e-107,-1.27013607119331e-100,-4.62038722630617e-91,-3.59710452322686e-83,-6.0781659678402e-77,-6.52186649441662e-72,-3.09717933198246e-64,-6.49350333012139e-58,-2.91287796810337e-53,-2.79540242904674e-50,-5.73911853354657e-49,-2.52072146490932e-49,-2.3685542323196e-51,-4.7612459410179e-55,-4.26860032033374e-54,-2.01986216660011e-45,-2.04473482366676e-38,-4.42823908512202e-33,-2.05165312818753e-29,-2.0335535868887e-27,-4.31207309499686e-27,-1.95611964899096e-28,-2.35994458832935e-31,-1.22099128171341e-26,-1.40503605970573e-22,-3.106845159055e-19,-2.59295783182886e-17,-1.96154133901941e-15,-1.53278977996666e-10,-2.63081518268678e-07,-9.73736934946336e-06,-1.57155117798747e-05,-5.30586377313475e-05,-8.06703171321309e-06,-2.67460728236344e-08,-3.24624353084329e-07,-1.02580446821535e-05,-7.35997628818914e-06,-6.60165174518305e-07,-3.98479926377614e-06,-4.67248759448048e-05,-9.91229648881195e-05,-4.53741614789183e-05,-5.94803771188262e-05,-3.26411014175895e-05,-6.78362119750314e-05,-0.000120442217113976,-0.000100440866372696,-2.00840634500436e-05,-1.16447062535464e-05,-1.41185289266464e-05,-5.03446638259063e-06,-4.76694477252301e-05,-4.65218696843382e-05,-4.29740778516732e-05,-2.61669822259034e-05,-5.91278894516762e-05,-7.53785532716104e-05,-2.14739080516833e-05,-1.92597477153379e-05,-1.94526920371075e-05,-8.85325337364007e-05,-4.17859111446259e-05,-6.61333549493571e-05,-9.9946773327818e-06,-4.76283444575894e-05,-5.81566130619176e-05,-8.4634600234913e-06,-1.21953214040015e-07,-3.32331506313901e-08,-3.21367191841858e-06,-7.01915963989476e-06,-2.20948327882724e-06,-2.13993939578991e-06,-1.61879817657143e-06,-1.47659655809714e-07,-6.27441842394183e-06,-7.6632060290048e-06,-2.98040514831498e-07,-7.26909819868966e-09,-3.31292364010256e-06,-5.04898916905212e-05,-2.9988875950431e-05,-2.78057859775439e-05,-4.47894086077279e-05,-7.23580367321453e-06,-4.7482485409056e-05,-0.00013380098181167,-3.77605353692086e-05,-9.75819537801212e-05,-6.05679390549287e-05,-1.24248382868316e-06,-4.59096379758206e-08,-9.76416850175317e-06,-4.53332680233947e-05,-4.50868416418274e-06,-9.60209594731493e-09,-4.37770710148305e-13,-4.37858645025142e-19,-1.52043581402561e-22,-4.62924089033073e-26,-3.01547519145384e-31,-4.20223705139079e-38,-1.2528069210698e-46,-7.9903637204689e-57,-1.09025418437593e-68,-3.18249541861906e-82,-1.98742606670215e-97,-2.69290115538718e-114,-1.60383390064898e-131,-1.32203508507334e-148,-2.44695341689943e-167,-9.68952421182849e-188,-8.20839074657199e-210
0,0,0,0,0,0,0,0,0,0,0,0,0,0,0,0,0,0,0,0,0,0,0,0,0,0,0,0,0,0,0,0,0,0,0,0,0,0,0,0,0,0,0,0,0,0,0,0,0,0,0,0,0,0,0,0,0,0,0,0,0,0,0,0,0,0,0,0,0,0,0,0,0,0,0,0,0,0,0,0,0,0,0,0,0,0,0,0,0,0,0,0,0,0,0,0,0,0,0,0,0,0,0,0,0,0,0,0,0,0,0,0,0,0,-0,-1.50932114148042e-319,-8.45945869263628e-310,-4.77130484523837e-289,-5.75719502348745e-270,-1.48615301212151e-252,-8.20719815714358e-237,-9.69627939529914e-223,-2.45072246227457e-210,-1.32514056937984e-199,-1.53288148115869e-190,-3.7934469358811e-183,-2.00834471496991e-177,-2.27468524732978e-173,-1.98834976690457e-168,-5.25832918347787e-156,-2.98323247749661e-145,-3.62191313949755e-136,-1.48157872681227e-127,-3.71960573730224e-117,-2.1331372961401e-108,-2.61709885509595e-101,-6.86910657245331e-96,-3.85708482399455e-92,-4.63336948216322e-90,-1.19073052285581e-89,-6.54649510356809e-91,-7.69986333493235e-94,-1.93747535322727e-98,-1.45271059662959e-93,-5.28451724175892e-84,-4.11346857564291e-76,-6.9080242986563e-70,-3.48023081836278e-65,-2.16911259787927e-58,-4.54295286612941e-52,-2.03789274766651e-47,-1.95570510564763e-44,-4.01517266004838e-43,-1.76353421661611e-43,-1.65707575822751e-45,-3.33103845451091e-49,-5.10709628795763e-50,-2.41656407280837e-41,-2.44632173174985e-34,-5.29794738267911e-29,-2.45459879462378e-25,-2.432944494662e-23,-5.15896633592225e-23,-2.34030249388162e-24,-2.38069562204268e-27,-2.83747388122483e-23,-2.20956931962545e-19,-2.87850036003388e-16,-2.31141872013506e-14,-4.77322736842238e-14,-4.34427020189807e-10,-7.28435107059931e-07,-2.61470104210117e-05,-2.47104083023903e-05,-3.34688784878565e-05,-5.07858719474803e-06,-2.58780184790859e-08,-4.10995846504767e-08,-1.35816636222124e-06,-5.4692430095454e-06,-5.81142983217793e-06,-9.46282235372071e-06,-5.65243116798663e-05,-4.13726603138512e-05,-1.80541621011408e-05,-7.52923209535581e-05,-7.88121188084334e-05,-4.44396352570624e-05,-8.24122742984111e-05,-6.80218003289239e-05,-1.41303038983335e-05,-4.99626275354404e-05,-6.07984227158898e-05,-9.38571159761265e-06,-6.448934679624e-05,-6.62050713739029e-05,-6.59531533015532e-05,-2.88433398271019e-05,-2.96678346766917e-05,-9.82866920581766e-05,-3.63879006130347e-05,-1.04650369136552e-05,-1.48169555570884e-05,-7.36452176240279e-05,-5.90419915986778e-05,-6.76930207406034e-05,-8.36376753086248e-06,-4.14288057098847e-05,-3.39990897746638e-05,-2.33929767799008e-06,-1.22572291253433e-08,-3.03543304890822e-09,-2.98882371014357e-07,-6.43836631078661e-07,-1.22525202518202e-07,-1.18747983384799e-07,-9.18719971173983e-08,-1.64206435780707e-08,-1.4791738507291e-06,-7.35849748344899e-06,-1.17014314445916e-06,-6.67832389581099e-09,-1.58176739085081e-06,-2.40823412765747e-05,-3.62281834488865e-05,-3.89062509408146e-05,-6.78187007968507e-05,-1.98259343766151e-05,-3.561779652201e-05,-8.37486510919834e-05,-1.72949330662024e-05,-5.95198611045137e-05,-5.47467405651939e-05,-1.42276462573036e-06,-2.42644946211281e-08,-3.53401069087331e-06,-1.64744810254294e-05,-1.64322114559525e-06,-3.50666380594734e-09,-1.60139708285304e-13,-2.55074159444077e-17,-3.60814516767375e-19,-1.09862927938275e-22,-7.15644187751911e-28,-9.97291083643002e-35,-2.97320964198257e-43,-1.89630389624636e-53,-2.58743323277324e-65,-7.55284915421056e-79,-4.74176735419177e-94,-5.38998840283843e-110,-1.9251988580452e-125,-1.66553644340739e-142,-3.08284765684052e-161,-1.22075588137676e-181,-1.03415204520146e-203
0,0,0,0,0,0,0,0,0,0,0,0,0,0,0,0,0,0,0,0,0,0,0,0,0,0,0,0,0,0,0,0,0,0,0,0,0,0,0,0,0,0,0,0,0,0,0,0,0,0,0,0,0,0,0,0,0,0,0,0,0,0,0,0,0,0,0,0,0,0,0,0,0,0,0,0,0,0,0,0,0,0,0,0,0,0,0,0,0,0,0,0,0,0,0,0,0,0,0,0,0,0,0,0,0,0,0,0,0,0,0,0,-0,-4.30382026763996e-316,-4.57131240438184e-309,-1.03873911143933e-303,-2.96589563151359e-298,-1.64434585510593e-277,-1.98411547385318e-258,-5.12176359465632e-241,-2.82846573620216e-225,-3.34165125699772e-211,-8.44598166239222e-199,-4.56686267880583e-188,-5.28280500129342e-179,-1.30734441581646e-171,-6.9214049715989e-166,-7.83930052014937e-162,-6.97815593393693e-159,-1.34681933967657e-146,-7.64097292829267e-136,-9.27416700418244e-127,-4.5819633957568e-119,-5.82770923890045e-109,-3.34203056147959e-100,-4.10026319827836e-93,-1.07619721086346e-87,-6.04297500098934e-84,-7.25919631761224e-82,-1.86554227113949e-81,-1.02565300116967e-82,-1.2063536003816e-85,-3.0354816241259e-90,-6.35444584671971e-87,-2.31154729553429e-77,-1.79913502298447e-69,-3.01054015693879e-63,-1.28194761925177e-58,-5.86511786418713e-53,-1.21553700769946e-46,-5.45268070610352e-42,-5.2327755279186e-39,-1.07431826408107e-37,-4.71859413443768e-38,-4.43374893526953e-40,-8.91268137868507e-44,-2.34056078556992e-46,-1.10571855247453e-37,-1.119334411429e-30,-2.42411892859697e-25,-1.12312164888845e-21,-1.11321354776338e-19,-2.36052701991532e-19,-1.07082444657548e-20,-1.04915095695856e-23,-2.55488085743339e-20,-1.62243446577609e-16,-1.08209966245563e-13,-7.89620341927432e-12,-1.4375079124098e-11,-6.07810973006466e-10,-1.01766043537489e-06,-3.64886591069961e-05,-2.90980795057394e-05,-8.44201491793105e-06,-1.38358638244832e-06,-3.35554168280723e-07,-2.19043634134674e-08,-3.80139192317441e-07,-1.86976969640997e-05,-2.33764207648334e-05,-9.78427260027763e-06,-5.71257156965059e-05,-2.15370913716555e-05,-2.60150213062975e-05,-0.000112265846211227,-0.000135107354360222,-3.53202555340495e-05,-4.7359229203482e-05,-2.40033143780033e-05,-9.57607297766508e-06,-8.47576382466697e-05,-0.000110301500456878,-1.93799646440573e-05,-9.01408092702006e-05,-7.64255526125888e-05,-4.22557393706028e-05,-3.48238064635797e-05,-2.04471980350769e-05,-6.59824637002609e-05,-5.25396460352295e-05,-3.75938700611158e-05,-1.97416053916038e-05,-3.48919336346985e-05,-4.3226414555837e-05,-3.7544637858074e-05,-4.1068126145937e-06,-4.08909847246921e-05,-2.8658688704038e-05,-5.96392185889379e-07,-1.11765064053696e-09,-1.07589636306385e-10,-1.06399511765638e-08,-2.30203753648432e-08,-2.99672248280835e-09,-2.5364366993354e-09,-2.0006262892987e-09,-1.02770827632519e-08,-3.72668364583934e-06,-3.02916996124595e-05,-5.42354925366446e-06,-2.35105442927444e-08,-3.06600923139279e-07,-4.95470729656718e-06,-2.72941414024516e-05,-3.55689679955668e-05,-9.58401716993884e-05,-3.36359574003205e-05,-1.60949048901757e-05,-2.1723968015233e-05,-4.07540363090659e-06,-2.32063996839493e-05,-2.84008414513131e-05,-1.19664408744747e-06,-2.35824400203002e-07,-4.9846524566078e-07,-2.31014465717515e-06,-2.30478854191281e-07,-4.91932988653581e-10,-5.70483342248377e-14,-2.30094978570987e-14,-3.27487772380751e-16,-9.97154055382641e-20,-6.49543496991801e-25,-9.05175992588062e-32,-2.69858823867641e-40,-1.72115121793416e-50,-2.34844750119078e-62,-6.86893134608636e-76,-1.64128495114962e-90,-2.29402947283712e-104,-9.27536734528612e-120,-8.02509507731483e-137,-1.48541614231399e-155,-5.88199837926664e-176,-4.98288048133801e-198
0,0,0,0,0,0,0,0,0,0,0,0,0,0,0,0,0,0,0,0,0,0,0,0,0,0,0,0,0,0,0,0,0,0,0,0,0,0,0,0,0,0,0,0,0,0,0,0,0,0,0,0,0,0,0,0,0,0,0,0,0,0,0,0,0,0,0,0,0,0,0,0,0,0,0,0,0,0,0,0,0,0,0,0,0,0,0,0,0,0,0,0,0,0,0,0,0,0,0,0,0,0,0,0,0,0,0,0,0,0,0,-9.83141228659496e-320,-2.28159626230144e-309,-1.13278310202833e-300,-1.20318812143549e-293,-2.73400382558874e-288,-1.33289928740975e-284,-2.16729921091331e-266,-2.61512618375857e-247,-6.75064443572717e-230,-3.72800620935693e-214,-4.40440075909142e-200,-1.11320677067104e-187,-6.01926769200666e-177,-6.9629020410506e-168,-1.72312078507844e-160,-9.12262799627982e-155,-1.03324430067946e-150,-2.55334816291242e-148,-1.31929133009425e-137,-7.48479669789026e-127,-9.08444954720474e-118,-2.48907964776964e-110,-3.4931091437778e-101,-2.00249633585448e-92,-2.45681833831478e-85,-6.44841785864462e-80,-3.62086312084549e-76,-4.3496053233906e-74,-1.11780591659595e-73,-6.14556427274935e-75,-7.22829609853702e-78,-1.81881661490664e-82,-1.06303112353405e-80,-3.86696665698272e-71,-3.00958746016499e-63,-5.02541938497506e-57,-1.9893187661944e-52,-6.65335932784657e-48,-1.24387889186705e-41,-5.57967049848131e-37,-5.35464338021079e-34,-1.09933839744505e-32,-4.82848692326095e-33,-4.53700788563985e-35,-9.12025176228476e-39,-4.48128000132449e-43,-1.93490916034513e-34,-1.95873570296579e-27,-4.24199260310085e-22,-1.96536303180666e-18,-1.94802473574061e-16,-4.13071241669483e-16,-1.87384757736246e-17,-1.82198582074404e-20,-8.84181814169925e-18,-5.1329774929741e-14,-1.76303084312886e-11,-1.03716986691656e-09,-1.87149732982801e-09,-3.99524379109167e-10,-5.46886021147236e-07,-1.96071314893637e-05,-1.51417170640056e-05,-1.22519258436927e-06,-2.83016587899935e-06,-4.58186961010254e-06,-2.71641176166222e-07,-4.95847799242693e-07,-2.89082131455805e-05,-3.61786657860145e-05,-5.98367295256152e-06,-6.01271842114191e-05,-4.51729871114467e-05,-4.78195585597649e-05,-9.63903175366862e-05,-0.000110877669252412,-2.25145680480031e-05,-4.71960290447262e-05,-1.78919514584123e-05,-2.54290820228331e-05,-6.41949315830549e-05,-0.000102231874108485,-4.74116781257736e-05,-0.00015093817418255,-8.4410287257282e-05,-2.10376547115151e-05,-7.00053667802466e-05,-4.0562766891431e-05,-5.49607106042278e-05,-0.000111647470585682,-9.42855835338121e-05,-5.53753765781704e-05,-4.01233760604827e-05,-3.29621636407383e-05,-3.53989772675309e-05,-2.58295596199215e-06,-2.25857044773907e-05,-1.56323420894619e-05,-2.37577434780219e-07,-1.12728791111467e-10,-1.87103156983826e-11,-7.76887552212013e-10,-2.11312910643937e-08,-1.47323691845532e-08,-2.4295593808136e-10,-1.76896985033777e-11,-1.69960648682365e-08,-6.52211111698916e-06,-5.56414239458963e-05,-1.18718375607395e-05,-8.42954979316626e-08,-2.50261482546147e-07,-1.76254928497795e-06,-9.20440164642342e-06,-1.39874628850334e-05,-6.07029124855742e-05,-3.51458725028434e-05,-2.54422346636997e-05,-3.0043511602707e-06,-4.29081034532981e-07,-4.96652524228712e-06,-6.93808341887668e-06,-4.85149055659139e-06,-2.88591114926208e-06,-6.49101977188661e-08,-1.23995459727986e-07,-1.23699783683224e-08,-2.678881026069e-11,-1.20066424194339e-11,-7.98707053505981e-12,-1.13677858059162e-13,-3.46133036806254e-17,-2.25470138679072e-22,-3.1420552668612e-29,-9.36736442529048e-38,-5.97447917288536e-48,-8.15806615316801e-60,-4.90953583222925e-73,-2.23709040710926e-85,-4.22626463438503e-99,-1.70921548807994e-114,-1.47882220723749e-131,-2.73724654643075e-150,-1.08390364767942e-170,-9.18218942172887e-193
0,0,0,0,0,0,0,0,0,0,0,0,0,0,0,0,0,0,0,0,0,0,0,0,0,0,0,0,0,0,0,0,0,0,0,0,0,0,0,0,0,0,0,0,0,0,0,0,0,0,0,0,0,0,0,0,0,0,0,0,0,0,0,0,0,0,0,0,0,0,0,0,0,0,0,0,0,0,0,0,0,0,0,0,0,0,0,0,0,0,0,0,0,0,0,0,0,0,0,0,0,0,0,0,0,0,0,0,0,0,-9.1226632600602e-317,-9.89628002865545e-305,-2.29668340541033e-294,-1.14027367389418e-285,-1.21114424920224e-278,-2.75208253112387e-273,-1.33784533094918e-269,-1.09248197429692e-255,-1.31822048468373e-236,-3.40283303928455e-219,-1.87919580428786e-203,-2.22014958186299e-189,-5.61140023720775e-177,-3.03416409643148e-166,-3.50982685285462e-157,-8.68582606293188e-150,-4.59849133610865e-144,-5.20832918616824e-140,-1.2621890806471e-137,-4.94244626986044e-129,-2.804020717023e-118,-3.40329291985414e-109,-8.86667326942956e-102,-8.05075010126001e-94,-4.58883871755242e-85,-5.62994376844032e-78,-1.47769289138357e-72,-8.29742087382486e-69,-9.96737650628852e-67,-2.56151802365914e-66,-1.40829221034561e-67,-1.65640657844544e-70,-4.16792528120182e-75,-6.80117769763652e-75,-2.47404760095214e-65,-1.92544156376008e-57,-3.21115249514625e-51,-1.21792460537896e-46,-5.37568420653214e-43,-4.86917315602715e-37,-2.18361936568207e-32,-2.0955534567788e-29,-4.30228868606343e-28,-1.88964055796713e-28,-1.77556952346365e-30,-3.56923405519836e-34,-1.80859951851739e-39,-1.29492992412095e-31,-1.31087573887038e-24,-2.83893594192052e-19,-1.31531105118835e-15,-1.30370746851412e-13,-2.76446213907117e-13,-1.25406471316467e-14,-1.21750668787802e-17,-1.1724645128023e-15,-6.56583560954513e-12,-1.34781749444235e-09,-5.28334826050176e-08,-9.32725617681677e-08,-3.71228261991208e-09,-1.12413238769825e-07,-4.03011568209401e-06,-3.10405782797094e-06,-2.29732729976861e-06,-1.88421556808515e-05,-2.44351673077122e-05,-1.4303008618106e-06,-2.98941985715677e-07,-1.71305220084155e-05,-2.14388245436339e-05,-3.79706427254249e-06,-6.80782674396775e-05,-7.1128505945871e-05,-5.77171693040412e-05,-4.77902018945508e-05,-7.02721893078918e-05,-1.65296053560083e-05,-4.7276599094077e-05,-2.94799645260126e-05,-6.28395639355246e-05,-5.79461913744749e-05,-0.00013253727612588,-9.78711601727968e-05,-0.000182747782086062,-5.75754168789055e-05,-4.82782179074788e-05,-0.000124388001109501,-6.20645842980631e-05,-9.12663929881729e-05,-0.000202428298471172,-0.000156212786406561,-0.000124183214287975,-0.000128050529667371,-7.51980704917175e-05,-8.96117921774245e-05,-5.32480014610285e-06,-5.02840521450587e-06,-3.47103580488749e-06,-5.14741851871034e-08,-5.91081129671169e-10,-2.21902806834438e-09,-1.76440035352431e-08,-5.76082187832431e-07,-4.07071189715575e-07,-6.16193443041341e-09,-2.69940802491481e-12,-1.15758537902731e-08,-4.74293988736987e-06,-5.22668965364871e-05,-2.05594928966173e-05,-2.89249994711698e-07,-2.05018579222104e-06,-1.14385590017514e-05,-2.54545521410859e-06,-2.41012271944596e-06,-1.74651058453325e-05,-3.12475037775666e-05,-3.97361182470071e-05,-1.41066771780799e-06,-2.1336776414478e-08,-4.66416505762875e-07,-1.41345829956394e-06,-2.20334905232344e-05,-1.36661934381089e-05,-1.82047321119427e-07,-2.59660766109601e-09,-2.53955258899512e-10,-5.17924264011243e-11,-1.59378034883298e-09,-1.06032259144498e-09,-1.50912904219236e-11,-4.5950849815863e-15,-2.99322612368961e-20,-4.17123170423584e-27,-1.24356358882528e-35,-7.93364418051295e-46,-1.51387195493064e-57,-1.78614412716649e-68,-1.57554560872117e-80,-2.97846131296637e-94,-1.2045707101598e-109,-1.04220089823958e-126,-1.9290762577356e-145,-7.6388179031146e-166,-6.47115387928294e-188
0,0,0,0,0,0,0,0,0,0,0,0,0,0,0,0,0,0,0,0,0,0,0,0,0,0,0,0,0,0,0,0,0,0,0,0,0,0,0,0,0,0,0,0,0,0,0,0,0,0,0,0,0,0,0,0,0,0,0,0,0,0,0,0,0,0,0,0,0,0,0,0,0,0,0,0,0,0,0,0,0,0,0,0,0,0,0,0,0,0,0,0,0,0,0,0,0,0,0,0,0,0,0,0,0,0,0,0,-0,-1.30971704449115e-315,-3.51199574411992e-302,-3.809816107295e-290,-8.84164696830369e-280,-4.38976362526579e-271,-4.66259731485412e-264,-1.05948177752804e-258,-5.15036350856208e-255,-2.10610199826826e-245,-2.54128378469e-226,-6.5600288610414e-209,-3.62273980808281e-193,-4.28003524260841e-179,-1.08177354227978e-166,-5.84930374541967e-156,-6.76629302295242e-147,-1.67446562899244e-139,-8.86503555533362e-134,-1.00406894445375e-129,-2.4329090437142e-127,-7.08131671735847e-121,-4.01746819072739e-110,-4.87607605485981e-101,-1.26635956591536e-93,-7.71593409961867e-87,-4.02165077564616e-78,-4.93406391931494e-71,-1.29504511568649e-65,-7.27183194701619e-62,-8.73537548698014e-60,-2.24490584249658e-59,-1.23422259056801e-60,-1.45166919426552e-63,-3.65275579884688e-68,-1.66416666882141e-69,-6.05362534806696e-60,-4.71117807114493e-52,-7.85141468179231e-46,-2.90231188794621e-41,-5.59301274047168e-38,-7.30524243382195e-33,-3.26825595879472e-28,-3.13643891508902e-25,-6.43928211323372e-24,-2.8282452478809e-24,-2.65751413433174e-26,-5.34211508586826e-30,-2.30437865954695e-35,-3.31437508320431e-29,-3.35518841997425e-22,-7.26626080179685e-17,-3.36654060850512e-13,-3.33684122124486e-11,-7.07564499169202e-11,-3.20978051446289e-12,-3.11527107869456e-15,-5.950252450419e-14,-3.28625233425717e-10,-4.952230304668e-08,-1.06613174036923e-06,-1.77982807509948e-06,-6.94415324288361e-08,-8.89506334642363e-09,-3.17008766730359e-07,-2.78665132712793e-07,-7.7822465694617e-06,-5.41021142592911e-05,-5.09657113721717e-05,-3.2303204788205e-06,-2.41130444903885e-07,-3.89878020848417e-06,-5.03389167495624e-06,-1.84819159018102e-06,-3.79714601706963e-05,-5.23368485343831e-05,-6.72097378422491e-05,-2.49041106029467e-05,-5.57012915865522e-05,-1.44730972683798e-05,-2.21673250730625e-05,-4.54766831195657e-05,-8.98304851826908e-05,-0.00010929139655242,-0.000209963547570535,-0.00013565953707632,-0.000146036133645236,-3.33458821285404e-05,-0.00011907563441471,-0.000177452102023977,-8.37537929489852e-05,-0.000194094277078912,-0.000286168638579025,-0.000191567376694741,-0.000165479173223953,-0.000222629540405665,-0.000125886555158294,-0.000126375820905084,-8.51719449055237e-06,-5.0841916936548e-07,-2.96775741697519e-07,-4.54959719000369e-09,-2.8743365283287e-08,-1.11235948648617e-07,-1.95529286546697e-07,-6.10528213863961e-06,-4.33029320401707e-06,-6.62679139333735e-08,-2.25147826031239e-11,-4.43722963797991e-09,-2.18765768521006e-06,-4.44161925414371e-05,-3.05727913148415e-05,-5.51790839578557e-07,-7.02189789764383e-06,-3.90765421835692e-05,-4.71356711486135e-06,-8.69287094439593e-07,-1.43405960868536e-05,-2.13816715714483e-05,-2.49499780821448e-05,-8.32188493349306e-07,-1.05267966302107e-09,-1.83578088848962e-08,-1.39856208977979e-06,-3.98724149601571e-05,-2.4752496548171e-05,-3.28744155337615e-07,-1.13383721339276e-10,-3.78402464672335e-12,-2.60206788735609e-09,-8.09186554818273e-08,-5.38341935710473e-08,-7.66207809175874e-10,-2.33299466002163e-13,-1.51970651057736e-18,-2.11779805087493e-25,-6.31442825749954e-34,-4.62948965073219e-44,-1.16894793251316e-53,-4.80567446110054e-64,-4.24654390320643e-76,-8.02781109940702e-90,-3.24666500903631e-105,-2.80903159952643e-122,-5.19941613467041e-141,-2.0588814411043e-161,-1.74416235516648e-183
0,0,0,0,0,0,0,0,0,0,0,0,0,0,0,0,0,0,0,0,0,0,0,0,0,0,0,0,0,0,0,0,0,0,0,0,0,0,0,0,0,0,0,0,0,0,0,0,0,0,0,0,0,0,0,0,0,0,0,0,0,0,0,0,0,0,0,0,0,0,0,0,0,0,0,0,0,0,0,0,0,0,0,0,0,0,0,0,0,0,0,0,0,0,0,0,0,0,0,0,0,0,0,0,0,0,0,-7.71236473158186e-321,-6.96798640588854e-310,-1.44864420369232e-300,-5.17082788179235e-288,-5.60926236001836e-276,-1.30177195283799e-265,-6.46312976241394e-257,-6.86482782406317e-250,-1.55989451679447e-244,-7.5829749664887e-241,-1.55358388458535e-235,-1.87364788284197e-216,-4.83660434183732e-199,-2.67098810939373e-183,-3.15560151885222e-169,-7.97574328147825e-157,-4.31259808319389e-146,-4.98867960891315e-137,-1.23455672269055e-129,-6.53604890553251e-124,-7.40283971171141e-120,-1.79374296583043e-117,-3.88113720158346e-113,-2.20137488696104e-102,-2.6718490099412e-93,-6.93767794717027e-86,-6.20420782700086e-80,-1.34799606454887e-71,-1.65377029901138e-64,-4.34065545523477e-59,-2.43732952837158e-55,-2.9278713769733e-53,-7.52434233656284e-53,-4.13679412078383e-54,-4.86561875795586e-57,-1.22430903702475e-61,-1.55794764718722e-64,-5.66490752058712e-55,-4.4086128049007e-47,-7.34409307615061e-41,-2.67353167728554e-36,-3.71290597557509e-33,-4.2781854613628e-29,-1.87081549757337e-24,-1.79533509392474e-21,-3.68591479566837e-20,-1.61891755790284e-20,-1.52119006326942e-22,-3.05789772056286e-26,-1.31515192655156e-31,-3.24434287485571e-27,-3.28429383242227e-20,-7.11272588866899e-15,-3.29540615104931e-11,-3.2663343070286e-09,-6.92613775973933e-09,-3.14195837238869e-10,-3.04926355704875e-13,-1.15520168730266e-12,-6.34655736972257e-09,-8.23849625457506e-07,-8.9271739755024e-06,-1.30277343019381e-05,-5.05893205863848e-07,-7.0679405212402e-10,-1.9286068945983e-08,-1.68890521119807e-07,-1.05017361522489e-05,-6.3804516113038e-05,-4.61445938245078e-05,-7.19707419703047e-06,-2.70959586501343e-06,-6.13973877966195e-07,-3.46889458378755e-06,-2.83781763098578e-06,-8.55336089105033e-06,-2.06440248882228e-05,-6.68844540887699e-05,-3.09129068045756e-05,-4.54420387882582e-05,-2.18251388823312e-05,-9.55735187362528e-06,-4.90082070064458e-05,-8.18204145402979e-05,-0.000136903998796092,-0.000213105273697255,-0.000143752635143657,-8.33315590719423e-05,-2.73011861637952e-05,-0.000173137286880606,-0.000240898726492395,-0.000104122100884155,-0.000287410067928678,-0.000303659752858588,-0.00017299287008327,-0.000135492445021937,-0.000181330165092781,-0.000114056776357034,-8.9754955772801e-05,-1.56767311092578e-05,-7.31753453991776e-07,-2.28466877437564e-08,-3.25443636488215e-09,-5.50394426655005e-07,-2.15960518628444e-06,-1.01378926111815e-06,-2.50122175411624e-05,-1.81640743364427e-05,-2.96806487926459e-07,-1.19200958182074e-10,-1.16509889268124e-08,-2.88947273091228e-06,-3.59779179970669e-05,-2.30294437562622e-05,-5.26172740563659e-07,-9.25358882552238e-06,-5.11924963778203e-05,-6.09912710960963e-06,-2.11046685824021e-06,-3.80306189807025e-05,-1.85760625857094e-05,-6.10622763565454e-06,-1.99646444660032e-07,-1.47371826275402e-10,-9.50917695060207e-10,-9.52119689354928e-07,-2.76188901323628e-05,-1.71459134121158e-05,-2.27716254205235e-07,-6.47607845382318e-11,-3.47644660342873e-11,-5.05251733472492e-08,-1.57122563914406e-06,-1.04531723491962e-06,-1.48777231594365e-08,-4.53005676387777e-12,-2.95086699847394e-17,-4.11236487522626e-24,-1.29479080993818e-32,-6.28972427968767e-41,-1.19929972938831e-49,-4.95367813756181e-60,-4.37734222101603e-72,-8.27507670977095e-86,-3.34666594269188e-101,-2.8955529319826e-118,-5.35956399916667e-137,-2.12229730502101e-157,-1.79788451728621e-179
0,0,0,0,0,0,0,0,0,0,0,0,0,0,0,0,0,0,0,0,0,0,0,0,0,0,0,0,0,0,0,0,0,0,0,0,0,0,0,0,0,0,0,0,0,0,0,0,0,0,0,0,0,0,0,0,0,0,0,0,0,0,0,0,0,0,0,0,0,0,0,0,0,0,0,0,0,0,0,0,0,0,0,0,0,0,0,0,0,0,0,0,0,0,0,0,0,0,0,0,0,0,0,0,0,0,-1.5244000249915e-318,-6.43717176456394e-306,-5.81528089622377e-295,-1.12963524687866e-285,-2.9120320810311e-274,-3.15847319667265e-262,-7.33004013152732e-252,-3.63927033690355e-243,-3.86545917944439e-236,-8.78348114977189e-231,-4.26983472024819e-227,-4.87836773518729e-225,-5.28314451025744e-207,-1.36378237932884e-189,-7.53141307730794e-174,-8.89788257097569e-160,-2.2489286657666e-147,-1.21602778712153e-136,-1.40666320126727e-127,-3.48109248904912e-120,-1.84297653845505e-114,-2.08738644765637e-110,-5.05783573999966e-108,-8.39362818498342e-106,-4.61324502850313e-95,-5.59917693620385e-86,-1.45385485122194e-78,-8.37729053172422e-73,-1.72884136348103e-65,-2.11989968851963e-58,-5.56410648658338e-53,-3.12431179544066e-49,-3.753117078395e-47,-9.64514286697785e-47,-5.30278508360104e-48,-6.23703520621154e-51,-1.56939105734913e-55,-5.65783051090299e-60,-2.0274019817313e-50,-1.57777900642249e-42,-2.62770193778638e-36,-9.47972157101188e-32,-1.06837800047486e-28,-1.14252588590588e-25,-4.09596241009667e-21,-3.93032083191609e-18,-8.06907787431198e-17,-3.54407266448974e-17,-3.33014217270648e-19,-6.69441895155603e-23,-2.87946979780547e-28,-1.21456717221544e-25,-1.22952339681136e-18,-2.66275289040583e-13,-1.23368345569827e-09,-1.22279998599801e-07,-2.59290089731633e-07,-1.17623803708516e-08,-1.14152283692707e-11,-8.57829547678661e-12,-4.70339988579406e-08,-5.73422369741162e-06,-3.34908025945061e-05,-3.67574483484624e-05,-1.40997742606147e-06,-1.59472544783428e-09,-1.84016215383459e-07,-2.2192648025509e-06,-5.98632367795854e-06,-3.09894215478765e-05,-3.64026913916286e-05,-2.57163298845739e-05,-1.63858997450787e-05,-1.88163785071753e-06,-2.03830067187582e-05,-1.8944125536512e-05,-2.19743750359861e-06,-5.03121039840094e-06,-4.48646637088952e-05,-3.35135699797887e-05,-7.35149554041452e-05,-6.88776031867435e-05,-2.38223388099559e-05,-3.75930239788901e-05,-5.27727604668352e-05,-0.0001031379260293,-0.000149056503799018,-0.000118257939937302,-5.35315867064198e-05,-3.45320299989736e-05,-0.000193604061665343,-0.000295178055633338,-0.000108275101259375,-0.000220221532472428,-0.000213868899356088,-0.000125767958179127,-9.34311873783151e-05,-8.35486650529484e-05,-9.0172930584477e-05,-6.68002808203552e-05,-3.84435612331395e-05,-4.87464908770537e-06,-2.07479283187158e-07,-2.53719085036288e-08,-4.03922200488756e-06,-1.64295141571126e-05,-4.18679105602584e-06,-4.18917140147164e-05,-3.46126998131954e-05,-7.48385984487459e-07,-6.14367530608883e-10,-4.3449872808366e-08,-8.46204024855566e-06,-4.15762292680234e-05,-9.49216281805317e-06,-1.90707232946381e-06,-5.66268203774919e-06,-2.56622864501415e-05,-3.05692279312667e-06,-2.42869237199473e-06,-4.39281831507689e-05,-1.74013794359171e-05,-6.91427812889921e-07,-1.83679893913189e-08,-1.31168934039287e-11,-1.87258133946557e-10,-2.52141872029064e-07,-7.31673600594339e-06,-4.54225963020367e-06,-6.03261118843629e-08,-1.71441323418771e-11,-2.58116438261214e-10,-3.75203960062467e-07,-1.16680466993323e-05,-7.76260901604397e-06,-1.10483156766649e-07,-3.36405625708172e-11,-2.19136988358294e-16,-3.11807130632648e-23,-2.80433642770616e-30,-2.4488019049412e-37,-4.72790199358741e-46,-1.95286565810473e-56,-1.7256594218301e-68,-3.26224530083275e-82,-1.31934066932722e-97,-1.14150046905531e-114,-2.1128761803681e-133,-8.36663471904764e-154,-7.08771715799468e-176
0,0,0,0,0,0,0,0,0,0,0,0,0,0,0,0,0,0,0,0,0,0,0,0,0,0,0,0,0,0,0,0,0,0,0,0,0,0,0,0,0,0,0,0,0,0,0,0,0,0,0,0,0,0,0,0,0,0,0,0,0,0,0,0,0,0,0,0,0,0,0,0,0,0,0,0,0,0,0,0,0,0,0,0,0,0,0,0,0,0,0,0,0,0,0,0,0,0,0,0,0,0,0,0,0,-2.46498243891823e-318,-4.86554437822912e-304,-2.05460446433307e-291,-1.85611049095965e-280,-3.58845831924624e-271,-6.2848382278419e-261,-6.80171359448894e-249,-1.57851057826332e-238,-7.8371013267079e-230,-8.32419481355e-223,-1.89150641198468e-217,-9.1950100577998e-214,-9.56263440472576e-212,-5.69726874178827e-198,-1.47068373868359e-180,-8.1217699465781e-165,-9.59535143157526e-151,-2.42521304596295e-138,-1.31134726435404e-127,-1.51692581401915e-118,-3.75396118478789e-111,-1.9874399808679e-105,-2.25100818975797e-101,-5.45429893218266e-99,-3.47905802907115e-98,-3.69735563015299e-88,-4.48754098742709e-79,-1.16521093057983e-71,-6.48738192955697e-66,-8.54770687300723e-60,-1.03926238404153e-52,-2.72775432814474e-47,-1.5316664127343e-43,-1.83993267906634e-41,-4.72844656442067e-41,-2.59964380582237e-42,-3.05765172167085e-45,-7.6938017981676e-50,-1.17700451140695e-55,-2.77495946276207e-46,-2.15954024063902e-38,-3.59607904863889e-32,-1.29044842975711e-27,-1.25920797541974e-24,-2.66219005128253e-22,-3.43206945946274e-18,-3.29078071437005e-15,-6.75580617542687e-14,-2.9672414030833e-14,-2.78818505017514e-16,-5.60575228340703e-20,-2.41343903452226e-25,-1.73894577201331e-24,-1.76035919145343e-17,-3.81237277578559e-12,-1.76631531877686e-08,-1.75073300780056e-06,-3.71236280574733e-06,-1.6840683514359e-07,-1.63436132645595e-10,-2.43651464149888e-11,-1.3347759735155e-07,-1.58767245507713e-05,-6.0164877423861e-05,-4.04788220689705e-05,-1.50698532549746e-06,-1.16508881729513e-08,-1.32610078229873e-06,-1.58369137583707e-05,-5.57082580735361e-06,-8.65057321381042e-06,-4.18047443529219e-05,-4.90665334271852e-05,-3.89058495364651e-05,-6.40911070478391e-06,-5.25569355964728e-05,-5.5616658437732e-05,-4.62524589053873e-06,-8.13993644349317e-07,-1.67589074249835e-05,-1.88212489666125e-05,-8.94537132473828e-05,-0.000145093983720569,-5.82371166336799e-05,-4.10446815511649e-05,-4.73923385256417e-05,-0.000100215622303476,-0.000121612309920933,-7.83761096587359e-05,-5.48519040111613e-05,-6.26297134128923e-05,-0.000168263175928903,-0.000242176924327687,-0.000136119460600809,-0.000116469794363956,-0.000116181290920986,-6.85883699215154e-05,-0.000100589310585104,-7.06018913149938e-05,-0.000103353491980469,-8.12805165143126e-05,-5.45246441646571e-05,-2.17566655568172e-05,-1.58378777608603e-06,-1.79037947513785e-07,-1.15249159455395e-05,-5.05699151062657e-05,-1.69650754703253e-05,-3.72819891293221e-05,-4.55403729332394e-05,-1.55612156843908e-06,-1.3547733292912e-08,-7.68348582412812e-08,-1.24255958530635e-05,-5.16217853364029e-05,-5.62320840718098e-06,-1.27711508142938e-05,-8.48305169948688e-06,-5.01173325635823e-06,-5.8650469814602e-07,-1.07410611144147e-06,-1.94610866874778e-05,-7.56612151754472e-06,-8.20483872248284e-08,-6.55766006726364e-10,-4.60429690497342e-13,-1.88361685885889e-11,-2.55459888698518e-08,-7.413075317958e-07,-4.60206750539885e-07,-6.1120425023438e-09,-1.74738382777187e-12,-7.33068885357043e-10,-1.06560614666734e-06,-3.31380891618002e-05,-2.20463661426119e-05,-3.13780087496632e-07,-9.55421420554955e-11,-6.27273117013029e-16,-1.05644324421525e-21,-4.09108780037034e-27,-3.69196575230402e-34,-7.12824709940863e-43,-2.94433116728546e-53,-2.60177283510898e-65,-4.91847991428551e-79,-1.98916696440009e-94,-1.72103769381255e-111,-3.18557867241314e-130,-1.26143563775829e-150,-1.06861352427528e-172
0,0,0,0,0,0,0,0,0,0,0,0,0,0,0,0,0,0,0,0,0,0,0,0,0,0,0,0,0,0,0,0,0,0,0,0,0,0,0,0,0,0,0,0,0,0,0,0,0,0,0,0,0,0,0,0,0,0,0,0,0,0,0,0,0,0,0,0,0,0,0,0,0,0,0,0,0,0,0,0,0,0,0,0,0,0,0,0,0,0,0,0,0,0,0,0,0,0,0,0,0,0,0,0,-3.26132732819807e-320,-3.00895913197586e-304,-5.93928642673841e-290,-2.50802036909374e-277,-2.26572218556254e-266,-4.37896187136633e-257,-5.34496029276726e-248,-5.60182063135754e-236,-1.30004487333373e-225,-6.45455503554082e-217,-6.8557201586149e-210,-1.55782498238568e-204,-7.57291452493584e-201,-7.8756472235576e-199,-2.3496902986562e-189,-6.06545253035573e-172,-3.34961275342153e-156,-3.95735310654864e-142,-1.00021603689279e-129,-5.40831068810951e-119,-6.25616594172762e-110,-1.54822364375293e-102,-8.19667923416054e-97,-9.28369775315535e-93,-2.2494837189892e-90,-1.16806467376082e-89,-1.13331482298342e-81,-1.37551980105013e-72,-3.57159423416794e-65,-1.98425265147267e-59,-1.82396374811187e-54,-1.94852501431856e-47,-5.11428323738385e-42,-2.87173070465975e-38,-3.44970100862674e-36,-8.86539332011039e-36,-4.87408803648007e-37,-5.73280987300492e-40,-1.44251559446362e-44,-8.16488968304745e-51,-1.45259030319957e-42,-1.13043823164215e-34,-1.88225562207747e-28,-6.7334549249466e-24,-5.97295796619335e-21,-6.38424472507389e-19,-1.10628272973216e-15,-1.05396373878362e-12,-2.16333164791829e-11,-9.50138575017432e-12,-8.92908755437161e-14,-1.79672967966059e-17,-7.77822412012618e-23,-9.52183604650125e-24,-9.63907787850504e-17,-2.08751476778721e-11,-9.67169143567203e-08,-9.58636844604757e-06,-2.0327529956156e-05,-9.22133736741179e-07,-8.94915584865347e-10,-2.64794355671576e-11,-1.44938063940454e-07,-1.70782560091666e-05,-5.11100660175175e-05,-1.79927064214708e-05,-7.43762848211322e-07,-3.04222400404903e-07,-3.67422466275597e-06,-4.36967725312578e-05,-1.60693055995004e-05,-1.72664365486943e-05,-2.99417342902904e-05,-3.75805392791898e-05,-4.11262316573931e-05,-1.88508523628689e-05,-5.51680193008884e-05,-6.35579339793762e-05,-5.49059327468198e-06,-9.72034441208293e-08,-3.08670107896854e-06,-1.55343183382479e-05,-6.15897561261146e-05,-0.000190426336440938,-8.54097369505482e-05,-3.75015768389313e-05,-5.14396093833927e-05,-0.000132253034319399,-0.000182763856799792,-6.10612138317382e-05,-6.30021044950964e-05,-8.73976330547603e-05,-0.000119891108935754,-0.000133246164333434,-0.000161547307356869,-7.82074836871504e-05,-0.000104314190301992,-5.67590438967462e-05,-0.000151733813535621,-0.000126697881152495,-0.000129697671437846,-8.52038950094306e-05,-6.67985734145871e-05,-4.78217201812248e-05,-8.93254944988138e-06,-2.13727115517198e-06,-1.52569686745648e-05,-6.71283398747505e-05,-3.92339511461369e-05,-2.73780502406394e-05,-4.71936510810285e-05,-1.99852695382238e-06,-3.73714531822507e-07,-4.02029082514881e-07,-7.13177486703876e-06,-2.91871185457136e-05,-3.84351369173159e-06,-3.51439087579599e-05,-2.10156565406082e-05,-6.27415846295746e-07,-4.31738130942099e-08,-1.81866524558111e-07,-3.29770215535985e-06,-1.28016445098515e-06,-1.08885648788886e-08,-1.055211386105e-11,-6.20186513065763e-15,-7.29756329396844e-13,-9.89859106581363e-10,-2.87242795808114e-08,-1.78321503595611e-08,-2.36830208986511e-10,-7.90082708818172e-14,-7.96239624274124e-10,-1.15743263229426e-06,-3.59936979415325e-05,-2.39461678355348e-05,-3.40820173737024e-07,-1.04082346660549e-10,-3.51154795347871e-15,-5.59243594033245e-19,-2.35882321304814e-24,-2.12883319946582e-31,-4.11023578585869e-40,-1.69773790958801e-50,-1.50021452185127e-62,-2.8360565892893e-76,-1.14697837032911e-91,-9.92371703659082e-109,-1.83684421651428e-127,-7.27359451451241e-148,-6.16175826630969e-170
0,0,0,0,0,0,0,0,0,0,0,0,0,0,0,0,0,0,0,0,0,0,0,0,0,0,0,0,0,0,0,0,0,0,0,0,0,0,0,0,0,0,0,0,0,0,0,0,0,0,0,0,0,0,0,0,0,0,0,0,0,0,0,0,0,0,0,0,0,0,0,0,0,0,0,0,0,0,0,0,0,0,0,0,0,0,0,0,0,0,0,0,0,0,0,0,0,0,0,0,0,0,0,-4.94065645841247e-324,-1.52247318017728e-306,-1.40471695100253e-290,-2.77272503698652e-276,-1.17085628996634e-263,-1.05774064075651e-252,-2.04425128348292e-243,-2.47173417475331e-235,-1.7644522863755e-223,-4.09485842860776e-213,-2.03304436887723e-204,-2.1594026522857e-197,-4.90680967269821e-192,-2.38530326972715e-188,-2.48065748095631e-186,-3.70621586387234e-181,-9.5670232201983e-164,-5.28333588141607e-148,-6.2419232318444e-134,-1.57763827221097e-121,-8.53051502360959e-111,-9.86783501055772e-102,-2.44200931022299e-94,-1.29286018098854e-88,-1.46431534216514e-84,-3.5481050861948e-82,-1.83925808464812e-81,-1.32858544674719e-75,-1.61251538379182e-66,-4.18694711243736e-59,-2.32580839534434e-53,-3.90271197501644e-49,-1.39725514181807e-42,-3.66719498327602e-37,-2.05917348119146e-33,-2.47360688192324e-31,-6.3569271284719e-31,-3.49496309375419e-32,-4.11070928133836e-35,-1.03435529418149e-39,-5.58256835125547e-46,-2.90803313967511e-39,-2.26309344547126e-31,-3.76801966788155e-25,-1.34549449765598e-20,-1.12356554592131e-17,-7.89217232414073e-16,-1.43410772712022e-13,-1.29216704397679e-10,-2.64999637095519e-09,-1.16376725759519e-09,-1.09444255919276e-11,-2.21301747775442e-15,-9.94668474416395e-21,-1.99598848797916e-23,-2.01854942712521e-16,-4.37152992406969e-11,-2.0253791340708e-07,-2.00751138012194e-05,-4.25685158529221e-05,-1.93106908097772e-06,-1.87407052486285e-09,-1.10307698743162e-11,-6.0201081498846e-08,-7.06843679524096e-06,-1.90751411987993e-05,-4.88114604260833e-06,-2.15846866666758e-06,-4.21939753867282e-06,-4.13658619276299e-06,-4.62832104498399e-05,-3.14496859763248e-05,-5.89593399575732e-05,-1.9973327654075e-05,-1.15494337121637e-05,-3.13863486684595e-05,-4.26877418667668e-05,-4.46690026393144e-05,-3.18773827043069e-05,-2.56666779382072e-06,-1.11043092460525e-08,-1.05397441913642e-06,-3.41365737262479e-05,-5.6733595612046e-05,-0.000161941839612134,-9.84172879263458e-05,-3.62297595661572e-05,-5.42216619876835e-05,-0.000156458024599851,-0.000285249870090712,-6.53780870012098e-05,-5.34318956336647e-05,-0.000116753835275164,-0.000103490958298562,-7.56415778901677e-05,-0.0001355159680828,-6.01591626129805e-05,-0.000152252476168043,-0.000115210082984098,-0.000153841887798937,-0.000168441185373287,-0.000153157478234595,-0.000103859405007212,-0.000114788268157814,-5.11350178561562e-05,-4.00252738969185e-05,-1.59358339619407e-05,-2.43484040869467e-05,-4.27457888897419e-05,-3.90363971497188e-05,-1.36179186700751e-05,-2.48506738773725e-05,-1.18897468756166e-06,-4.33126099179471e-06,-4.25805690494102e-06,-1.65418117912502e-06,-6.40400223397381e-06,-1.89021504636429e-06,-3.7046933791816e-05,-2.20901128677759e-05,-2.91844370422471e-07,-1.29275656598472e-09,-1.17820912652704e-08,-2.13711963010844e-07,-8.29528707485784e-08,-6.90152023727196e-10,-1.66899981456506e-13,-3.24181529126604e-17,-1.08142625527316e-14,-1.46687739561504e-11,-4.25666605278087e-10,-2.64255571215769e-10,-3.50959928675569e-12,-5.86504560513309e-15,-3.30759627121833e-10,-4.80799968244588e-07,-1.49518584097442e-05,-9.94729666807929e-06,-1.41734579191848e-07,-1.1094779433241e-10,-6.25587204582557e-13,-1.23305283689753e-16,-5.20174470331849e-22,-4.6945646767183e-29,-9.06401109290139e-38,-3.74390084828941e-48,-3.30831654830519e-60,-6.25415419569302e-74,-2.52934994818299e-89,-2.18840684546488e-106,-4.05066210841221e-125,-1.6039941453829e-145,-1.35881655488147e-167
0,0,0,0,0,0,0,0,0,0,0,0,0,0,0,0,0,0,0,0,0,0,0,0,0,0,0,0,0,0,0,0,0,0,0,0,0,0,0,0,0,0,0,0,0,0,0,0,0,0,0,0,0,0,0,0,0,0,0,0,0,0,0,0,0,0,0,0,0,0,0,0,0,0,0,0,0,0,0,0,0,0,0,0,0,0,0,0,0,0,0,0,0,0,0,0,0,0,0,0,0,0,0,-6.30277092939717e-311,-2.71826558693187e-293,-2.5080203690983e-277,-4.95049971861448e-263,-2.09047909788968e-250,-1.88851929945291e-239,-3.64985725614472e-230,-1.70500275421662e-222,-2.125507847884e-211,-4.93275041906719e-201,-2.44904692979168e-192,-2.60126070868027e-185,-5.91084353492502e-180,-2.87338522403891e-176,-2.98825086191103e-174,-2.90051225091778e-173,-5.77112060142831e-156,-3.18706956675239e-140,-3.76531873360317e-126,-9.51679589857812e-114,-5.14586720032301e-103,-5.95257946073513e-94,-1.47309459951493e-86,-7.79892747570321e-81,-8.83319737357328e-77,-2.14032535384058e-74,-1.10948262948845e-73,-5.95698408007713e-70,-7.22983307949327e-61,-1.87723479926007e-53,-1.04277024712348e-47,-1.27041932663204e-43,-3.83468553020254e-38,-1.00566407897257e-32,-5.6469229772944e-29,-6.78343405852289e-27,-1.74327603530337e-26,-9.58432475644083e-28,-1.12729009360489e-30,-2.83653840931982e-35,-1.5704254230512e-41,-2.22651392806718e-36,-1.73271876525024e-28,-2.88487135661697e-22,-1.02904280164154e-17,-8.28011407755844e-15,-4.04384861576232e-13,-1.01366660895528e-11,-6.08441078021852e-09,-1.24289243235538e-07,-5.45661498387739e-08,-5.15305468410021e-10,-1.07150744935685e-13,-7.35553481946539e-19,-6.39408462882378e-23,-1.61663876861266e-16,-3.50112048702927e-11,-1.62210862180154e-07,-1.60779849228302e-05,-3.40927559787494e-05,-1.54657651640912e-06,-1.50092684009428e-09,-1.77742289607646e-12,-9.56369106386713e-09,-1.12187391784185e-06,-3.40007310557413e-06,-1.20970177788437e-05,-1.30062451011614e-05,-2.28566296313402e-05,-3.09223137594049e-06,-1.9004130408157e-05,-3.54834403100144e-05,-8.33697685752983e-05,-1.84388670026029e-05,-1.8823959837449e-06,-2.27388242527663e-05,-5.17329836618887e-05,-8.38169005417391e-05,-2.43951184668997e-05,-1.00223921192519e-06,-2.42028900485138e-09,-9.84868398576008e-07,-4.35495030439221e-05,-7.26085089525184e-05,-8.5346094104319e-05,-9.84177043016656e-05,-4.85116353594449e-05,-4.79663176317844e-05,-0.000164297447095543,-0.00028865981455268,-5.08955404128036e-05,-2.4431754203963e-05,-0.000138400119184746,-9.05484057548951e-05,-4.62507692093778e-05,-0.00011318379810114,-5.8982283407242e-05,-0.000190475767072357,-0.000162781057187711,-0.000123308008595973,-0.000172683117190392,-0.000157643131309944,-0.000128740302761819,-0.000150422559529326,-4.43123647562649e-05,-9.68523323130447e-05,-5.29208035736533e-05,-4.88179875460007e-05,-1.64376661235224e-05,-1.54863095250777e-05,-3.11109218964703e-06,-5.29373799449736e-06,-6.55348187731954e-07,-1.92949607966799e-05,-1.90324235696056e-05,-5.52754164993603e-07,-5.38502593256465e-07,-5.83035087806165e-07,-1.49372521380803e-05,-8.90618254127731e-06,-1.13711764911597e-07,-4.42287917395301e-11,-2.91975200351453e-10,-5.2968319973582e-09,-2.05596009303377e-09,-1.70748940664989e-11,-3.1203700693841e-15,-7.49722199478948e-20,-6.12896307954375e-17,-8.3135009939346e-14,-2.41245775337698e-12,-1.49766364978551e-12,-1.989059044225e-14,-7.79004451037939e-16,-5.25473602110609e-11,-7.63840779068443e-08,-2.37538337965254e-06,-1.58097245666672e-06,-3.57714823010015e-08,-5.72830240530819e-09,-5.27371473774554e-11,-1.0399320031793e-14,-4.38704842142121e-20,-3.95930283655113e-27,-7.64440737362419e-36,-3.15753179882972e-46,-2.79016863030469e-58,-5.27462973724525e-72,-2.13320363315849e-87,-1.84565897531426e-104,-3.41624816813526e-123,-1.35279960179079e-143,-5.18779514971855e-165
0,0,0,0,0,0,0,0,0,0,0,0,0,0,0,0,0,0,0,0,0,0,0,0,0,0,0,0,0,0,0,0,0,0,0,0,0,0,0,0,0,0,0,0,0,0,0,0,0,0,0,0,0,0,0,0,0,0,0,0,0,0,0,0,0,0,0,0,0,0,0,0,0,0,0,0,0,0,0,0,0,0,0,0,0,0,0,0,0,0,0,0,0,0,0,0,0,0,0,0,0,0,-2.13482307108482e-317,-4.303714580772e-298,-1.85611049043902e-280,-1.71254896493482e-264,-3.38034462298702e-250,-1.42743968885563e-237,-1.28953568774245e-226,-2.49222802418241e-217,-1.03946262649208e-209,-9.79310385452956e-200,-2.27252722577359e-189,-1.12828044233533e-180,-1.19840561130813e-173,-2.72313652998369e-168,-1.32377387796901e-164,-1.37669268941804e-162,-3.06345947484253e-162,-1.3314141681277e-148,-7.35266141368204e-133,-8.68669891978252e-119,-2.19555226265951e-106,-1.18716640510306e-95,-1.37327725034324e-86,-3.39847172887216e-79,-1.79923506273319e-73,-2.03784411126899e-69,-4.93779232373174e-67,-2.55960818609228e-66,-1.02437511129685e-64,-1.23981677183048e-55,-3.2191508974983e-48,-1.78815577509072e-42,-2.12822918308335e-38,-4.07249957867406e-34,-1.05473096742633e-28,-5.92243765187592e-25,-7.1143993191801e-23,-1.82833085851035e-22,-1.00519460757444e-23,-1.18229082582806e-26,-2.97493375676988e-31,-2.70362320231486e-37,-6.52149814314988e-34,-5.0736851454715e-26,-8.44723762897218e-20,-3.01128699297851e-15,-2.3695012508574e-12,-8.46104660626079e-11,-7.59148114198611e-10,-1.11744015441329e-07,-2.24133412234892e-06,-9.83511941471725e-07,-9.51542792443475e-09,-2.29787212854001e-12,-1.9163601782098e-16,-4.65884756981911e-20,-4.95172246291001e-17,-1.07238408498292e-11,-4.96847645368982e-08,-4.92464489975778e-06,-1.04425223500502e-05,-4.73712374299479e-07,-4.59731702932713e-10,-1.15649235495951e-13,-5.81096342708535e-10,-6.95428789871269e-08,-1.72071143697184e-06,-3.56485085309077e-05,-3.28514988372236e-05,-4.77573660561786e-05,-3.43389477099594e-06,-3.14160474181578e-06,-1.91409830495254e-05,-4.56912496071495e-05,-9.22853549854533e-06,-3.54218879161594e-06,-1.65394815836652e-05,-4.66975695245023e-05,-0.000113087862834154,-4.8579632600363e-05,-2.23056084437408e-06,-3.46631939059654e-09,-4.86152822398416e-07,-3.16684285105961e-05,-7.82200262267567e-05,-2.85477142217383e-05,-5.98769694452395e-05,-3.59276947962841e-05,-4.38643906125783e-05,-0.000134956590664636,-0.000178421451118928,-2.27362845395661e-05,-7.66810331066726e-06,-0.000101844733097212,-6.16582601452489e-05,-4.3562606225466e-05,-8.91765011160112e-05,-6.56217687512733e-05,-0.000195401136134252,-0.000147567950721445,-0.000103931602415125,-0.000160449919919255,-0.000128015553089854,-0.000122902670689086,-0.000117669181809295,-4.13338172231913e-05,-0.000109485724651862,-7.75518441946241e-05,-4.93812495388292e-05,-6.00179471902971e-06,-2.39957183103444e-06,-2.95612555740675e-07,-4.35505186301313e-07,-7.36046787555801e-07,-3.30662413302276e-05,-3.44192632149815e-05,-1.14316878895715e-06,-1.97249321961478e-08,-8.41588708130611e-08,-2.30338613934594e-06,-1.37337374266708e-06,-1.75186654504575e-08,-4.83654334282357e-12,-2.76744793399903e-12,-5.02080420712118e-11,-1.94881871907547e-11,-1.61827992523938e-13,-2.88135864033395e-17,-1.58323388646535e-22,-1.32845497395361e-19,-1.80195438113604e-16,-5.2290110041257e-15,-3.24619143868746e-15,-4.31129418008094e-17,-4.70001334807645e-17,-3.19270664074506e-12,-4.64099392938149e-09,-1.44347636082546e-07,-1.17285200289094e-07,-4.29686686894143e-07,-1.84544231931751e-07,-1.70101978230633e-09,-3.35427016840359e-13,-1.41502959915625e-18,-1.27706151552585e-25,-2.46568117390116e-34,-1.01845261926141e-44,-8.9996070689391e-57,-1.70131634890349e-70,-6.88058574236166e-86,-5.9531188848546e-103,-1.10195523576842e-121,-4.96086409888377e-141,-8.04935642051412e-158
0,0,0,0,0,0,0,0,0,0,0,0,0,0,0,0,0,0,0,0,0,0,0,0,0,0,0,0,0,0,0,0,0,0,0,0,0,0,0,0,0,0,0,0,0,0,0,0,0,0,0,0,0,0,0,0,0,0,0,0,0,0,0,0,0,0,0,0,0,0,0,0,0,0,0,0,0,0,0,0,0,0,0,0,0,0,0,0,0,0,0,0,0,0,0,0,0,0,0,0,-0,-0,-5.57498299057523e-305,-1.12389335105489e-285,-4.84713890727838e-268,-4.47223522592643e-252,-8.82759944867949e-238,-3.72768673486013e-225,-3.36755739304142e-214,-6.5083277119459e-205,-2.69252185342537e-197,-1.72769995394925e-188,-4.00404316147142e-178,-1.98795575840808e-169,-2.11151168319241e-162,-4.79798704523106e-157,-2.33240230424606e-153,-2.42564176138889e-151,-5.39670492188269e-151,-1.17472415899768e-141,-6.48734946807665e-126,-7.66438823250181e-112,-1.93716451797918e-99,-1.04745246834469e-88,-1.21166050471986e-79,-2.9985161184694e-72,-1.58748866164945e-66,-1.79801655039688e-62,-4.35667884083819e-60,-2.25837582593393e-59,-9.20542818798844e-60,-8.13254058697166e-51,-2.11152981416996e-43,-1.17286974767812e-37,-1.39387842787824e-33,-1.96615759366985e-30,-4.23060043975349e-25,-2.37552092443061e-21,-2.85362287004094e-19,-7.33353083807488e-19,-4.03188820717453e-20,-4.74223040790247e-23,-1.19326163386175e-27,-1.13401604609079e-32,-9.14421526681041e-32,-5.6818364823439e-24,-9.45966474894754e-18,-3.37097783664092e-13,-2.61756358232722e-10,-7.27006122638658e-09,-4.31311689226636e-08,-8.5741907876754e-07,-1.58422661792686e-05,-6.9706473599775e-06,-7.65853096302897e-08,-3.52920505216231e-11,-6.43704991869642e-14,-1.73344906928221e-17,-5.80065236168379e-18,-1.2562132375584e-12,-5.82017765795131e-09,-5.76883251016574e-07,-1.22326029863913e-06,-5.54981891298348e-08,-5.45544670406333e-11,-5.19256704629949e-15,-1.35355151947889e-11,-3.25692090944045e-09,-1.80107642979848e-06,-4.14700400971653e-05,-3.72807717702186e-05,-4.17580596482112e-05,-2.61132127158846e-06,-2.36751295960668e-07,-4.27029595537592e-06,-9.67457074852562e-06,-3.04160449678443e-06,-2.15586507065699e-05,-2.70145915296393e-05,-5.20696082696077e-05,-7.32714195346123e-05,-6.4436489647257e-05,-3.91206929499188e-06,-9.2797839250797e-09,-1.58689769157393e-07,-2.01822934828853e-05,-7.39037094494919e-05,-1.66022848787339e-05,-2.67890922758102e-05,-1.29404368625065e-05,-6.70948626702621e-05,-0.000100027121523987,-8.7811241655795e-05,-2.13902038922587e-05,-6.43849785634447e-06,-6.73567971209569e-05,-6.10249731862359e-05,-4.84929271699918e-05,-5.84443613134217e-05,-8.60229790727415e-05,-0.00016437752638311,-0.000123809153954795,-7.6509341255634e-05,-0.00011563645994248,-9.45660889152847e-05,-9.86710066956781e-05,-5.43555309105235e-05,-2.99998382534626e-05,-7.26862102618449e-05,-6.11407352806357e-05,-3.56808858913862e-05,-3.71976550673414e-06,-2.68786003678277e-07,-1.19184725093935e-08,-1.39196533584691e-08,-4.70690044854985e-07,-2.30212660085675e-05,-3.6986694186116e-05,-3.80307251251473e-06,-1.55308371135267e-08,-4.89409277916852e-09,-1.35842009990739e-07,-8.09946789240384e-08,-1.03313741090844e-09,-2.82022438445512e-13,-1.0033700496994e-14,-1.8201202313031e-13,-7.06477293434007e-14,-5.86645255886154e-16,-1.04234083018585e-19,-4.11307451001765e-25,-1.10122580308892e-22,-1.4937342296184e-19,-4.33460070115083e-18,-2.69093786092675e-18,-3.57389037940432e-20,-1.09186197643342e-18,-7.41885529976484e-14,-1.07848957396626e-10,-3.6327570388154e-09,-2.64588652423199e-07,-5.28365159097863e-06,-2.27647195233266e-06,-2.09832213721741e-08,-4.13771752123953e-12,-1.74553404213325e-17,-1.57534114521523e-24,-3.04158331999352e-33,-1.25632970383112e-43,-1.11016197216091e-55,-2.09868797459719e-69,-8.48766461039557e-85,-7.34463827087393e-102,-4.28004549907383e-119,-3.44610134865435e-134,-6.13079616716903e-151
0,0,0,0,0,0,0,0,0,0,0,0,0,0,0,0,0,0,0,0,0,0,0,0,0,0,0,0,0,0,0,0,0,0,0,0,0,0,0,0,0,0,0,0,0,0,0,0,0,0,0,0,0,0,0,0,0,0,0,0,0,0,0,0,0,0,0,0,0,0,0,0,0,0,0,0,0,0,0,0,0,0,0,0,0,0,0,0,0,0,0,0,0,0,0,0,0,-0,-1.54657369117685e-319,-8.44041508473807e-315,-9.85465974254525e-312,-2.46208197692017e-310,-5.56794439171655e-293,-1.1224743988408e-273,-4.84101923544415e-256,-4.46658888228553e-240,-8.81645431487052e-226,-3.72298040810666e-213,-3.36330574139237e-202,-6.50011073184526e-193,-2.68764118844049e-185,-1.18636835150598e-177,-2.69810044815359e-167,-1.33957203331126e-158,-1.42282945022865e-151,-3.23309471792671e-146,-1.5716752669087e-142,-1.63450411441258e-140,-3.63653712807888e-140,-3.96395320018322e-135,-2.18907036681041e-119,-2.58624654676934e-105,-6.53670572675585e-93,-3.5344899644745e-82,-4.08858828797306e-73,-1.01180964762955e-65,-5.35677074892403e-60,-6.0671692944502e-56,-1.47010371417769e-53,-7.62059084680793e-53,-8.61916802174618e-54,-2.04081343577728e-46,-5.29845093578926e-39,-2.9429238624627e-33,-3.49700558497982e-29,-1.13624318064213e-26,-6.4902488243183e-22,-3.64407351249013e-18,-4.37748503365341e-16,-1.12497059555915e-15,-6.18495464181368e-17,-7.27462624795166e-20,-1.83047934366665e-24,-3.98089696038459e-28,-6.87306640087228e-28,-2.43345737632948e-22,-4.05142937575066e-16,-1.44343312457647e-11,-1.11208778709185e-08,-2.5629415408592e-07,-1.0805427601378e-06,-3.48157046057066e-06,-4.75777321647726e-05,-2.1677588308962e-05,-3.75790336332705e-07,-1.01854399470713e-09,-9.09261432880462e-12,-2.46733182450639e-15,-2.74206878234739e-19,-5.62789614210625e-14,-2.60746855723968e-10,-2.58455113731556e-08,-5.50049025220188e-08,-3.50103754227724e-09,-1.11352371416747e-10,-2.50217062678931e-13,-1.36440673251278e-13,-8.48862891219748e-10,-9.08721350836625e-07,-2.17966053547415e-05,-3.63008535322107e-05,-2.91482140893627e-05,-1.06893315209587e-06,-1.07482027496546e-08,-3.73005249756488e-07,-7.97557395974895e-07,-4.30683382714589e-06,-6.34405365174839e-05,-4.17691199433049e-05,-4.00696844029042e-05,-3.27578302332324e-05,-6.35638049103688e-05,-6.72780836313473e-06,-5.81867983537492e-08,-6.58300995022314e-08,-1.26913960887877e-05,-5.55798031077322e-05,-3.26338035399489e-05,-4.85398883006189e-05,-6.50004870482848e-06,-6.12051289409538e-05,-6.42506830513837e-05,-7.53135777739052e-05,-7.23126902465324e-05,-2.32473371472086e-05,-5.15267120653632e-05,-7.21173052425864e-05,-4.19528827728327e-05,-5.11802122347518e-05,-0.000102773758137655,-0.000107353393154335,-0.00010142939504123,-4.80189048802462e-05,-9.09601319718733e-05,-0.000122982472242645,-9.90053769945747e-05,-2.23988533724679e-05,-3.19915846168248e-05,-8.67139176316243e-05,-5.32114132973959e-05,-4.1781289889366e-05,-1.41423754911453e-05,-1.00646946296977e-06,-1.85262070688024e-09,-2.1978982482693e-10,-1.26084924258232e-07,-9.85542476694861e-06,-4.96887320434795e-05,-9.45280897098858e-06,-4.2053356984895e-08,-1.1406041244651e-10,-3.06387813241598e-09,-1.82681244857204e-09,-2.33021116283604e-11,-6.35886929625775e-15,-1.39456512202795e-17,-2.52346084553693e-16,-9.79478030740049e-17,-8.13339135498433e-19,-1.4448861819013e-22,-5.51149153616884e-28,-3.4912071798313e-26,-4.73557344353264e-23,-1.37419492448344e-21,-8.53105835009022e-22,-1.13332215774676e-23,-9.70371860474474e-21,-6.60613213042242e-16,-1.04827627621428e-12,-1.40397278139752e-09,-1.23896776975314e-06,-2.49272105975853e-05,-1.07397709505483e-05,-9.8993041542616e-08,-1.95206079523733e-11,-8.23494729176065e-17,-7.43202423108453e-24,-1.43493496654421e-32,-5.9270163986146e-43,-5.23743742908474e-55,-9.90102998321037e-69,-4.00595640059325e-84,-3.14053583783043e-99,-1.20712535683341e-112,-1.00381246714944e-127,-1.78590634160178e-144
0,0,0,0,0,0,0,0,0,0,0,0,0,0,0,0,0,0,0,0,0,0,0,0,0,0,0,0,0,0,0,0,0,0,0,0,0,0,0,0,0,0,0,0,0,0,0,0,0,0,0,0,0,0,0,0,0,0,0,0,0,0,0,0,0,0,0,0,0,0,0,0,0,0,0,0,0,0,0,0,0,0,0,0,0,0,0,0,0,0,0,0,0,0,0,-0,-2.88973067464795e-318,-3.44586989028604e-310,-8.79061150147841e-304,-4.79753450735815e-299,-5.60139160190225e-296,-1.39911231798357e-294,-2.12674751444566e-281,-4.28743440993221e-262,-1.84908916146522e-244,-1.70607070314552e-228,-3.36755739304276e-214,-1.42203994369086e-201,-1.28465760837493e-190,-2.48280036034856e-181,-1.02654072434452e-173,-3.90411424758535e-167,-6.95324085558756e-157,-3.45219350562581e-148,-3.66675510203808e-141,-8.33196596431544e-136,-4.05034370265441e-132,-4.21225910094945e-130,-9.3716721044721e-130,-5.16013439397719e-129,-2.82502211883738e-113,-3.33758284345876e-99,-8.43569879817212e-87,-4.56130258754459e-76,-5.27637326029534e-67,-1.30575274232566e-59,-6.91297825811842e-54,-7.82975628167073e-50,-1.89718684812689e-47,-9.83446582039731e-47,-1.09077347214082e-47,-1.95986112204367e-42,-5.08769358842203e-35,-2.82557689757506e-29,-3.35725811472445e-25,-8.67912454394643e-23,-3.81208629766177e-19,-2.1378962780168e-15,-2.56816457144358e-13,-6.59992528794748e-13,-3.62855978556511e-14,-4.26784293332608e-17,-1.07396396002219e-21,-5.6380423371292e-24,-9.7129608795008e-24,-3.98627634236467e-21,-6.63607899503275e-15,-2.36399426820541e-10,-1.81298205525154e-07,-3.67192320381652e-06,-1.07060400467414e-05,-1.04229308329553e-05,-7.67753295331756e-05,-4.09916544980536e-05,-1.45716339785614e-06,-4.05694676749047e-08,-4.94603223749218e-10,-1.34354608952186e-13,-7.88802784272525e-19,-9.64278748583455e-16,-4.47224895334812e-12,-4.9410730931246e-10,-1.29675792186183e-08,-6.03906554487158e-08,-6.47728391700012e-09,-1.48730066084269e-11,-1.40974923000669e-14,-6.94082377434612e-10,-8.22469821632633e-07,-2.19391790689344e-05,-4.82910709156158e-05,-3.04128910702304e-05,-5.84320182258672e-07,-5.37252265727693e-10,-1.25546920027435e-08,-3.91209740650485e-08,-7.33372845656662e-06,-0.000101764869598342,-5.4217476183967e-05,-1.41247175730907e-05,-2.11276500471632e-05,-7.27725260522212e-05,-1.85026809381017e-05,-2.72062579374856e-07,-2.29297162298657e-08,-4.78796977135774e-06,-2.23386076781868e-05,-4.17554276392698e-05,-8.23420951029161e-05,-8.47408744670855e-06,-2.5028012812426e-05,-2.42630076043883e-05,-7.80333140952784e-05,-0.000137547092736277,-5.70275364026775e-05,-5.031102417292e-05,-5.52803855060888e-05,-5.69591813079714e-05,-7.47430649761534e-05,-8.4407787177785e-05,-7.03242287100376e-05,-7.49146055364891e-05,-2.60476086477811e-05,-0.000103015902264109,-0.000158802610797973,-0.000109960604729483,-2.02254462863108e-05,-3.43592651581184e-05,-0.000120949223145626,-5.46497108440992e-05,-3.81960140037261e-05,-4.08571630422769e-05,-3.10119275019653e-06,-5.12656245460372e-09,-6.59583213955426e-12,-2.15480574833023e-08,-5.31754706756641e-06,-4.77437200236127e-05,-9.93870160947453e-06,-4.46383162668282e-08,-5.24117671006758e-12,-2.64288818612766e-11,-1.57580015697164e-11,-2.01002957651376e-13,-5.48507693481922e-17,-7.69492837845556e-21,-1.3380204966917e-19,-5.19350907571932e-20,-4.31258665591288e-22,-7.66115191292209e-26,-2.91286834915044e-31,-4.23296485542698e-30,-5.74171354895416e-27,-1.66616223103613e-25,-1.03436033421745e-25,-1.38445125390766e-27,-6.59265374323865e-23,-7.3552479410234e-17,-3.35669782886122e-12,-5.63949431005966e-09,-2.30234211025936e-06,-4.50058255998964e-05,-1.93777707814357e-05,-1.7861051360437e-07,-3.522050230769e-11,-1.48580914396515e-16,-1.34093991954235e-23,-2.58901413497974e-32,-1.06939544941365e-42,-9.44976597119312e-55,-1.78866659962284e-68,-1.91256803802389e-81,-3.45987259849728e-93,-1.34475636656027e-106,-1.11827682822943e-121,-1.99383293390717e-138
0,0,0,0,0,0,0,0,0,0,0,0,0,0,0,0,0,0,0,0,0,0,0,0,0,0,0,0,0,0,0,0,0,0,0,0,0,0,0,0,0,0,0,0,0,0,0,0,0,0,0,0,0,0,0,0,0,0,0,0,0,0,0,0,0,0,0,0,0,0,0,0,0,0,0,0,0,0,0,0,0,0,0,0,0,0,0,0,0,0,0,0,0,0,-4.94065645841247e-324,-1.12698693599851e-312,-6.28176197599828e-303,-7.49070820146361e-295,-1.91092257591127e-288,-1.04289866493158e-283,-1.21764289853936e-280,-3.04142126073436e-279,-3.10675267503363e-270,-6.26308399311447e-251,-2.70114936386802e-233,-2.49222800638978e-217,-4.91932768823253e-203,-2.07731588575846e-190,-1.87662777651051e-179,-3.62687465467535e-170,-1.4995668815637e-162,-1.62170545277819e-156,-6.85310708269316e-147,-3.4024667709336e-138,-3.61393773885184e-131,-8.21194909377287e-126,-3.99200098043299e-122,-4.15158408650802e-120,-9.23667890328201e-120,-4.42164229698919e-121,-1.39429183830269e-107,-1.64726657793702e-93,-4.16344562622824e-81,-2.25123439828495e-70,-2.60415807848478e-61,-6.44455269686631e-54,-3.41190573319306e-48,-3.86438223143029e-44,-9.36358027231017e-42,-4.85380816525778e-41,-5.38272962538955e-42,-7.20714899107823e-39,-1.87051143613814e-31,-1.03863062160545e-25,-1.23386424891566e-21,-3.1393209025398e-19,-8.71437355014905e-17,-4.79697372673331e-13,-5.76227006743415e-11,-1.48083714160027e-10,-8.14145326167803e-12,-9.57581880437173e-15,-2.41331120051865e-19,-3.06079692419694e-20,-5.27349121785128e-20,-2.69128553424331e-20,-4.15704889934384e-14,-1.48077402356907e-09,-1.13257693402069e-06,-2.10801419001506e-05,-4.17352028642002e-05,-2.08068461185886e-05,-8.32896800064558e-05,-5.76216011059723e-05,-4.1710762509453e-06,-8.14615392823679e-07,-1.02997998421011e-08,-2.8116554820453e-12,-1.75836392276475e-17,-6.52624377382029e-18,-1.35671752489228e-13,-1.16922706709202e-09,-2.73526079319948e-07,-1.37226219581963e-06,-1.47286811706588e-07,-3.38265867178335e-10,-3.01455819351933e-13,-1.28634502796931e-09,-1.56789301317206e-06,-4.27792022471452e-05,-4.97272517218867e-05,-1.86651079275331e-05,-3.14230281511601e-07,-1.21849605165152e-10,-1.62767812809968e-10,-1.46951440141078e-08,-7.10752037620824e-06,-0.000100715412795823,-5.78841769925641e-05,-3.01528973845527e-06,-1.17150951927034e-05,-6.56235348333593e-05,-3.17790373463973e-05,-6.07691068689739e-07,-5.86859744221546e-09,-8.62006146039858e-07,-3.98646925351255e-06,-2.32548997282123e-05,-5.87139888290784e-05,-8.55784241234374e-06,-2.20645468471473e-05,-1.34493107797822e-05,-6.3608638878888e-05,-0.00012266124683475,-7.3788436499515e-05,-6.74869899201021e-05,-5.03550472195788e-05,-8.13144614277181e-05,-8.35690549120039e-05,-5.34318435998721e-05,-4.45458042540094e-05,-4.26428723520188e-05,-2.33179727175995e-05,-0.000123313205649335,-0.000131308656078956,-8.55776307624935e-05,-1.38479517262239e-05,-1.73420823062287e-05,-8.25281570076944e-05,-3.7154372654372e-05,-2.11413898462116e-05,-4.76881296915345e-05,-3.66883740388709e-06,-6.06400355095241e-09,-6.02358134718984e-13,-4.66068443477299e-09,-1.97320558823679e-06,-1.92186832140176e-05,-4.03519916364346e-06,-1.81391743061388e-08,-1.74767301634083e-12,-8.71913494126226e-14,-5.19849964406519e-14,-6.63100456424361e-16,-1.80950359495049e-19,-2.55185380383513e-24,-2.71330531815854e-23,-1.05316590928645e-23,-8.74528022446332e-26,-1.55356532277558e-29,-7.3692239944808e-34,-7.3597872450042e-32,-4.36279685048317e-31,-7.73444846942105e-30,-4.79635494137162e-30,-6.92649345230681e-30,-6.92734463954697e-22,-1.49871324327908e-15,-6.94059614586273e-11,-7.03269710984103e-08,-2.99607452320825e-06,-3.16934704574852e-05,-1.33775481712972e-05,-1.23249011301357e-07,-2.43034289537466e-11,-1.0252621722254e-16,-9.25297150872757e-24,-1.78651359951029e-32,-7.37921637509651e-43,-6.54512082701093e-55,-9.59166437543094e-66,-8.11622128713509e-76,-1.47403961730637e-87,-5.72935710782405e-101,-4.76584360441055e-116,-9.53717882712989e-133
0,0,0,0,0,0,0,0,0,0,0,0,0,0,0,0,0,0,0,0,0,0,0,0,0,0,0,0,0,0,0,0,0,0,0,0,0,0,0,0,0,0,0,0,0,0,0,0,0,0,0,0,0,0,0,0,0,0,0,0,0,0,0,0,0,0,0,0,0,0,0,0,0,0,0,0,0,0,0,0,0,0,0,0,0,0,0,0,0,0,0,0,0,-2.96439387504748e-322,-3.59607550699699e-309,-9.36941742892172e-298,-5.22246072800825e-288,-6.22754086458301e-280,-1.58868135167982e-273,-8.67033380396828e-269,-1.01231027897222e-265,-2.52854265287168e-264,-1.73568340228252e-259,-3.49903820890347e-240,-1.50906882975237e-222,-1.39234936482485e-206,-2.74831306145103e-192,-1.16054768932085e-179,-1.04842794717727e-168,-2.02624984904592e-159,-8.3777272234431e-152,-7.52164939922347e-146,-2.5833185676519e-137,-1.28251471271974e-128,-1.36222588868011e-121,-3.09538527235794e-116,-1.50473181226139e-112,-1.56488454708976e-110,-3.48164358013362e-110,-1.65716308764527e-111,-2.63181416425089e-102,-3.10932000963761e-88,-7.85876734710529e-76,-4.24934752803521e-65,-4.91551332986593e-56,-1.21645014364497e-48,-6.44018819376549e-43,-7.29426624567471e-39,-1.76743508867908e-36,-9.16187036956643e-36,-1.0160231998927e-36,-1.01637128776696e-35,-2.6360635082532e-28,-1.46316035746012e-22,-1.73765913282935e-18,-4.41587927060302e-16,-9.73899497556671e-15,-4.11722880522455e-11,-4.9448774018538e-09,-1.27072249830016e-08,-6.98619439093775e-10,-8.21700333051222e-13,-2.14651385091887e-17,-6.35552350281385e-17,-1.09500676336922e-16,-4.0959130174954e-18,-9.9592994457776e-14,-3.54743317468714e-09,-2.70900831020176e-06,-4.78176203087906e-05,-6.46866924490073e-05,-2.08534359679134e-05,-5.07993544888917e-05,-4.38695248007761e-05,-1.32388131629637e-05,-6.46323289103649e-06,-8.24662035485478e-08,-2.42367528974207e-11,-2.99333646636956e-16,-1.82192849083764e-18,-9.25352387126778e-13,-1.01429305168206e-08,-2.37866002031953e-06,-1.19338454777938e-05,-1.28087660473592e-06,-2.95932728059289e-09,-6.92642832656743e-11,-1.13796802267028e-09,-1.42983745192328e-06,-4.52364246032518e-05,-4.83896744809345e-05,-5.68468413920691e-06,-7.54167394646937e-08,-2.72934850127312e-11,-1.12164172886666e-12,-7.39662184890729e-09,-4.34028257302155e-06,-7.41001580888917e-05,-4.33160548311638e-05,-1.15344933386298e-06,-3.17721448538296e-06,-3.53341402508659e-05,-3.22447549524995e-05,-1.32179442746106e-06,-3.5362763921075e-08,-1.63034322729486e-06,-1.9102377236738e-06,-5.38348565069225e-06,-1.82152945186155e-05,-1.57852737737121e-05,-5.87217892224017e-05,-3.27820100080107e-05,-7.3841674284113e-05,-8.5479926635476e-05,-7.03219182592136e-05,-5.91616619687924e-05,-5.53185248321225e-05,-7.74379626234564e-05,-4.95898848979778e-05,-2.15185488483415e-05,-1.52175461087362e-05,-1.22917502813346e-05,-2.89378427184157e-05,-0.000116747623744635,-8.01487124982598e-05,-4.80636822669717e-05,-9.25142963415667e-06,-9.48076957572938e-06,-2.53119288663705e-05,-1.28520346885977e-05,-6.94857163904724e-06,-2.1508950001387e-05,-1.66011397124632e-06,-2.7439690260778e-09,-1.30529605522295e-13,-6.67304235984644e-10,-3.04068116941388e-07,-2.98449707200299e-06,-6.27117123713001e-07,-2.8192577729115e-09,-2.71149633345876e-13,-1.10560276209083e-16,-6.55880320219842e-17,-8.36615503142806e-19,-2.28300059802907e-22,-1.44878047269309e-27,-2.10428373439249e-27,-8.16774917723727e-28,-6.78233646571198e-30,-5.32663090871836e-33,-2.08622311899519e-29,-2.25899893178823e-27,-5.23299242748452e-27,-2.59336248532279e-28,-2.75035683284978e-31,-5.50715309519979e-29,-5.56956009516546e-21,-1.20501851395641e-14,-5.57766797408946e-10,-5.52732284360001e-07,-1.21066159484981e-05,-1.34923133956695e-05,-3.58007463355674e-06,-3.25358932576213e-08,-6.413753403809e-12,-2.70568111852267e-17,-2.44187165491215e-24,-4.71463378066172e-33,-1.96983559465459e-43,-3.96809337119566e-52,-1.55968901124548e-60,-1.3222869309243e-70,-2.40177331817505e-82,-9.33588133534255e-96,-7.89415496122234e-111,-1.12455842915332e-126
0,0,0,0,0,0,0,0,0,0,0,0,0,0,0,0,0,0,0,0,0,0,0,0,0,0,0,0,0,0,0,0,0,0,0,0,0,0,0,0,0,0,0,0,0,0,0,0,0,0,0,0,0,0,0,0,0,0,0,0,0,0,0,0,0,0,0,0,0,0,0,0,0,0,0,0,0,0,0,0,0,0,0,0,0,0,0,0,0,0,0,0,-1.63041663127611e-322,-9.38830592627884e-308,-1.14338426337617e-294,-2.97903768271508e-283,-1.66049889689085e-273,-1.98006749586947e-265,-5.05126561857707e-259,-2.75676170046705e-254,-3.21867446992927e-251,-8.03958613478486e-250,-4.13809625169521e-249,-7.47616428135023e-230,-3.2243278894141e-212,-2.9749411029512e-196,-5.87213934723756e-182,-2.47966574346801e-169,-2.24010688145985e-158,-4.32935448032034e-149,-1.79001372868923e-141,-1.58492344736376e-135,-3.72684935580029e-128,-1.84884507934657e-119,-1.96375496103508e-112,-4.46223951212503e-107,-2.16918837463785e-103,-2.25590323773121e-101,-5.01906101613438e-101,-2.38892927071529e-102,-1.89988127493652e-97,-2.24458811290919e-83,-5.6731683180749e-71,-3.06756297823453e-60,-3.54846164269531e-51,-8.78143621084036e-44,-4.64910971524907e-38,-5.26566041986295e-34,-1.27589433641155e-31,-6.61386581625648e-31,-7.33457338318652e-32,-5.67993160312182e-33,-1.4271435892225e-25,-7.91572309151053e-20,-9.39547367348991e-16,-2.38668606154701e-13,-1.54017227698294e-12,-1.35358683858648e-09,-1.62348107359274e-07,-4.17065652666679e-07,-2.29276417085562e-08,-2.69664214858401e-11,-1.30522729555658e-15,-5.04707240885022e-14,-8.69571066531583e-14,-3.20521277230239e-15,-9.12545142946355e-14,-3.2502529180139e-09,-2.47978785353652e-06,-4.23778866150045e-05,-4.04262068703028e-05,-9.25449323075034e-06,-1.39637767925727e-05,-1.60860150355734e-05,-3.39970235132844e-05,-1.97913514128333e-05,-2.73441920089663e-07,-1.636810891441e-10,-8.65116272784656e-15,-6.02112210520732e-18,-3.07741330867699e-12,-3.37346524772038e-08,-7.91125661421507e-06,-3.96911344084009e-05,-4.26011590343772e-06,-1.16178298730096e-08,-6.96881820901155e-09,-1.54863319825017e-09,-7.8003450748056e-07,-3.23522851785944e-05,-5.08748620614569e-05,-2.5249470193647e-06,-8.85471815052846e-09,-2.52968044826568e-12,-9.17815016472764e-14,-2.94148946441786e-09,-2.4335714976927e-06,-5.00230317335948e-05,-3.35282854109958e-05,-2.77789810112415e-06,-4.86561769449901e-07,-1.70131392883664e-05,-4.36276305482067e-05,-3.40442131046674e-06,-2.34352495467832e-07,-1.08656594618552e-05,-1.10805214386936e-05,-8.20545095710048e-07,-1.03866762282141e-05,-4.52831521547315e-05,-9.41536284951621e-05,-6.95358801778472e-05,-8.75043187594564e-05,-7.351423044613e-05,-4.99883695799615e-05,-2.6175129754802e-05,-4.73503524304795e-05,-8.98418898019607e-05,-4.80673442320167e-05,-9.75997074598053e-06,-3.03257922054562e-06,-2.14244325614558e-06,-2.30497795614957e-05,-9.11390299762954e-05,-6.10203880921145e-05,-3.25904202926836e-05,-2.74292228075755e-05,-3.24626044310628e-05,-5.70247439801283e-06,-2.08875352568297e-06,-1.11236518678002e-06,-3.71942273673283e-06,-2.87293191797764e-07,-4.75337592283436e-10,-4.75000282972592e-14,-3.93614736001503e-11,-1.80603548227052e-08,-1.77389683351983e-07,-3.72765761070116e-08,-1.67581145065974e-10,-1.61173419042242e-14,-8.62404457449994e-20,-3.1647608927205e-20,-4.03684608888952e-22,-1.10159589368961e-25,-6.46544049198253e-31,-6.24137281176991e-32,-2.42257758704118e-32,-4.06219388751957e-34,-4.85137175728756e-29,-2.45550610685445e-25,-2.65886501931981e-23,-6.15928600207752e-23,-3.05241275443256e-24,-3.23619704479203e-27,-1.69420526490628e-28,-1.71266206382189e-20,-3.70547887929022e-14,-1.7151260949064e-09,-1.69838923297557e-06,-3.60188893680373e-05,-1.71316757620355e-05,-5.14225543931712e-07,-3.31549325636508e-09,-6.47467493232878e-13,-2.73080094693381e-18,-2.46453132910277e-25,-4.94776153209362e-34,-1.3781520035139e-40,-2.46432188082523e-47,-9.71392453470088e-56,-8.23916605523545e-66,-1.49668308535679e-77,-5.83076552918416e-91,-9.49119032198802e-106,-3.51624790439561e-120
0,0,0,0,0,0,0,0,0,0,0,0,0,0,0,0,0,0,0,0,0,0,0,0,0,0,0,0,0,0,0,0,0,0,0,0,0,0,0,0,0,0,0,0,0,0,0,0,0,0,0,0,0,0,0,0,0,0,0,0,0,0,0,0,0,0,0,0,0,0,0,0,0,0,0,0,0,0,0,0,0,0,0,0,0,0,0,0,0,0,0,-0,-2.00536843453556e-308,-1.1416167803347e-293,-1.390353778084e-280,-3.62250595000042e-269,-2.01916450028724e-259,-2.40775950126698e-251,-6.1423324265073e-245,-3.35221864450284e-240,-3.91390397177073e-237,-9.77612628996783e-236,-5.22701932305141e-236,-6.10912046775726e-220,-2.63474781488118e-202,-2.43096230880699e-186,-4.7983973232395e-172,-2.02624984905777e-159,-1.83049519572872e-148,-3.53771627703228e-139,-1.46270321083683e-131,-1.29389171618007e-125,-2.0775369298088e-119,-1.01931494870275e-110,-1.08266765646457e-103,-2.46014522740118e-98,-1.19592828056377e-94,-1.24373637244324e-92,-2.76713497142568e-92,-1.31707698071674e-93,-5.24660566433401e-93,-6.19694437201829e-79,-1.56626992177371e-66,-8.46904473228431e-56,-9.79672808545808e-47,-2.42441236287545e-39,-1.28354392144875e-33,-1.45376358879204e-29,-3.52253769047522e-27,-1.82598127075582e-26,-2.02495696131911e-27,-5.95603050459879e-30,-2.98096216963642e-23,-1.65119225248852e-17,-1.95792218791047e-13,-4.97116556541914e-11,-2.73581392389308e-10,-1.72309484306001e-08,-2.04409322638667e-06,-5.23878411548261e-06,-2.87822378549887e-07,-3.38471721462295e-10,-1.98847943064631e-13,-1.53284243160755e-11,-2.64096753394767e-11,-9.73436055096195e-13,-3.27437078598347e-14,-1.13892293728004e-09,-8.68478324463881e-07,-1.45566150989218e-05,-1.03171036471025e-05,-1.74594070746466e-06,-5.07077198333146e-06,-1.38431766278186e-05,-3.96395756024282e-05,-2.52527745730241e-05,-7.33262709703066e-07,-1.86035100691369e-09,-1.53858995766715e-13,-7.92213654509828e-18,-3.91443081195372e-12,-4.29100523163329e-08,-1.00630185979472e-05,-5.04866222360471e-05,-5.419199621067e-06,-8.32427561988508e-08,-2.68773518362763e-07,-3.41297053818743e-08,-1.68836878383736e-06,-2.51721086500253e-05,-3.28431131367394e-05,-1.4577922207898e-06,-1.66648814258306e-09,-1.22802670719871e-13,-1.29473662267948e-13,-1.45835516698629e-09,-1.1618091995583e-06,-2.46301109500677e-05,-4.46274351658177e-05,-9.88921454952928e-06,-5.5891704902756e-07,-1.30981196931321e-05,-5.03936769646774e-05,-4.36045948036173e-06,-6.07578355383715e-07,-2.85479726324811e-05,-2.90948648539279e-05,-8.45914940568266e-07,-1.96306093872933e-05,-7.09675298220962e-05,-8.73756349151418e-05,-0.000105575469067804,-8.61394694830357e-05,-4.14027859867147e-05,-1.7846677592276e-05,-5.60539076375917e-06,-4.18014159926736e-05,-0.000121421949951508,-8.04361063098634e-05,-1.32223104324689e-05,-8.98166573325519e-06,-5.97115245705102e-06,-1.03269827968595e-05,-4.71333788057299e-05,-4.39326510104903e-05,-3.31282605046876e-05,-6.46972285929136e-05,-7.63535406832936e-05,-8.67660053527833e-06,-2.86802259183014e-06,-4.41932665997022e-07,-2.47279308377912e-07,-1.90541356109112e-08,-1.44121207289545e-10,-6.86136483274771e-12,-9.03125276667318e-13,-4.10541067037243e-10,-4.03260568662177e-09,-8.47414944114664e-10,-3.80965393825098e-12,-3.66398568593175e-16,-7.6367256453553e-22,-5.84022173861892e-24,-7.44951805596928e-26,-2.03286385445569e-29,-1.18716201933023e-34,-7.0800065940868e-37,-3.58267552332025e-37,-9.23032235837436e-31,-2.18380834999052e-25,-1.10532752628085e-21,-1.19686800465109e-19,-2.77255606953222e-19,-1.37402054494058e-20,-1.45674965501082e-23,-5.29569967458864e-28,-2.01415166252886e-20,-4.35777525007686e-14,-2.01704832459408e-09,-1.99731671526056e-06,-4.23128146516419e-05,-1.92072669022981e-05,-1.99660048239014e-07,-1.65272190802928e-10,-2.51573787578535e-14,-1.05423390464107e-19,-1.12776803617645e-26,-4.28507693229298e-31,-3.24659996387947e-36,-5.86003081874261e-43,-2.31411087612776e-51,-1.96346311438366e-61,-3.56802413070804e-73,-1.566081849968e-86,-6.44348880960244e-100,-4.77030238404804e-114
0,0,0,0,0,0,0,0,0,0,0,0,0,0,0,0,0,0,0,0,0,0,0,0,0,0,0,0,0,0,0,0,0,0,0,0,0,0,0,0,0,0,0,0,0,0,0,0,0,0,0,0,0,0,0,0,0,0,0,0,0,0,0,0,0,0,0,0,0,0,0,0,0,0,0,0,0,0,0,0,0,0,0,0,0,0,0,0,0,0,0,-3.50469014146484e-311,-9.32603385092197e-295,-5.30912751733149e-280,-6.46588735309884e-267,-1.68465866586228e-255,-9.39019292213994e-246,-1.11973671406136e-237,-2.85651250646532e-231,-1.55896063865021e-226,-1.82017430320445e-223,-4.54642065472839e-222,-2.42943385250717e-222,-1.90918601542163e-210,-8.23395725928474e-193,-7.59709890889562e-177,-1.49956660935317e-162,-6.33231558616027e-150,-5.72055477940948e-139,-1.10558606239424e-129,-4.57115312987428e-122,-4.04333566890116e-116,-5.09402275179587e-111,-2.14924547749079e-102,-2.2828255923482e-95,-5.18726356372673e-90,-2.52163779824994e-86,-2.62244208016604e-84,-5.83455734780074e-84,-2.77708216433723e-85,-3.38162980132421e-88,-6.54317052476588e-75,-1.65377814786476e-62,-8.94221418469156e-52,-1.03440758218454e-42,-2.5598654046782e-35,-1.35525611493115e-29,-1.53498603394176e-25,-3.71934350302843e-23,-1.92799969022361e-22,-2.13809224479151e-23,-5.08191695855519e-26,-2.42174212687128e-21,-1.33822926891185e-15,-1.58424190848241e-11,-4.02046894010913e-09,-2.19187391759591e-08,-9.27350486407244e-08,-1.0043520333737e-05,-2.5297410512362e-05,-1.38366692276592e-06,-1.62531573663402e-09,-2.21483232942e-11,-1.78043120466172e-09,-3.06754361200453e-09,-1.13066800529517e-10,-9.34428558812206e-14,-1.52631397370092e-10,-1.16351699634369e-07,-1.92788325090378e-06,-1.08191018838141e-06,-2.1754405773579e-07,-1.22884644083967e-05,-3.7036160979389e-05,-2.14022630090405e-05,-2.69142123124394e-05,-3.27385389215719e-06,-1.26918572142782e-08,-1.0900979398467e-12,-6.22816953821123e-18,-1.90423781541887e-12,-2.08742821666529e-08,-4.89531655923735e-06,-2.4560026631599e-05,-2.6419486997827e-06,-1.05028686873106e-06,-3.9653749839364e-06,-5.68681422319506e-07,-6.07409872761156e-06,-4.02274825758994e-05,-1.33020524958664e-05,-3.96733895442529e-07,-3.8442939545978e-10,-1.7289683867847e-12,-2.64911669084913e-11,-3.74344654197129e-09,-1.82611144928105e-06,-2.43630713395081e-05,-6.53942655579474e-05,-1.78248812432472e-05,-5.37461143992736e-06,-7.87302377187656e-06,-2.50981260208272e-05,-2.19049133528131e-06,-6.06518316119261e-07,-2.87059411795456e-05,-2.95697877555432e-05,-9.49581258565809e-07,-1.7485163119969e-05,-5.13596437268594e-05,-4.95002540291504e-05,-9.88867243142886e-05,-8.6766667353036e-05,-2.09223675168711e-05,-3.58899599241624e-06,-7.75936154237829e-07,-2.95502180280554e-05,-9.60600583295185e-05,-8.1051280626549e-05,-1.56405087962194e-05,-3.7892235546362e-05,-2.46899255411476e-05,-6.1498762053953e-06,-1.18862924689363e-05,-2.1375894971718e-05,-4.86399510228069e-05,-8.06175713033165e-05,-8.30096950442962e-05,-1.85310253301227e-05,-1.9879097214427e-05,-2.58526432251048e-06,-1.43001387297688e-08,-4.08192590690364e-09,-1.02449827935198e-08,-6.23620669440165e-10,-8.1993504674956e-13,-3.56933054589713e-12,-3.50602972953158e-11,-7.3676026780398e-12,-3.31219296017032e-14,-3.18554594402061e-18,-6.55506085488232e-24,-4.12464370877403e-28,-5.2575554871473e-30,-1.43470952506534e-33,-8.37590387441947e-39,-3.35042357745658e-42,-1.43687071638402e-34,-1.58904624553874e-27,-3.75953551065222e-22,-1.90287672724224e-18,-2.06046824808084e-16,-4.77309421347617e-16,-2.36544522374971e-17,-2.50786753249997e-20,-5.68909890863665e-25,-9.05904386452405e-21,-1.95999526051042e-14,-9.07207200621613e-10,-8.98331805218852e-07,-1.90303327438956e-05,-8.6249673170502e-06,-8.38210617289523e-08,-1.92143922491718e-11,-4.4582325801012e-16,-3.6482571712289e-21,-1.40578301714041e-23,-3.75032421512392e-27,-2.93375384909159e-32,-5.33234496068746e-39,-2.10858128936947e-47,-1.78960874664741e-57,-3.30784246001097e-69,-1.06047159197275e-81,-3.29230426184754e-94,-2.48090049306139e-108
0,0,0,0,0,0,0,0,0,0,0,0,0,0,0,0,0,0,0,0,0,0,0,0,0,0,0,0,0,0,0,0,0,0,0,0,0,0,0,0,0,0,0,0,0,0,0,0,0,0,0,0,0,0,0,0,0,0,0,0,0,0,0,0,0,0,0,0,0,0,0,0,0,0,0,0,0,0,0,0,0,0,0,0,0,0,0,0,0,0,-5.01133679801461e-316,-6.23335902598726e-298,-1.65870633165303e-281,-9.44268868129994e-267,-1.1500074376506e-253,-2.99629407356662e-242,-1.6701175123718e-232,-1.9915372462588e-224,-5.08052560891384e-218,-2.7727305341825e-213,-3.23731898221565e-210,-8.08615628776751e-209,-4.32093344376263e-209,-2.28185215382952e-201,-9.84119564610624e-184,-9.08002487151024e-168,-1.7922765351219e-153,-7.56836046313179e-141,-6.83718618103733e-130,-1.3213924242029e-120,-5.46342552707774e-113,-4.83255923547937e-107,-1.26354691355511e-102,-1.73314204680978e-94,-1.84085679380089e-87,-4.18297806214981e-82,-2.0334335167633e-78,-2.11472148191986e-76,-4.7049518668898e-76,-2.23942231342192e-77,-2.28034147031395e-80,-2.64221760607893e-71,-6.67817187752896e-59,-3.61098272873853e-48,-4.17707274350352e-39,-1.03370704092646e-31,-5.47270096975701e-26,-6.19847382643479e-22,-1.50191942110639e-19,-7.78551423463889e-19,-8.6338953741557e-20,-2.04838449618724e-22,-7.76301449147421e-20,-4.27272323312542e-14,-5.04632023223982e-10,-1.28091587015383e-07,-7.0086571755174e-07,-3.52834113730088e-07,-2.16123032604977e-05,-4.85078113528606e-05,-2.56889575787917e-06,-2.99253023276828e-09,-9.82130178413335e-10,-7.90901834716385e-08,-1.36266195767041e-07,-5.02264506217322e-09,-3.96077107157296e-12,-7.82291075184792e-12,-5.96230658429142e-09,-9.81255010376757e-08,-4.64796726519476e-08,-1.17433013383532e-07,-1.57729315092527e-05,-4.69827744146644e-05,-1.10701277060951e-05,-4.71519653705267e-05,-8.56611863618947e-06,-3.43974248915924e-08,-2.96159255494738e-12,-8.08089853454379e-16,-3.54684942816724e-13,-3.88359343289401e-09,-9.10757987657828e-07,-4.56931826902989e-06,-5.23634386747494e-07,-5.89133726025978e-06,-2.23821615887042e-05,-4.54568282621329e-06,-1.35712411309608e-05,-5.29083096004127e-05,-8.14887844531406e-06,-6.07111420893809e-08,-1.52327703605988e-10,-2.15368415450622e-10,-3.14814029538451e-09,-1.07992964707836e-08,-4.53680612838188e-06,-4.95594738428455e-05,-7.36503233546301e-05,-2.19557886934976e-05,-2.57494265645491e-05,-9.53020301857878e-06,-4.88398746441966e-06,-4.21758051764102e-07,-2.33631607897087e-07,-1.12934264023564e-05,-1.57995931470052e-05,-2.18077974082272e-06,-6.06014147877458e-06,-2.09534457681651e-05,-4.17828130934361e-05,-6.06444747029325e-05,-6.58802494466883e-05,-3.25863652718118e-05,-9.23582765912257e-06,-3.6307548207646e-07,-1.11215108041791e-05,-3.80509317591592e-05,-6.66009745767647e-05,-1.83108590405247e-05,-7.49886336574916e-05,-5.04237182331683e-05,-1.87231382467399e-05,-1.69886302501715e-06,-1.27834373815106e-05,-5.57823724145939e-05,-4.98911934616614e-05,-4.12045447270987e-05,-3.90328149626645e-05,-5.69135671923883e-05,-6.88557338357933e-06,-2.23346572273027e-08,-1.25166218984575e-07,-3.56147727703976e-07,-2.16806920601662e-08,-2.82354894024658e-11,-1.26548404505815e-14,-1.16577672318165e-13,-2.44977389399573e-14,-1.10132484619967e-16,-1.05921392285187e-20,-2.17937068410776e-26,-1.20845078014816e-32,-1.41908777056501e-34,-3.87248167604677e-38,-2.26073079848066e-43,-1.83006719425185e-40,-9.46034689414605e-32,-1.04622696161532e-24,-2.47527560978002e-19,-1.25285273619975e-15,-1.35661088577292e-13,-3.14260196673871e-13,-1.55740751803739e-14,-1.65117826874294e-17,-3.74510922234113e-22,-1.55826856131344e-21,-3.3714359752804e-15,-1.56050938134064e-10,-1.54524255538227e-07,-3.27345037351673e-06,-1.48352344781936e-06,-1.43845052853409e-08,-2.99392508230288e-12,-4.27156962552816e-17,-5.79687512697892e-18,-4.37379514984754e-20,-1.26699533753087e-23,-1.0160669791489e-28,-1.85648032161912e-35,-7.34858307083287e-44,-6.25249495302254e-54,-2.2614132151148e-65,-1.86239751268778e-76,-6.54659131603469e-89,-4.93469721098944e-103
0,0,0,0,0,0,0,0,0,0,0,0,0,0,0,0,0,0,0,0,0,0,0,0,0,0,0,0,0,0,0,0,0,0,0,0,0,0,0,0,0,0,0,0,0,0,0,0,0,0,0,0,0,0,0,0,0,0,0,0,0,0,0,0,0,0,0,0,0,0,0,0,0,0,0,0,0,0,0,0,0,0,0,0,0,0,0,0,0,-5.92878775009496e-323,-3.40875514896657e-303,-4.23998537902745e-285,-1.12826656783114e-268,-6.42299950644719e-254,-7.82245126757974e-241,-2.03810545970892e-229,-1.13602855285445e-219,-1.35466106969332e-211,-3.45581799632641e-205,-1.88603558304673e-200,-2.20205271260934e-197,-5.50027429668819e-196,-2.93913675578083e-196,-1.04303254741151e-192,-4.49838710334908e-175,-4.15045775421114e-159,-8.19245337777375e-145,-3.45947955158472e-132,-3.12526152776405e-121,-6.04005331592949e-112,-2.49731880300881e-104,-2.2089506817037e-98,-4.28766238871436e-94,-5.34519993022662e-87,-5.67723640151813e-80,-1.29003817138776e-74,-6.27114657698156e-71,-6.52184016506264e-69,-1.45101585823534e-68,-6.90641983593641e-70,-7.03254630370134e-73,-4.08054928539006e-68,-1.03135371627367e-55,-5.57667655906842e-45,-6.45092635554006e-36,-1.59642132270525e-28,-8.45184967791204e-23,-9.57270812036083e-19,-2.31951229304815e-16,-1.20236783153409e-15,-1.33338887398456e-16,-3.16340770541467e-19,-1.00481045334964e-18,-5.49810835991373e-13,-6.47693073253574e-09,-1.64863676169168e-06,-9.12493140952026e-06,-1.84602639443311e-06,-3.18082453727139e-05,-4.48893253080474e-05,-1.95452358448626e-06,-2.15024235811719e-09,-1.66841586469615e-08,-1.34366087304719e-06,-2.3150225170762e-06,-8.53295741023245e-08,-6.72857660751282e-11,-1.54664349565376e-13,-1.16861458448037e-10,-1.91563495499171e-09,-8.16626531935947e-10,-5.60626884941751e-08,-7.78022711976658e-06,-2.31420343820753e-05,-7.03537764500521e-06,-4.73166934718848e-05,-8.88335267753011e-06,-3.5757462708417e-08,-3.10039210108742e-12,-4.87987393572276e-13,-2.73253941853586e-13,-2.76331189704003e-10,-6.48029682631952e-08,-3.25128078361825e-07,-1.06523958069542e-07,-1.27068119907156e-05,-4.83506692806574e-05,-1.61635641193858e-05,-2.95984237095314e-05,-2.98513409551288e-05,-4.05331447632405e-06,-1.59526675973175e-08,-1.07162593626655e-08,-1.10061018808307e-08,-1.43966317654691e-07,-5.88814759492911e-08,-4.70239586029648e-06,-5.00657509121696e-05,-6.25847009643962e-05,-2.10244249217419e-05,-4.80471432490828e-05,-1.57103374891616e-05,-4.65539222945307e-07,-3.27372018840554e-08,-6.20779262251397e-08,-3.62641317233675e-06,-2.52984392476719e-05,-9.59595981420224e-06,-9.207463452879e-07,-1.17744290452346e-05,-5.48799977644572e-05,-5.1183477483535e-05,-4.70118678168105e-05,-7.89922517873276e-05,-3.6587363246646e-05,-1.01772260149239e-06,-1.83260242814238e-06,-8.72081686431484e-06,-4.05815347901748e-05,-1.76869465769278e-05,-7.24312180463873e-05,-5.52335482410442e-05,-3.41148946317822e-05,-8.7913833199563e-07,-5.99212774765276e-06,-2.83398893940832e-05,-1.40019531623448e-05,-1.1352191488317e-05,-5.53238444855535e-05,-6.50727370167687e-05,-7.04313809118538e-06,-3.41551212576763e-08,-1.66413574496158e-06,-4.73535486408274e-06,-2.88267381303492e-07,-3.75419895125942e-10,-1.04747595877121e-14,-1.48252883496546e-16,-3.11526870117318e-17,-1.40050591327132e-19,-1.34695532163694e-23,-2.7714065918079e-29,-1.33474786395451e-36,-1.46488889645623e-39,-3.99746309860539e-43,-4.24075362226978e-48,-4.60814458586652e-38,-2.38213370953002e-29,-2.63441979556286e-22,-6.23279202804187e-17,-3.15470750636541e-13,-3.41597254083223e-11,-7.91313274699884e-11,-3.92158235813531e-12,-4.15769892840807e-15,-9.43025732278999e-20,-1.02557085667891e-22,-2.21791304008586e-16,-1.02658752275342e-11,-1.01654417755502e-08,-2.15345272444761e-07,-9.75940317457629e-08,-9.46217715690294e-10,-1.99603950851719e-13,-2.77899986714645e-14,-6.26686974116635e-15,-5.30786708682238e-17,-1.64904903492129e-20,-1.34801905605121e-25,-2.47269182520835e-32,-9.79817634196975e-41,-9.43049652157303e-51,-8.73281913628735e-61,-1.41345874583448e-71,-4.98005375456339e-84,-3.75389129653211e-98
0,0,0,0,0,0,0,0,0,0,0,0,0,0,0,0,0,0,0,0,0,0,0,0,0,0,0,0,0,0,0,0,0,0,0,0,0,0,0,0,0,0,0,0,0,0,0,0,0,0,0,0,0,0,0,0,0,0,0,0,0,0,0,0,0,0,0,0,0,0,0,0,0,0,0,0,0,0,0,0,0,0,0,0,0,0,0,0,0,-1.52516904662938e-310,-8.86763331213158e-291,-1.10300194490114e-272,-2.93510497663554e-256,-1.67089749477733e-241,-2.03495488562579e-228,-5.30198593865895e-217,-2.95529722687147e-207,-3.52405412043224e-199,-8.99006395169758e-193,-4.90638700440572e-188,-5.72848301976875e-185,-1.43085711491951e-183,-7.64595456859828e-184,-1.91077828658685e-184,-7.86385482071692e-167,-7.25562217496479e-151,-1.43216362905577e-136,-6.047688721286e-124,-5.4634255270762e-113,-1.05589184066649e-103,-4.36568753571384e-96,-3.86157676690966e-90,-7.31997369560611e-86,-6.3072583235479e-80,-6.69612658549385e-73,-1.52156054138237e-67,-7.39662545837348e-64,-7.69231087300825e-62,-1.71142879627812e-61,-8.14591082469793e-63,-8.29467312923801e-66,-2.4101364510285e-65,-6.09154399787155e-53,-3.29378467207172e-42,-3.81014787669362e-33,-9.42903542495102e-26,-4.99196477057505e-20,-5.65398386352326e-16,-1.36998693695089e-13,-7.10161454004191e-13,-7.87547168734306e-14,-1.86842152556693e-16,-5.42240444451228e-18,-2.9416023769072e-12,-3.46220568396927e-08,-8.89300564585028e-06,-5.04670878929063e-05,-7.79094244369058e-06,-4.19258914650109e-05,-3.3762824327106e-05,-8.27292810082157e-07,-6.95132538421921e-10,-1.0840262031506e-07,-8.73024560481914e-06,-1.50415302304344e-05,-5.54416960008535e-07,-4.37231784117683e-10,-1.56385162348543e-13,-2.01932053222944e-12,-2.99621770571222e-11,-1.21785267961053e-11,-1.05687778991179e-08,-1.46979229724463e-06,-4.53520843666198e-06,-2.74650084506756e-06,-1.91438637318644e-05,-3.63295465193403e-06,-1.48243388696823e-08,-6.08199185845379e-12,-1.13562310075021e-10,-5.7725464356735e-11,-8.14721439436148e-12,-1.7634232218167e-09,-8.85430034023751e-09,-6.0045516920447e-08,-1.0483526014098e-05,-4.00107139207398e-05,-2.45154509149198e-05,-4.45812957454661e-05,-7.95838944799309e-06,-8.475509857344e-07,-8.91377858088695e-08,-3.96576536861959e-07,-2.47510983602572e-07,-2.5190088926442e-06,-8.5710826829185e-07,-1.87497322704373e-06,-2.00307704587841e-05,-2.75435839824841e-05,-1.04170995430065e-05,-3.43813309620579e-05,-1.1212818901526e-05,-1.50471029951689e-07,-8.31046602331165e-08,-2.60307639867502e-07,-1.01120128706284e-05,-5.00694400200234e-05,-1.86460987395461e-05,-2.59853788512514e-07,-6.47147064614549e-06,-3.54567287361912e-05,-5.54742260351449e-05,-5.65888355346503e-05,-0.000114654759672538,-6.1165711594946e-05,-1.66575805687468e-06,-1.23846839396501e-07,-1.40274901849491e-06,-1.29908949414153e-05,-2.55266826462837e-05,-3.68728174917667e-05,-3.04823519050233e-05,-2.42964063958941e-05,-5.82313879652479e-07,-1.26019662189804e-06,-5.70014797026333e-06,-1.80306313270311e-06,-8.79212490613463e-06,-4.16250553836187e-05,-3.02767874139842e-05,-2.77149062296648e-06,-7.20209526559693e-08,-8.46214492788063e-06,-2.40793408463125e-05,-1.46584336941131e-06,-1.90901503138818e-09,-5.31875514555175e-14,-1.03800341224152e-19,-1.51507710433195e-20,-6.8112082478001e-23,-6.55077076737138e-27,-1.34784345622604e-32,-5.93741045330856e-40,-5.78377105871122e-45,-1.5781535533343e-48,-1.83651155495871e-46,-4.43766866235509e-36,-2.29400790607642e-27,-2.53696079895439e-20,-6.00221311341885e-15,-3.03800073522686e-11,-3.28960040498951e-09,-7.62039049731973e-09,-3.7765054488344e-10,-4.00388700881753e-13,-9.08138983468349e-18,-6.98569740132259e-24,-5.58012354113694e-18,-2.58282678320355e-13,-2.55755838623748e-10,-5.41794561366766e-09,-2.45540160156465e-09,-2.38095633072541e-11,-1.27321928021299e-12,-1.08506169501664e-11,-2.64003067045801e-12,-2.50752744512991e-14,-8.25566610926002e-18,-6.84810338158494e-23,-1.25991090488892e-29,-5.08360623636167e-38,-3.66703711919731e-47,-2.49746764755572e-56,-4.11203022938399e-67,-1.44885485018441e-79,-1.09212558797323e-93
0,0,0,0,0,0,0,0,0,0,0,0,0,0,0,0,0,0,0,0,0,0,0,0,0,0,0,0,0,0,0,0,0,0,0,0,0,0,0,0,0,0,0,0,0,0,0,0,0,0,0,0,0,0,0,0,0,0,0,0,0,0,0,0,0,0,0,0,0,0,0,0,0,0,0,0,0,0,0,0,0,0,0,0,0,0,0,0,-5.58343586365193e-320,-1.5173983379263e-298,-8.82245288081798e-279,-1.09738216994458e-260,-2.92015066987405e-244,-1.66238430226708e-229,-2.02458682729511e-216,-5.27497241621215e-205,-2.94024004096063e-195,-3.50609912843728e-187,-8.94425973849011e-181,-4.88138905137272e-176,-5.69929650240885e-173,-1.42356692380259e-171,-7.60699856838291e-172,-8.70835189945835e-174,-5.25755531951084e-159,-4.8509078349022e-143,-9.5750489779084e-129,-4.04331701592174e-116,-3.65269484209701e-105,-7.05940011646676e-96,-2.91877765421699e-88,-2.5817431665009e-82,-4.88601484865966e-78,-2.86353968079755e-73,-3.02050831574947e-66,-6.86349964442762e-61,-3.33649137334935e-57,-3.46987001212269e-55,-7.71996290337943e-55,-3.67448120060072e-56,-3.74158533458309e-59,-6.25919015690869e-63,-1.37599493429874e-50,-7.44020075210022e-40,-8.60659330227512e-31,-2.1298877566327e-23,-1.12761530392116e-17,-1.27715619513431e-13,-3.09460965226313e-11,-1.60415579955663e-10,-1.77895934935112e-11,-4.22050395152435e-14,-1.46150050349239e-17,-6.74310596768894e-12,-7.97007147472138e-08,-2.08794935744068e-05,-0.0001236732033281,-1.92056224677511e-05,-3.10169989764005e-05,-2.02652942305707e-05,-3.17988092007297e-07,-2.0928968203938e-10,-2.69368137558133e-07,-2.1693670768559e-05,-3.73765853089653e-05,-1.37770605757511e-06,-1.10216245207097e-09,-4.45762631443891e-11,-1.65278573196237e-10,-2.06033835842051e-09,-6.51292399065766e-10,-7.73740011596626e-10,-1.3278761375783e-07,-2.57738894472388e-06,-4.79474899098086e-06,-7.97409575099683e-06,-1.91972617322649e-06,-1.0401420541996e-08,-4.26815272349035e-10,-1.01074276660492e-08,-5.13762115706967e-09,-5.59643569470596e-11,-1.83819020219247e-11,-9.43228248331012e-11,-1.86564782215534e-08,-3.30796411336209e-06,-1.27859067571169e-05,-1.72460640363346e-05,-3.01370130478441e-05,-1.7703116282549e-06,-8.02560735453234e-08,-1.22202006594482e-06,-5.7275974341212e-06,-2.69633170917707e-06,-1.68727575979535e-05,-5.70672577573723e-06,-3.25482715872228e-07,-3.09343083477229e-06,-4.99675356739728e-06,-2.20810974130537e-06,-1.00778095171184e-05,-3.7739408369467e-06,-1.24209552853197e-06,-1.57840018745711e-06,-9.69875661665537e-07,-2.97427340206568e-05,-5.16503765256534e-05,-1.42187408745713e-05,-9.46669343249713e-07,-1.67126587761392e-06,-9.24812674224068e-06,-3.86902531939011e-05,-6.23832502755577e-05,-8.15114506251869e-05,-4.25869979357958e-05,-1.08016799505974e-06,-4.15187090944018e-09,-1.36863248502045e-07,-5.16700674177548e-06,-4.79622760472746e-05,-1.81261960682101e-05,-7.45454701795093e-06,-6.64050056568609e-06,-2.01622429366203e-07,-1.27102232524853e-06,-1.11082494831943e-06,-4.48065112188211e-07,-2.19231665553734e-05,-3.614100985712e-05,-6.44965906383936e-06,-4.21534549777041e-07,-1.24972579874401e-07,-1.64566790202149e-05,-4.68280809456884e-05,-2.85068567261084e-06,-3.71253976539287e-09,-1.03435996735816e-13,-6.16659683452814e-20,-2.81880334481145e-24,-1.26687297758152e-26,-1.2184320557306e-30,-2.50696556390065e-36,-1.1035116518607e-43,-8.83571228490594e-51,-2.38876733076296e-54,-6.76382123730126e-45,-1.63438117050116e-34,-8.44876806255824e-26,-9.34355688896831e-19,-2.21059859135603e-13,-1.11888732021476e-09,-1.21155078701495e-07,-2.80656887395368e-07,-1.39087657630446e-08,-1.47462057984131e-11,-3.34465091404786e-16,-1.62317937058496e-22,-5.36923998849955e-20,-2.48521681376309e-15,-2.46090335789715e-12,-5.21319107504529e-11,-2.36261015722275e-11,-7.24906128007227e-13,-1.85667661178912e-10,-1.63367914479795e-09,-4.34115408586849e-10,-4.60073844785973e-12,-1.58769263847196e-15,-1.33172697066798e-20,-2.46134491929206e-27,-1.97633470494221e-35,-3.61667166868056e-43,-2.77797821635587e-52,-4.57526844335552e-63,-1.6120758449279e-75,-1.21515918778273e-89
0,0,0,0,0,0,0,0,0,0,0,0,0,0,0,0,0,0,0,0,0,0,0,0,0,0,0,0,0,0,0,0,0,0,0,0,0,0,0,0,0,0,0,0,0,0,0,0,0,0,0,0,0,0,0,0,0,0,0,0,0,0,0,0,0,0,0,0,0,0,0,0,0,0,0,0,0,0,0,0,0,0,0,0,0,0,0,0,-2.12441809796168e-308,-5.77365630425741e-287,-3.35691752265703e-267,-4.17550706714208e-249,-1.11110879082316e-232,-6.32532365891529e-218,-7.70349367517014e-205,-2.00711157936751e-193,-1.11875273777642e-183,-1.33406046588392e-175,-3.40326467581516e-169,-1.85735425995713e-164,-2.16856565336275e-161,-5.41663051732223e-160,-2.89444071099011e-160,-3.30886427397961e-162,-1.344317700483e-151,-1.24034097019772e-135,-2.44826864231467e-121,-1.03384601831887e-108,-9.33966840533502e-98,-1.80503598243453e-88,-7.46309686895117e-81,-6.60132480896363e-75,-1.24918099841769e-70,-5.41160572009455e-67,-5.21082094613438e-60,-1.18405450901507e-54,-5.75593772793635e-51,-5.98603547227606e-49,-1.33180700207309e-48,-6.339019828455e-50,-6.45478431673605e-53,-1.40658313511083e-57,-1.18871019339095e-48,-6.42752546135167e-38,-7.43516195718991e-29,-1.8399917208838e-21,-9.74137166193684e-16,-1.10332425640955e-11,-2.67340667215882e-09,-1.38581640323544e-08,-1.53682768699973e-09,-3.6460570771807e-12,-1.97451952750701e-16,-6.70210160223361e-12,-8.02108037382852e-08,-2.16904683673859e-05,-0.000136223737056541,-3.12963964802622e-05,-1.98418962799061e-05,-7.72644086341695e-06,-9.6428441824477e-08,-9.64596486760554e-11,-2.55990098044038e-07,-2.06166502376869e-05,-3.552906594e-05,-1.31326750666104e-06,-2.85686014471204e-09,-5.15235822937935e-09,-1.00259444956987e-08,-1.03853327704284e-07,-3.2807162874628e-08,-2.78031171379303e-10,-1.40871791126492e-07,-1.16150213240655e-05,-2.28369473183648e-05,-2.62098054974017e-05,-7.06479504947052e-06,-4.21271784191649e-08,-1.45348770414629e-08,-3.44082556793824e-07,-1.74877418613002e-07,-1.90817787160553e-09,-6.79874241106499e-12,-7.92207596263817e-13,-2.25021633903431e-09,-3.99712714177868e-07,-2.15836856840788e-06,-1.88821686025881e-05,-1.55947372380455e-05,-4.34223246027598e-07,-1.5866079514387e-07,-7.3160746328896e-06,-3.26412695876166e-05,-1.46971790400827e-05,-4.33528352097594e-05,-1.45968096833415e-05,-1.22346094039739e-07,-1.8376496756047e-07,-4.31670713528293e-07,-1.53628731043401e-06,-7.66174456784833e-06,-7.06602669678667e-06,-9.56321362703349e-06,-1.18064547094423e-05,-1.61590679838985e-06,-3.95042882216008e-05,-3.48622619995019e-05,-6.12067034058214e-06,-8.76223727728591e-06,-1.21931542656845e-06,-1.04441068628066e-06,-1.69860214718755e-05,-3.87253680756932e-05,-3.03829345681359e-05,-1.35209246156868e-05,-2.89342983060147e-07,-4.86284794225439e-10,-1.1498451754206e-08,-3.54121830474062e-06,-4.20723375454136e-05,-1.12840441643128e-05,-7.85521835643974e-07,-6.95989225455716e-07,-3.92148359911379e-07,-9.95936425739289e-06,-5.70264373797739e-06,-5.1930675303118e-07,-2.74325280468987e-05,-3.660482260777e-05,-1.44070631580131e-06,-2.54580104386246e-08,-9.20922426502133e-08,-1.22397814920658e-05,-3.48287452436789e-05,-2.12021938666077e-06,-2.76122999458088e-09,-7.69313178447024e-14,-4.58545651451517e-20,-7.8516781811928e-28,-9.01180458423307e-31,-8.66722223650369e-35,-1.7833105735674e-40,-7.84969652826115e-48,-1.24339823411537e-56,-8.43499761751676e-56,-9.5270907202157e-44,-2.30208592694709e-33,-1.19004002297036e-24,-1.31607431668634e-17,-3.11370933484831e-12,-1.57599389921758e-08,-1.7065137967256e-06,-3.95315537424804e-06,-1.95910075949358e-07,-2.07705726528792e-10,-4.71106369722752e-15,-2.28595832230617e-21,-1.97583908518192e-22,-9.14540593587912e-18,-9.05593429607401e-15,-1.9184140730725e-13,-8.85477766020499e-14,-2.76091147138326e-11,-1.04206374817498e-08,-9.50381254347196e-08,-2.78907130877388e-08,-3.27049755153237e-10,-1.17172869002596e-13,-9.91436385051322e-19,-2.08405693204494e-25,-4.33950692298851e-32,-1.53554638720007e-39,-1.18210709305656e-48,-1.94691445447138e-59,-6.85986809803746e-72,-5.17086821490495e-86
0,0,0,0,0,0,0,0,0,0,0,0,0,0,0,0,0,0,0,0,0,0,0,0,0,0,0,0,0,0,0,0,0,0,0,0,0,0,0,0,0,0,0,0,0,0,0,0,0,0,0,0,0,0,0,0,0,0,0,0,0,0,0,0,0,0,0,0,0,0,0,0,0,0,0,0,0,0,0,0,0,0,0,0,0,0,0,-2.43327330576814e-320,-3.09144139665329e-297,-8.40179253140294e-276,-4.88496770228512e-256,-6.07617465308106e-238,-1.61687933059497e-221,-9.20457579662131e-207,-1.12100811366317e-193,-2.92073760344665e-182,-1.62800275967317e-172,-1.94131736772032e-164,-4.95241182170217e-158,-2.70281158543667e-153,-3.15568467365195e-150,-7.88225059261782e-149,-4.21197401900256e-149,-4.81504042860247e-151,-1.31458806526038e-144,-1.21291078406809e-128,-2.39412509133349e-114,-1.01098247563729e-101,-9.13312129538493e-91,-1.76511754536081e-81,-7.29805020747901e-74,-6.45533626822303e-68,-1.22154630396414e-63,-8.18194302010691e-61,-3.43797280754385e-54,-7.81209432794177e-49,-3.79762317815579e-45,-3.94943589199118e-43,-8.786928175674e-43,-4.18232610656834e-44,-4.25870460902666e-47,-9.277179473241e-52,-3.92739733709583e-47,-2.1235997211178e-36,-2.45651424544168e-27,-6.07917608233782e-20,-3.21846630853128e-14,-3.64528946217561e-10,-8.83270816672147e-08,-4.57861947825163e-07,-5.07754791037635e-08,-1.20462623428468e-10,-6.11928496580643e-15,-2.8472404343393e-12,-3.48071406281868e-08,-9.80179274263028e-06,-6.64331478742585e-05,-4.51926242887543e-05,-4.46735284135624e-05,-1.04010420107024e-05,-8.57788496565831e-08,-5.69345911567243e-11,-9.30607607605979e-08,-7.50803374153551e-06,-1.32256091688328e-05,-6.18573652217544e-07,-8.09216744496759e-08,-2.28182514414521e-07,-2.68509741439744e-07,-2.00333299164072e-06,-6.32149921893498e-07,-4.34486296246877e-09,-2.70742324321601e-07,-2.27761203817598e-05,-4.47434150775721e-05,-5.07903606015354e-05,-1.38458882191162e-05,-8.60385749683063e-08,-1.93460275031817e-07,-4.48335670964344e-06,-2.27663022629038e-06,-2.56891866132035e-08,-9.09376730049103e-10,-2.77914636639e-11,-1.10516065746639e-10,-2.04251145632011e-08,-1.98054076541252e-06,-4.3570469739792e-05,-2.3017588205984e-05,-2.89067137096492e-07,-1.21752602465482e-06,-2.31446517398895e-05,-7.58138852148909e-05,-3.79207229409342e-05,-4.30105141388217e-05,-1.42809768280725e-05,-1.03995036897663e-07,-5.16452779004709e-09,-7.06721638852644e-07,-1.1318344587141e-05,-2.63953576009387e-05,-2.47729378531815e-05,-3.27862374376977e-05,-3.57228041816042e-05,-1.63238502630547e-06,-2.08360997076848e-05,-1.47294878402528e-05,-1.12508119336894e-05,-3.68556181032273e-05,-4.32987396722506e-06,-8.1416044322764e-08,-4.0700810923569e-06,-1.16830639767948e-05,-2.38831587683755e-05,-8.61843198487345e-06,-3.13301558872607e-07,-9.49494429421423e-09,-2.20593451683425e-09,-1.19020092834025e-06,-1.4329786138605e-05,-3.70642491771037e-06,-4.85862714398495e-08,-7.18649321817754e-08,-1.34397336078113e-06,-3.22225276259821e-05,-1.84081707890493e-05,-4.43430967461949e-07,-1.33613337942762e-05,-1.75128819655787e-05,-5.03315392548085e-07,-8.71545421010961e-10,-2.61767171765143e-08,-3.48156762305797e-06,-9.90692782498142e-06,-6.03089783735084e-07,-7.85423249476706e-10,-2.18828731278079e-14,-1.30431875943583e-20,-1.66324484907105e-28,-2.45619578390051e-35,-2.35791557294499e-39,-4.85149181317877e-45,-2.13550780806937e-52,-2.02210598399916e-61,-4.54376395390295e-55,-5.13213630820966e-43,-1.24010772199681e-32,-6.41061137074023e-24,-7.08954389469196e-17,-1.67732009696077e-11,-8.48970136762628e-08,-9.19279733324287e-06,-2.12952020968193e-05,-1.05534548106103e-06,-1.11888732021788e-09,-2.53779687428885e-14,-1.23141991410969e-20,-2.78201537260242e-25,-1.28709734179961e-20,-1.27450536835788e-17,-2.70034894144612e-16,-3.42966733593018e-14,-5.8835593398037e-10,-2.24405143310825e-07,-2.14112176567503e-06,-7.00179204176453e-07,-8.98662045032685e-09,-3.31588338191234e-12,-2.87496084827195e-17,-4.65008003956372e-23,-6.94612358368677e-29,-2.49888232725497e-36,-1.92378608670107e-45,-3.16845005785792e-56,-1.11638954793165e-68,-8.41518108854967e-83
0,0,0,0,0,0,0,0,0,0,0,0,0,0,0,0,0,0,0,0,0,0,0,0,0,0,0,0,0,0,0,0,0,0,0,0,0,0,0,0,0,0,0,0,0,0,0,0,0,0,0,0,0,0,0,0,0,0,0,0,0,0,0,0,0,0,0,0,0,0,0,0,0,0,0,0,0,0,0,0,0,0,0,0,0,0,0,-1.35431478424523e-309,-1.72048838837208e-286,-4.67587271990301e-265,-2.71864451917272e-245,-3.38159020179534e-227,-8.9984630363649e-211,-5.12264789981839e-196,-6.23877730600494e-183,-1.62548613654836e-171,-9.06036856233994e-162,-1.0804066973172e-153,-2.75617938056316e-147,-1.50420316999553e-142,-1.75624187612274e-139,-4.38673061489018e-138,-2.34410149248302e-138,-2.67972770108727e-140,-4.91640593496634e-138,-4.53613872397977e-122,-8.95373648210559e-108,-3.78095142465621e-95,-3.41567621650184e-84,-6.60132480893025e-75,-2.72938196201541e-67,-2.41421720436627e-61,-4.56843224379714e-57,-1.93109877355479e-54,-8.67511817601772e-49,-1.97121031607382e-43,-9.58246748053403e-40,-9.9655334997818e-38,-2.21718821344658e-37,-1.05531807736232e-38,-1.07459051387547e-41,-2.34089231492372e-46,-4.9627705204476e-46,-2.68331226556203e-35,-3.10397234372777e-26,-7.68145125433435e-19,-4.06675044904584e-13,-4.60607044973817e-09,-1.11607257805023e-06,-5.78539622112301e-06,-6.41582613117255e-07,-1.52212694171246e-09,-7.72561532035968e-14,-5.0206765991857e-13,-6.31346698343588e-09,-1.85982422686357e-06,-1.46297799348255e-05,-4.49634675146754e-05,-6.85527004816359e-05,-1.78002833126813e-05,-1.41753674678129e-07,-2.20607534228128e-09,-1.40347015927237e-08,-1.24531806136405e-06,-6.06797237080346e-06,-2.0009357608264e-06,-1.36116282358793e-06,-3.86726706393272e-06,-3.25593920473083e-06,-1.48006587204177e-05,-4.65846199198914e-06,-3.15625954324798e-08,-2.03184078766979e-07,-1.70935659542808e-05,-3.35983126478738e-05,-4.01152657704634e-05,-1.2882390294822e-05,-1.29697989738004e-07,-1.12625232182769e-06,-2.24779593270746e-05,-1.1338733454628e-05,-1.74571836964914e-07,-4.97522034649805e-08,-2.34501859208821e-09,-9.30990406946719e-10,-6.4162766519741e-09,-3.66485057721939e-06,-6.37803353711417e-05,-2.74812920845032e-05,-2.9144056022215e-07,-4.12865492175378e-06,-4.78090304001332e-05,-8.34313525359328e-05,-4.75779249080374e-05,-1.68975485348873e-05,-5.36399818897207e-06,-4.63477833407371e-08,-3.33391172800132e-09,-2.34459056355221e-06,-3.7136645747596e-05,-4.43736498047541e-05,-3.81242612873006e-05,-5.75148968921281e-05,-4.83592508601556e-05,-1.25237970368085e-06,-4.23756662412083e-06,-3.69867594639561e-06,-3.18331092250308e-05,-6.52046457062722e-05,-6.74238093527944e-06,-2.18309259708494e-08,-4.31751449105235e-07,-3.86441274113182e-06,-4.52023954204267e-05,-1.77048971456918e-05,-3.52923273547741e-06,-1.38602781505799e-07,-3.96507362900535e-10,-1.5511573637044e-07,-1.8686941709516e-06,-4.81779381733728e-07,-8.22219711704852e-09,-7.68955802541634e-07,-3.93797656162947e-06,-4.0026599717275e-05,-2.27778376065849e-05,-3.19190392596834e-07,-2.49209885967699e-06,-3.26197041588892e-06,-9.14980494041492e-08,-6.04184316026626e-11,-2.84749144261018e-09,-3.78743952845006e-07,-1.07772975031007e-06,-6.56074025693816e-08,-8.54426334278697e-11,-2.38053852907155e-15,-1.41890922772656e-21,-1.80930932356789e-29,-5.19079322880515e-39,-2.45327809469463e-44,-5.04769753213984e-50,-2.22187275654148e-57,-2.11012400077391e-66,-9.36102372460402e-55,-1.05731834282055e-42,-2.55485934666852e-32,-1.32070868424423e-23,-1.46058178347647e-16,-3.45560055071265e-11,-1.7490410312565e-07,-1.89389226212119e-05,-4.38721936418954e-05,-2.17421375452099e-06,-2.30512210933148e-09,-5.22834746467267e-14,-2.53696079896852e-20,-4.1302631774154e-28,-6.92770684525934e-24,-6.85995041128766e-21,-5.40981420527175e-19,-2.82959595580287e-13,-4.81037406315328e-09,-1.85653002710544e-06,-1.87266081571305e-05,-6.8628148781518e-06,-9.52509282472829e-08,-3.6043554990971e-11,-6.34295356495692e-16,-2.57507571838713e-20,-4.32200234242265e-26,-1.55530369641762e-33,-1.19736477493508e-42,-1.97204383731712e-53,-6.94841038315353e-66,-5.23761009408651e-80
0,0,0,0,0,0,0,0,0,0,0,0,0,0,0,0,0,0,0,0,0,0,0,0,0,0,0,0,0,0,0,0,0,0,0,0,0,0,0,0,0,0,0,0,0,0,0,0,0,0,0,0,0,0,0,0,0,0,0,0,0,0,0,0,0,0,0,0,0,0,0,0,0,0,0,0,0,0,0,0,0,0,0,0,0,0,-4.94065645841247e-324,-2.88257124022363e-299,-3.66194802357203e-276,-9.95229202408321e-255,-5.78645865386992e-235,-7.19749557142391e-217,-1.91526453499518e-200,-1.09032240374164e-185,-1.32788331380989e-172,-3.45974188800476e-161,-1.92844072496685e-151,-2.29957563017208e-143,-5.86634917356996e-137,-3.20159895448499e-132,-3.73804700493641e-129,-9.33687179390895e-128,-4.9892680970501e-128,-5.70362672891518e-130,-7.1714169296266e-132,-6.48803972097922e-116,-1.28065302853245e-101,-5.4078952428378e-89,-4.88544207202386e-78,-9.44187560777377e-69,-3.90383532356861e-61,-3.45305513568085e-55,-6.53422892654906e-51,-2.65311495031948e-48,-8.37377717654091e-44,-1.90225244185739e-38,-9.24724876459569e-35,-9.6169141749344e-33,-2.13962541582531e-32,-1.0184004075118e-33,-1.03699864591951e-36,-2.25900203826094e-41,-7.17065942206578e-45,-1.29670218879787e-34,-1.49998220506321e-25,-3.71203051304421e-18,-1.96524084372443e-12,-2.22586507086287e-08,-5.39337597010298e-06,-2.79576951984916e-05,-3.10042224535867e-06,-7.35561739651224e-09,-3.73332961722985e-13,-3.6034579044104e-14,-4.64625992539011e-10,-1.43708144537627e-07,-1.7801412655555e-06,-2.0519062452565e-05,-4.35260744512141e-05,-1.27526641691831e-05,-1.18774852710229e-07,-1.11309849588378e-07,-5.5996162915453e-08,-1.12153752873865e-06,-2.22140305326888e-05,-1.00382498421562e-05,-8.80251092024631e-06,-2.50740009357196e-05,-1.74618807147985e-05,-4.19577911572607e-05,-1.31291895653683e-05,-8.91419256429005e-08,-5.96844282000783e-08,-4.90662557624417e-06,-9.89292270325371e-06,-2.46151628443207e-05,-1.81762411997602e-05,-4.38690558925523e-07,-4.50786904909278e-06,-4.5074660013939e-05,-2.16580879806817e-05,-1.31396933375587e-06,-1.04822096440771e-06,-9.64819540133726e-08,-5.01538461265572e-08,-3.37699778038481e-08,-6.04241076359052e-06,-6.54616161789693e-05,-2.08368757886431e-05,-1.77275776570221e-07,-5.52812568493028e-06,-5.53225919254856e-05,-7.51866285825912e-05,-4.62688976872957e-05,-3.34615119010627e-06,-1.40528933431032e-06,-2.34750211109928e-07,-6.23204561488707e-09,-3.01567882525924e-06,-4.73051332820441e-05,-3.71240046462082e-05,-3.99357764324929e-05,-5.65557315870806e-05,-3.42331775243911e-05,-6.08725120820826e-07,-3.31526876813489e-07,-1.82057450916451e-06,-4.6669467000746e-05,-5.39276355560913e-05,-4.14561313317545e-06,-1.06205498393483e-08,-2.09898478302475e-08,-2.40580400786385e-06,-3.8972147050464e-05,-2.37383252076981e-05,-1.91852327259844e-05,-7.75807313257488e-07,-6.88493886805679e-10,-7.7366262184856e-09,-9.32061350109022e-08,-2.4028159389976e-08,-3.52127490371237e-08,-5.22664337171642e-06,-1.73631714138607e-05,-1.99986544463843e-05,-1.07806914505493e-05,-1.3468015476886e-07,-1.77808445228156e-07,-2.32676325281102e-07,-6.51576762358081e-09,-3.94089755495032e-12,-1.18468055944863e-10,-1.57574624951108e-08,-4.48384350240991e-08,-2.72956486202667e-09,-3.55480023274966e-12,-9.90411762572482e-17,-5.90330453383217e-23,-7.52754558975164e-31,-2.05348982985767e-40,-9.88173311275916e-50,-2.00854259444232e-55,-8.84111228771535e-63,-1.79507073122281e-68,-7.37565564431529e-55,-8.33072987668603e-43,-2.01300235019513e-32,-1.04060119347607e-23,-1.15080877803479e-16,-2.72270645309333e-11,-1.37808905648686e-07,-1.492218966824e-05,-3.45673937097602e-05,-1.71308741648908e-06,-1.81623157831439e-09,-4.11947364059271e-14,-1.99889988360253e-20,-2.07531318236979e-28,-1.42606086101211e-27,-2.017644200046e-24,-3.99276343944313e-18,-1.17904526718275e-12,-1.57132366674056e-08,-5.938638241086e-06,-6.37665707913116e-05,-2.62219745972081e-05,-3.88850051035206e-07,-1.70491881556487e-10,-7.9066348440517e-14,-6.11625134145663e-18,-1.02877918635509e-23,-3.70215501875017e-31,-2.85013793421157e-40,-4.69413921846067e-51,-1.65395946420219e-63,-1.24673044728594e-77
0,0,0,0,0,0,0,0,0,0,0,0,0,0,0,0,0,0,0,0,0,0,0,0,0,0,0,0,0,0,0,0,0,0,0,0,0,0,0,0,0,0,0,0,0,0,0,0,0,0,0,0,0,0,0,0,0,0,0,0,0,0,0,0,0,0,0,0,0,0,0,0,0,0,0,0,0,0,0,0,0,0,0,0,0,0,-3.95145338864225e-314,-2.34644393234316e-289,-2.98086500016527e-266,-8.10127253992871e-245,-4.71023945866884e-225,-5.85883865625547e-207,-1.55904589078684e-190,-8.87534140650924e-176,-1.08091127153086e-162,-2.81626703524283e-151,-1.56977145086295e-141,-1.87187924762694e-133,-4.77527119928501e-127,-2.60613591633692e-122,-3.042810387876e-119,-7.60031386637351e-118,-4.06131778802002e-118,-4.64281338260125e-120,-1.13931295638235e-123,-3.54903575381938e-110,-7.00532607992824e-96,-2.95818373424567e-83,-2.67239556668578e-72,-5.16481950730809e-63,-2.13544487028458e-55,-1.88886268633866e-49,-3.57430179664875e-45,-1.44726532535317e-42,-3.10216867698446e-39,-7.02058077694482e-34,-3.41285180071765e-30,-3.54928300241384e-28,-7.89664541222052e-28,-3.75857701366831e-29,-3.8272169227437e-32,-8.33722481377521e-37,-3.67217681636097e-40,-2.55382594328383e-34,-2.77222508317479e-25,-6.86040540495802e-18,-3.63206623690338e-12,-4.11373958634801e-08,-9.96778487022762e-06,-5.16701028642825e-05,-5.73005518521333e-06,-1.35943075709762e-08,-6.89984198118707e-13,-7.88032561387902e-14,-3.0030886839045e-11,-4.55804840994881e-09,-1.61570546809246e-07,-4.14832931068119e-06,-1.88367997201276e-05,-6.97357113489706e-06,-3.82675935530198e-07,-2.17794975283246e-06,-1.27615452710321e-06,-2.39723619222621e-06,-4.37864094779095e-05,-1.99146670371276e-05,-2.1783550850462e-05,-6.22056935436426e-05,-3.95050424454168e-05,-4.58473831854784e-05,-1.4152246141757e-05,-1.18745786398894e-07,-8.77667896021277e-08,-5.49884541693615e-07,-1.63803508806263e-06,-3.09658111864208e-05,-3.30515669099591e-05,-1.10766846740381e-06,-1.63787624336311e-05,-4.54324541008362e-05,-1.62066385274365e-05,-8.85230779834856e-06,-8.50285202779988e-06,-1.86275115189965e-06,-1.04446050752355e-06,-2.40933017136795e-07,-1.58125068310996e-05,-5.4234757934511e-05,-1.0908278164827e-05,-7.25371574620545e-08,-2.85164816617609e-06,-2.8889063122328e-05,-7.74347914540419e-05,-5.08778019451665e-05,-3.97248118748055e-06,-7.85851776111726e-06,-2.64284204800597e-06,-2.60438020246488e-08,-1.48358239443466e-06,-2.32202630012194e-05,-2.24392037257236e-05,-5.21663523547371e-05,-2.97857484221884e-05,-1.32104754999173e-05,-1.71464496348369e-07,-1.07942177691689e-08,-1.11121364170501e-06,-2.99142114405563e-05,-2.29687940113805e-05,-1.06083430618581e-06,-2.38793333424026e-09,-1.3026051171952e-09,-7.80694587846908e-07,-1.3092300328733e-05,-2.60271307558224e-05,-4.08874556852551e-05,-1.66092786958211e-06,-1.44487132490124e-09,-1.47607585367786e-10,-1.77796659072715e-09,-4.71364652329546e-10,-9.13705312502882e-08,-1.36125504903852e-05,-4.35145632714974e-05,-6.3722916288127e-06,-1.95515616751758e-06,-2.39285503773162e-08,-4.85640359574546e-09,-6.34800662058462e-09,-1.77746291384365e-10,-1.06803811396101e-13,-1.88500075938904e-12,-2.50724375872851e-10,-7.13445368505405e-10,-4.34313866619422e-11,-5.65620936737441e-14,-1.57589060488136e-18,-9.39302470364067e-25,-1.19774308232068e-32,-3.26738782659219e-42,-1.92170554972462e-53,-3.05662283362429e-61,-2.60305510824614e-68,-1.6373832800784e-62,-2.22709064129554e-55,-2.5103255190687e-43,-6.06584446313239e-33,-3.13567690925142e-24,-3.46776895401523e-17,-8.20441856991862e-12,-4.15263989740686e-08,-4.49655121208029e-06,-1.0416303474208e-05,-5.1621011864018e-07,-5.4729087931847e-10,-1.24133418778108e-14,-6.02334904881307e-21,-6.25268018792815e-29,-1.68130073806395e-31,-1.32105735017634e-23,-6.78687946794878e-17,-8.22718515945948e-12,-3.45745856495832e-08,-8.0538244731739e-06,-8.54384137201857e-05,-3.8991987959345e-05,-6.21153714732056e-07,-2.16412096332445e-09,-7.08317607398992e-12,-5.56772615005571e-16,-9.36550571604186e-22,-3.37026230328951e-29,-2.59462728930414e-38,-4.27331658928506e-49,-1.5056844476585e-61,-1.13496290902532e-75
0,0,0,0,0,0,0,0,0,0,0,0,0,0,0,0,0,0,0,0,0,0,0,0,0,0,0,0,0,0,0,0,0,0,0,0,0,0,0,0,0,0,0,0,0,0,0,0,0,0,0,0,0,0,0,0,0,0,0,0,0,0,0,0,0,0,0,0,0,0,0,0,0,0,0,0,0,0,0,0,0,0,0,0,0,0,-1.23014610972677e-304,-7.30482835327174e-280,-9.27987533405005e-257,-2.52204642657556e-235,-1.46636747949166e-215,-1.82394346370421e-197,-4.85354133976638e-181,-2.76302555784902e-166,-3.36503727824633e-153,-8.76745743030937e-142,-4.88693160077741e-132,-5.82743802802552e-124,-1.48661282591429e-117,-8.1132880576128e-113,-9.47272052343093e-110,-2.36609055343625e-108,-1.26434852845386e-108,-1.44537674089266e-110,-3.53487632286205e-114,-7.42466650581999e-105,-1.46553073893431e-90,-6.18859014482436e-78,-5.59071455758686e-67,-1.08049242285736e-57,-4.46740103600379e-50,-3.95154529121308e-44,-7.47752366221008e-40,-3.02714571674061e-37,-4.62312515449637e-35,-9.9094066669528e-30,-4.81717053274389e-26,-5.0097403842736e-24,-1.11459535334279e-23,-5.30515460163953e-25,-5.40203842979126e-28,-1.17678226556437e-32,-1.08562643792983e-35,-4.623198211996e-31,-1.97928679002208e-25,-4.85153810994327e-18,-2.56729448497937e-12,-2.9076717354367e-08,-7.04541172153982e-06,-3.65213642682611e-05,-4.05010672304369e-06,-9.60870265292861e-09,-4.88474306945326e-13,-7.77040792669106e-12,-1.64243337646189e-09,-7.48526236339866e-09,-1.129904341253e-08,-1.78499094744724e-06,-3.22027845443663e-05,-1.40708692991944e-05,-2.52348812170368e-06,-1.63317047233842e-05,-1.15808727050038e-05,-4.55236238874541e-06,-3.3164616297179e-05,-1.51247052814603e-05,-2.06274696613959e-05,-5.94481335863929e-05,-3.83079249534735e-05,-1.97730134363959e-05,-5.85332994957799e-06,-7.03431666841853e-07,-1.89913452401238e-06,-2.68208506360991e-07,-6.13183068190311e-07,-2.47451205884146e-05,-2.68395098496658e-05,-1.34877996916337e-06,-3.23207190296915e-05,-3.93770466165378e-05,-5.66117875195408e-06,-2.67945530926134e-05,-2.7074848038659e-05,-1.58929150043175e-05,-8.43354213859662e-06,-8.63614929536778e-07,-4.33713704230688e-05,-6.66654036157542e-05,-4.30752651571855e-06,-1.74360962277934e-08,-5.64037796668581e-07,-6.84381345444813e-06,-5.337711050242e-05,-3.70274038822046e-05,-1.83834217751029e-05,-3.70881156030507e-05,-1.16609740767854e-05,-1.05998612030927e-07,-2.79158277440465e-07,-4.40273468027491e-06,-1.19312813607489e-05,-4.31596122071748e-05,-8.85752483111764e-06,-2.42618663536068e-06,-2.63623804187572e-08,-3.64654312092014e-10,-3.03860769048876e-07,-8.17033537440234e-06,-5.24393742739667e-06,-1.40514134709157e-07,-2.83026160251279e-10,-1.29897555620603e-10,-9.86993968171582e-08,-1.82360962482327e-06,-1.81748339887086e-05,-3.34547416603623e-05,-1.35995347776141e-06,-1.1828388713925e-09,-1.09866933723859e-12,-1.29710156170169e-11,-1.64126335781613e-11,-9.10174102652382e-08,-1.35602202438726e-05,-4.32291144453556e-05,-3.18334667638204e-06,-1.39329971491465e-07,-1.65172287522674e-09,-5.10392429870495e-11,-6.62362136110804e-11,-1.85462051043801e-12,-1.11280834380621e-15,-1.14707475591901e-14,-1.52572596722787e-12,-4.34150896233233e-12,-2.64291791303309e-13,-3.44195712037874e-16,-9.58972261475394e-21,-5.71591080893758e-27,-7.28859216979754e-35,-1.98829429022395e-44,-1.1603708565715e-55,-1.92708940450544e-67,-1.98252589655045e-62,-2.58119822749849e-56,-7.18982181942531e-52,-2.89303150188164e-44,-6.99049550161531e-34,-3.61366590618478e-25,-3.99638062285013e-18,-9.45506457591711e-13,-4.78565032438381e-09,-5.18198598923497e-07,-1.20041196279389e-06,-5.94898951691727e-08,-6.30717528813005e-11,-1.43055779099288e-15,-6.94152227053585e-22,-7.60554680350111e-30,-4.40262091379493e-30,-1.15153636601153e-22,-5.82439188975584e-16,-6.33741539431414e-11,-1.5371097573412e-07,-1.06161075267834e-05,-5.14414586333955e-05,-2.26979893100835e-05,-7.58029071089805e-07,-6.72233577835209e-08,-2.46537914792619e-10,-1.93845793534149e-14,-3.26069395064335e-20,-1.17339033842879e-27,-9.03345294558489e-37,-1.48779766905355e-47,-5.24219014611156e-60,-3.95148624079028e-74
0,0,0,0,0,0,0,0,0,0,0,0,0,0,0,0,0,0,0,0,0,0,0,0,0,0,0,0,0,0,0,0,0,0,0,0,0,0,0,0,0,0,0,0,0,0,0,0,0,0,0,0,0,0,0,0,0,0,0,0,0,0,0,0,0,0,0,0,0,0,0,0,0,0,0,0,0,0,0,0,0,0,0,0,0,-5.28650241050134e-322,-1.46462429470833e-295,-8.69720189356298e-271,-1.10487126355515e-247,-3.00277376771556e-226,-1.74587182648621e-206,-2.17160537922523e-188,-5.77867499265754e-172,-3.28968593805846e-157,-4.00644712961247e-144,-1.04386227405981e-132,-5.81842977226975e-123,-6.93820615637995e-115,-1.76997613896658e-108,-9.65976212515572e-104,-1.12783160519691e-100,-2.81709114115901e-99,-1.50534603744225e-99,-1.72088004260556e-101,-4.20865824132758e-105,-5.94036635932797e-100,-1.17254956744246e-85,-4.95139986123329e-73,-4.47304840631293e-62,-8.64486079607957e-53,-3.57430179606292e-45,-3.16157320951896e-39,-5.98265659166627e-35,-2.42194408641851e-32,-4.45165701069507e-31,-5.34924191624386e-26,-2.60037698920959e-22,-2.70432892682989e-20,-6.01674383211006e-20,-2.86379771206423e-21,-2.91609697687948e-24,-6.352440571316e-29,-1.2708189019122e-31,-5.20408024888432e-27,-5.1509031001241e-24,-1.83820378594424e-18,-7.11901631274089e-13,-7.87303647223179e-09,-1.90471499926293e-06,-9.8725042403756e-06,-1.09482327822712e-06,-2.59741973289909e-09,-1.6191856841979e-13,-2.96827407007351e-10,-6.27346203245187e-08,-2.83654765788897e-07,-2.99182527395772e-08,-2.17770255550682e-06,-4.46762637328925e-05,-1.9678946498241e-05,-6.98454327463508e-06,-4.69508034832051e-05,-4.065538793177e-05,-1.13584304396942e-05,-9.66976187313944e-06,-4.39664689763011e-06,-7.48432778319363e-06,-2.46516088768745e-05,-3.05397364919555e-05,-5.37575381054584e-06,-1.22610835300905e-06,-7.90740536566773e-06,-1.73634686920919e-05,-2.09109838957406e-06,-1.47137398889611e-06,-1.18954978833924e-05,-8.69751506595604e-06,-1.0609399594015e-06,-2.61407504331344e-05,-2.59008192898694e-05,-2.96476637294839e-06,-3.23456938664549e-05,-3.75894261391023e-05,-5.80190300790329e-05,-2.66254968123083e-05,-1.64866596788977e-06,-5.49194758543656e-05,-7.43349448915283e-05,-2.61299679340527e-06,-3.57943189027777e-09,-4.29476430531944e-08,-9.43370938446091e-07,-1.79043223741921e-05,-1.3710850614391e-05,-4.02330248343235e-05,-6.85859802060689e-05,-1.9701146981592e-05,-1.77747809635528e-07,-2.01223040330048e-08,-3.30830561914803e-07,-3.6255644050464e-06,-1.46846967848951e-05,-1.70325556536464e-06,-1.87150862894667e-07,-1.88288472065971e-09,-9.77558441646057e-11,-1.60763124030097e-07,-5.88030353396823e-06,-5.29224530465246e-06,-3.22787936382245e-07,-1.94148531442214e-09,-6.52305794717739e-12,-4.7871560147584e-09,-1.40683711710851e-07,-5.53963429307178e-06,-1.04750112021826e-05,-4.2586120386029e-07,-3.70398394730889e-10,-9.89604095326275e-15,-3.62055345777874e-14,-4.98854437214428e-12,-3.46756305678434e-08,-5.1661440679096e-06,-1.64662086079121e-05,-1.12901587480376e-06,-5.21231431630187e-09,-4.37528291814157e-11,-2.13378323469362e-13,-2.64316117105897e-13,-7.40087132827668e-15,-4.43753494930209e-18,-2.66957291622438e-17,-3.55080006246209e-15,-1.01039312601062e-14,-6.15082478259909e-16,-8.01041721813165e-19,-2.23180232826023e-23,-1.33025568767633e-29,-1.69626355503409e-37,-4.62732865636903e-47,-2.70051236509264e-58,-1.96397558021763e-64,-1.19525257945287e-56,-1.55618841845446e-50,-4.33454460680064e-46,-2.59562682858097e-43,-3.08101916305541e-35,-1.59270150641213e-26,-1.7613807151668e-19,-4.16726282513099e-14,-2.10924658745087e-10,-2.28392914716756e-08,-5.29074350283671e-08,-2.62198133729179e-09,-2.77984956091748e-12,-6.30509739385448e-17,-3.0594362321565e-23,-9.39076111688403e-27,-9.19757470317979e-26,-3.84807794509427e-22,-1.94463612001732e-15,-2.103098889374e-10,-4.87678561015744e-07,-2.4683494837044e-05,-3.43425765508513e-05,-6.24282313613694e-06,-5.28418752721308e-06,-8.93203374579778e-07,-3.28269148513602e-09,-2.58110031283975e-13,-4.34168733866e-19,-1.56239562894197e-26,-1.20282457884685e-35,-1.98103606170143e-46,-6.9800940932709e-59,-5.26149281125182e-73
0,0,0,0,0,0,0,0,0,0,0,0,0,0,0,0,0,0,0,0,0,0,0,0,0,0,0,0,0,0,0,0,0,0,0,0,0,0,0,0,0,0,0,0,0,0,0,0,0,0,0,0,0,0,0,0,0,0,0,0,0,0,0,0,0,0,0,0,0,0,0,0,0,0,0,0,-0,-1.48071474058622e-320,-3.69457892775836e-317,-1.97193016124186e-315,-2.25162940408598e-315,-5.50023323262968e-317,-2.87447392750437e-320,-0,0,-2.40265250126262e-313,-6.66907301454921e-287,-3.96021523472072e-262,-5.03096060535824e-239,-1.36729382241042e-217,-7.9497156553733e-198,-9.88826614795883e-180,-2.63128268407288e-163,-1.49793744341926e-148,-1.82431006592312e-135,-4.7531600752433e-124,-2.64938476860557e-114,-3.15926778041822e-106,-8.05947309998026e-100,-4.39851087740401e-95,-5.1355090519464e-92,-1.28274442646554e-90,-6.85449686457989e-91,-7.83591716652757e-93,-1.91638560180112e-96,-1.81768846178696e-95,-3.58787407223498e-81,-1.51507447332359e-68,-1.3687041338361e-57,-2.64523332484677e-48,-1.09369745181936e-40,-9.67406995906153e-35,-1.83062781005746e-30,-7.41087900917395e-28,-6.90427695164952e-27,-1.10435981521825e-22,-5.36846727002531e-19,-5.58307560449648e-17,-1.24215421335362e-16,-5.91229823554829e-18,-6.02026984603788e-21,-1.31146974561934e-25,-7.29101320999991e-28,-2.24132584459871e-23,-2.05539271845457e-20,-4.33742803736404e-17,-1.52867192523584e-12,-1.87266879145399e-09,-2.13394624884714e-07,-1.0261324281742e-06,-1.13224676523966e-07,-2.68558578066982e-10,-4.89858547171744e-13,-4.33645303181095e-09,-9.16511249827003e-07,-4.14400131777846e-06,-4.02086498289576e-07,-1.18871001168585e-06,-2.44335926797549e-05,-1.07763378292817e-05,-7.49482756766515e-06,-5.17800574088673e-05,-5.50793988983271e-05,-1.53595042137582e-05,-1.16639094723338e-06,-4.89406048836451e-07,-1.07286986889957e-06,-1.20133626450974e-05,-5.00070624785228e-05,-5.95588538597783e-06,-2.08145319832855e-06,-3.93907255364769e-05,-6.28588499104512e-05,-6.85493142616782e-06,-7.14285323246846e-06,-2.3898148608049e-05,-2.71074090849605e-06,-4.0173345752691e-06,-1.07665429214545e-05,-8.19051173483904e-06,-1.09625149861009e-05,-2.15354081802039e-05,-3.82435251895418e-05,-9.16223087098593e-05,-3.3491155047876e-05,-4.39572077612271e-06,-3.7325963909615e-05,-4.481697921827e-05,-2.50550968321065e-06,-6.00541767322054e-09,-6.1424066674838e-09,-9.26093011737622e-08,-2.59487404455052e-06,-2.95315903572794e-06,-3.4593706965351e-05,-4.95541375582885e-05,-1.27484719748302e-05,-1.14377598418153e-07,-5.75406297412399e-10,-1.09746101658879e-08,-4.64830031020976e-07,-1.92742220973588e-06,-1.8389500368517e-07,-5.86925636236599e-09,-5.53385329758182e-11,-3.12338900613329e-10,-5.64090723536494e-07,-2.21754958042885e-05,-2.50894051687046e-05,-2.9428042430842e-06,-2.0865549654988e-08,-3.62419870962802e-12,-9.01160949050897e-11,-8.90073508518132e-09,-6.61001395216892e-07,-1.25467932402329e-06,-5.10038062055802e-08,-4.43597340086036e-11,-8.28605616395199e-16,-4.08461220425257e-17,-7.25498778549182e-13,-5.05235722678494e-09,-7.52724724759172e-07,-2.39915081211871e-06,-1.63653371039494e-07,-2.74823812414578e-10,-4.49853907486773e-13,-4.23914282335306e-16,-4.03387109988618e-16,-1.12948537783858e-17,-6.76961520311023e-21,-2.37608422610391e-20,-3.16042582572953e-18,-8.99310711223026e-18,-5.47460435690776e-19,-7.12975357826751e-22,-1.98643843417814e-26,-1.18400764791041e-32,-1.50977668476674e-40,-4.11860108495849e-50,-2.4036187438974e-61,-4.52841824681738e-59,-2.75594288196056e-51,-3.58816744557219e-45,-9.99433723129037e-41,-5.95544345991538e-38,-1.27853285745115e-36,-2.68466737916998e-28,-2.96899408057498e-21,-7.02436364465501e-16,-3.55535891740563e-12,-3.84980490589225e-10,-8.91810952993013e-10,-4.41962774031684e-11,-4.68573141895195e-14,-1.06279358969553e-18,-7.00336966103475e-25,-8.43661938079186e-23,-8.26319467408397e-22,-6.64944271268959e-22,-2.4853457879353e-15,-2.68701373406256e-10,-6.21560557019319e-07,-3.07944623136313e-05,-3.32614216388236e-05,-4.46682276858625e-06,-2.64828228230127e-05,-4.54833539162456e-06,-1.67166111493301e-08,-1.31438650900041e-12,-2.2109389693275e-18,-7.95626472403367e-26,-6.12520323828639e-35,-1.00881281557522e-45,-3.55450792206418e-58,-2.67933607048476e-72
0,0,0,0,0,0,0,0,0,0,0,0,0,0,0,0,0,0,0,0,0,0,0,0,0,0,0,0,0,0,0,0,0,0,0,0,0,0,0,0,0,0,0,0,0,0,0,0,0,0,0,0,0,0,0,0,0,0,0,0,0,0,0,0,0,0,0,0,0,0,0,0,0,0,-0,-1.78196163385782e-316,-9.71378534485454e-310,-1.13281100058274e-304,-2.82621516103206e-301,-1.50845303926678e-299,-1.72241252728006e-299,-4.20747326546264e-301,-2.19879308902066e-304,-2.45825069121107e-309,-5.87958651919325e-316,-4.18407926410345e-305,-1.16138018696221e-278,-6.89648396362761e-254,-8.76112460562821e-231,-2.38106248295533e-209,-1.38439663713247e-189,-1.7219839042989e-171,-4.58222539911052e-155,-2.60857073284473e-140,-3.17692962847541e-127,-8.27735117729884e-116,-4.61374912403143e-106,-5.50168066458575e-98,-1.40351025626077e-91,-7.65975027415402e-87,-8.94318963052863e-84,-2.2338246388714e-82,-1.19367066948439e-82,-1.36457929370819e-84,-3.33727380650346e-88,-2.14459500089803e-91,-4.19868095078472e-77,-1.77300379057092e-64,-1.60171507090215e-53,-3.09556315182942e-44,-1.27989069973549e-36,-1.13210030329655e-30,-2.14227756028144e-26,-8.6725214169665e-24,-7.54930481510085e-23,-8.72085215735393e-20,-4.23871295542545e-16,-4.40815854930517e-14,-9.80752026847044e-14,-4.668098707473e-15,-4.75334848941925e-18,-1.03563916524256e-22,-3.80278114853952e-24,-3.69264535236208e-20,-3.38106592010984e-17,-1.99330733864542e-15,-4.52669464953143e-11,-3.2966807696246e-08,-5.20450632104518e-07,-2.1107796565208e-07,-5.69154979984145e-09,-1.9330425533817e-11,-1.52468584142716e-11,-2.42293699056234e-08,-5.1208025840364e-06,-2.31536847062459e-05,-2.23991299270378e-06,-2.532817212006e-07,-5.11468246446084e-06,-2.26078981054063e-06,-3.09604199792282e-06,-2.1942034139472e-05,-2.94054001552448e-05,-8.7959838941027e-06,-1.18012311745241e-07,-3.15783473952334e-08,-1.24809589872246e-07,-1.33783967755279e-05,-6.24989267735833e-05,-9.17165194655371e-06,-5.78430394550352e-06,-8.2937573115631e-05,-9.1515328306605e-05,-8.67664866352202e-06,-1.47003231230523e-05,-4.75170230621652e-05,-3.91283848871688e-06,-1.94064830117931e-05,-1.56134441079735e-05,-2.75684867822614e-06,-3.25895284692639e-05,-2.57414936708638e-05,-5.57744014231719e-05,-7.15833569246254e-05,-1.99809613782806e-05,-1.47716157815656e-05,-5.33708684728617e-05,-4.74542035019221e-05,-5.86082746496254e-06,-3.38292719815297e-08,-2.02851053991012e-07,-6.59303861776686e-08,-1.53079410467679e-07,-4.91526275412882e-07,-1.14563279701969e-05,-1.40117073206278e-05,-3.16122978641049e-06,-2.81537920545113e-08,-1.16428089974932e-11,-2.1103073930564e-10,-2.32504771974808e-08,-9.6870443822837e-08,-8.78297292389585e-09,-8.06148628144204e-11,-6.42834463676148e-13,-5.10876955917377e-10,-9.2481193515927e-07,-3.73682189883787e-05,-5.90576379961379e-05,-1.14498674023114e-05,-8.6571401967203e-08,-1.49540080005172e-11,-9.72525035205167e-12,-1.3874917279983e-09,-5.66509546933938e-08,-7.19088659888495e-08,-2.50512349500395e-09,-2.07409384358846e-12,-3.80330133529991e-17,-1.40738030742368e-19,-4.04268749037071e-14,-2.81535675209585e-10,-4.19445525376977e-08,-1.33689264716831e-07,-9.11607593456469e-09,-1.34377629216677e-11,-2.12790949146791e-15,-6.28156464918436e-19,-2.35447143184097e-19,-6.59246896311517e-21,-3.95029237096718e-24,-8.08820311718048e-24,-1.07580779645602e-21,-3.06125037548321e-21,-1.8635533230127e-22,-2.42696551327535e-25,-6.76182917273637e-30,-4.03035770786215e-36,-5.13927431916443e-44,-1.40197030464013e-53,-1.48554360309303e-63,-3.99325235624331e-54,-2.43024712101086e-46,-3.16411985944476e-40,-8.8132121466453e-36,-5.25163254010663e-33,-6.69473309328657e-32,-1.74893594275657e-30,-1.91397000988748e-23,-4.52827489360807e-18,-2.29197167713731e-14,-2.48178707500294e-12,-5.74908353654247e-12,-2.84916443991145e-13,-3.03302863944537e-16,-1.51151943781732e-20,-6.34354626547545e-22,-2.89881506406336e-19,-2.83922647906228e-18,-5.95160127002355e-19,-1.21486022403138e-15,-1.31341268483359e-10,-3.03779625064687e-07,-1.50322651841865e-05,-1.59517125749695e-05,-6.7972479883421e-06,-5.15616505238506e-05,-8.85809048949778e-06,-3.25563831688383e-08,-2.55982929204886e-12,-4.30590720300476e-18,-1.54951982209848e-25,-1.19291202106894e-34,-1.96471021106029e-45,-6.922570671143e-58,-5.2181324971987e-72
0,0,0,0,0,0,0,0,0,0,0,0,0,0,0,0,0,0,0,0,0,0,0,0,0,0,0,0,0,0,0,0,0,0,0,0,0,0,0,0,0,0,0,0,0,0,0,0,0,0,0,0,0,0,0,0,0,0,0,0,0,0,0,0,0,0,0,0,0,0,0,0,0,-1.71776743746085e-319,-2.04595926682271e-309,-5.21324723484292e-301,-2.84183244699992e-294,-3.31411385313322e-289,-8.26828024471265e-286,-4.41307959727019e-284,-5.03903229623703e-284,-1.2309242608506e-285,-6.43271528326289e-289,-7.1917757384294e-294,-1.72011210247806e-300,-2.78662510870051e-297,-7.73487065001728e-271,-4.59310499674641e-246,-5.83496828463e-223,-1.58580372921996e-201,-9.22017530241161e-182,-1.14685293504132e-163,-3.05179312934989e-147,-1.73732576347401e-132,-2.11585663474606e-119,-5.51277190707418e-108,-3.07278814350703e-98,-3.66415655923857e-90,-9.34747329945898e-84,-5.10144552551637e-79,-5.95622482347096e-76,-1.48774232852093e-74,-7.94992744910842e-75,-9.08819045392286e-77,-2.2226469425585e-80,-1.17242003060666e-85,-1.87913620411093e-73,-7.93514832858434e-61,-7.16853891420315e-50,-1.38543148643559e-40,-5.72820125979891e-33,-5.06675951696671e-27,-9.58784763587942e-23,-3.88142111850522e-20,-3.3627059152554e-19,-2.6391807065393e-17,-1.27993350461977e-13,-1.3310997630924e-11,-2.96150598030161e-11,-1.40959201310685e-12,-1.43533427335675e-15,-3.13592003828609e-20,-1.66327154884964e-20,-2.33141999256599e-17,-2.12976042660844e-14,-4.33108856719782e-13,-5.37991727913944e-10,-3.91324464907361e-07,-6.09152151531336e-06,-2.02912009676235e-06,-1.45352203039899e-08,-1.12150645040152e-09,-1.68420422776353e-09,-5.18270486366378e-08,-1.09422836895126e-05,-4.94754838625669e-05,-4.78578097709167e-06,-2.98099676047596e-08,-4.09477018126127e-07,-1.81787061798608e-07,-4.90946825983292e-07,-3.79457153126582e-06,-1.34702671270475e-05,-7.94597783170758e-06,-3.75914535111188e-07,-4.07353981408476e-07,-1.51885530626604e-07,-1.83221384688452e-05,-7.85698425888449e-05,-2.63515108988806e-05,-1.02093047896012e-05,-7.34932022661765e-05,-5.47637519346914e-05,-4.2601623513308e-06,-1.16189514459154e-05,-3.76050934218e-05,-3.73852601368224e-06,-3.84950509471883e-05,-3.96444443944657e-05,-8.89476125190445e-06,-3.90669956957787e-05,-3.23780532688938e-05,-7.69043796326969e-05,-5.3809252958268e-05,-1.99875266407071e-05,-2.92304999859918e-05,-0.000106610615616683,-8.09165268142224e-05,-8.9747633233477e-06,-2.59927958909543e-07,-3.24891107624975e-06,-9.91441827252952e-07,-1.0309140779788e-08,-5.18505568293283e-08,-1.455979402644e-06,-1.55160123549145e-06,-3.00593058493039e-07,-2.65087279760872e-09,-6.12286930382822e-11,-2.8274914703196e-10,-4.74216242788766e-10,-1.8624419706764e-09,-1.66818894409879e-10,-6.01686396873693e-13,-6.62508460850056e-15,-3.20571038368494e-10,-5.82266547413037e-07,-2.50975809101507e-05,-6.55971322405129e-05,-1.77290660535381e-05,-1.37660968430131e-07,-7.35119387476443e-11,-1.20343302629729e-09,-2.81504489976971e-08,-7.05177339905538e-07,-3.86549046622544e-07,-4.55381513744384e-09,-1.16569029389632e-12,-6.74719348253267e-18,-2.46025573817015e-18,-8.65749274776782e-16,-5.99987957159745e-12,-8.93891181769833e-10,-2.84908623365025e-09,-1.94270184058882e-10,-2.83597072607413e-13,-1.13803083576509e-17,-7.09432817911036e-22,-5.25601573468382e-23,-1.47158474923962e-24,-8.81671512338367e-28,-1.05296219412522e-27,-1.40053341415741e-25,-3.98526898028606e-25,-2.42605482739688e-26,-3.15952933929934e-29,-8.80284352691873e-34,-5.24689508615076e-40,-6.69053099654204e-48,-1.82514596359459e-57,-4.73403878323719e-59,-1.34671805821652e-49,-8.19597008107183e-42,-1.06709443153862e-35,-2.97224189456081e-31,-1.77110479026485e-28,-2.25778806258033e-27,-6.15749269575482e-28,-4.71914900090054e-26,-1.11642173411161e-20,-5.65073401153077e-17,-6.1192080222568e-15,-1.45127328070954e-14,-5.65030248302838e-15,-1.54716409427157e-15,-1.03399340784379e-17,-8.3351395408434e-19,-3.80927445993279e-16,-3.73097030118894e-15,-7.81772073828471e-16,-2.30613596047434e-16,-2.45533236490183e-11,-5.67899403361485e-08,-2.81187083357106e-06,-3.07492337005677e-06,-4.93536156393401e-06,-3.84061783011028e-05,-6.59777913209852e-06,-2.42489961769128e-08,-1.90663964043461e-12,-3.20717220745006e-18,-1.15413005297915e-25,-8.88517587475092e-35,-1.46337663296804e-45,-5.15614369141673e-58,-3.88662568206982e-72
0,0,0,0,0,0,0,0,0,0,0,0,0,0,0,0,0,0,0,0,0,0,0,0,0,0,0,0,0,0,0,0,0,0,0,0,0,0,0,0,0,0,0,0,0,0,0,0,0,0,0,0,0,0,0,0,0,0,0,0,0,0,0,0,0,0,0,0,0,0,0,0,-3.45215588553313e-316,-1.92195901188079e-304,-2.28916265106676e-294,-5.83294645905331e-286,-3.1796413563817e-279,-3.70806290085975e-274,-9.25113155070042e-271,-4.93766281375877e-269,-5.63802257313686e-269,-1.37724435179365e-270,-7.19737279729012e-274,-8.04666284526236e-279,-1.92458200145678e-285,-7.09883597647187e-290,-1.97015955916548e-263,-1.16991610138554e-238,-1.48623281028816e-215,-4.0392225254288e-194,-2.3484835533979e-174,-2.92116491039636e-156,-7.77326432261727e-140,-4.42516638631151e-125,-5.38932758333715e-112,-1.40416572708891e-100,-7.8267410124133e-91,-9.33302365107558e-83,-2.38090780159724e-76,-1.29939621778093e-71,-1.51711823034466e-68,-3.78944898077104e-67,-2.02493697273362e-67,-2.31486551081124e-69,-5.6613346475565e-73,-2.96204018131482e-78,-3.21642439375928e-70,-1.35822004793061e-57,-1.22700331039411e-46,-2.37137447466823e-37,-9.80467846028036e-30,-8.67252138085113e-24,-1.64110440489755e-19,-6.64363633536984e-17,-5.75392770319574e-16,-3.147253773339e-15,-1.47812281701137e-11,-1.53721179420015e-09,-3.42007567557339e-09,-1.6278580521449e-10,-1.65758633206632e-13,-3.80304205856573e-18,-3.38008513703931e-17,-5.72834443476188e-15,-5.13084141845444e-12,-1.006031970388e-10,-2.48606034888233e-09,-1.77823548035465e-06,-2.76802571052293e-05,-9.21785826427939e-06,-6.64715826554988e-08,-5.61790207669517e-08,-8.42702713908988e-08,-4.50146257052697e-08,-8.94226830311987e-06,-4.04324155083485e-05,-3.91102550548887e-06,-8.70288617619422e-09,-1.25378161446891e-08,-5.61409146346108e-09,-3.08344208003455e-08,-1.43374676275027e-06,-3.63108896800617e-05,-2.66845422671685e-05,-4.27031459923455e-06,-5.94112460663431e-06,-5.32787595255219e-07,-2.41018765340681e-05,-0.000125830349513511,-7.66380978173514e-05,-2.13358351466323e-05,-2.74117500308178e-05,-1.38243120746886e-05,-8.18656741128454e-07,-3.81229038906226e-06,-1.33507992634798e-05,-1.92051057018846e-06,-3.3880219935599e-05,-9.05780126166138e-05,-4.13257228331055e-05,-2.13636140713013e-05,-3.44512944788865e-05,-9.78643729290881e-05,-7.20817845103131e-05,-3.26981660942353e-05,-3.3048636049522e-05,-0.000139196202974051,-9.1544932237448e-05,-6.15639963222765e-06,-1.43085954623967e-06,-2.02063632319256e-05,-6.49445454716211e-06,-5.2203083274823e-08,-2.45917322933926e-09,-7.0928180852664e-08,-6.72637640906706e-08,-1.09701407643019e-08,-1.17181068641364e-10,-4.68862999966907e-09,-2.16401201651587e-08,-2.14003071035004e-09,-1.82132788400367e-11,-1.22595746317062e-12,-2.8421922378568e-15,-9.15675504119365e-16,-7.69532110920835e-11,-1.4096034258898e-07,-7.02871234283091e-06,-3.31229289453516e-05,-1.0676018870812e-05,-8.37901810507901e-08,-2.79625576260226e-09,-6.55801041214601e-08,-3.13936070154083e-07,-7.18968683864598e-06,-3.93362923480529e-06,-4.60445565601411e-08,-1.15304574745353e-11,-9.91766971381588e-17,-2.98473180907341e-15,-5.11008110580047e-15,-4.90880553722135e-14,-7.28556858892526e-12,-2.32211851803789e-11,-1.58337646661299e-12,-2.30985532033375e-15,-7.35173173867571e-20,-4.27231301266127e-25,-4.48886300318509e-27,-1.25629654607135e-28,-7.52625491757118e-32,-5.24257434274657e-32,-6.97303691444761e-30,-1.98420312094131e-29,-1.20789477044284e-30,-1.57308026302743e-33,-4.38279817138372e-38,-2.61234703521683e-44,-3.33111078568666e-52,-9.08757559815976e-62,-6.10592465021978e-55,-1.73698597897574e-45,-1.05710954331302e-37,-1.37632970354638e-31,-3.83357337898441e-27,-2.28435652824092e-24,-2.91207664757573e-23,-7.94182887619646e-24,-4.63803352387472e-26,-1.05317185420977e-23,-6.07154344401115e-20,-2.43091436523181e-16,-1.62078621258717e-13,-2.36766674108985e-12,-7.39996715500531e-13,-4.9478856579665e-15,-4.18858627290467e-16,-1.91440457032297e-13,-1.87505171167568e-12,-3.92890551943392e-13,-1.7774375446593e-15,-1.755615686244e-12,-4.0763977950602e-09,-2.35562746222837e-07,-1.79966212959252e-06,-2.91436947031367e-06,-1.09721087961887e-05,-1.87943962484383e-06,-6.90750311514414e-09,-5.43120172917762e-13,-9.13586336325758e-19,-3.28762342195169e-26,-2.53100698994786e-35,-4.16853480356388e-46,-1.4687650428211e-58,-1.1071336017764e-72
0,0,0,0,0,0,0,0,0,0,0,0,0,0,0,0,0,0,0,0,0,0,0,0,0,0,0,0,0,0,0,0,0,0,0,0,0,0,0,0,0,0,0,0,0,0,0,0,0,0,0,0,0,0,0,0,0,0,0,0,0,0,0,0,0,0,0,0,0,0,0,-5.67629369350753e-315,-1.47720160465516e-301,-8.22419676237101e-290,-9.79548676484149e-280,-2.49595850312601e-271,-1.36059072992761e-264,-1.58670599713135e-259,-3.95862376238115e-256,-2.1128603823271e-254,-2.412549211796e-254,-5.89332471140009e-256,-3.07980605679685e-259,-3.44322319627088e-264,-8.23542071784835e-271,-4.21460102255798e-279,-1.91919651848746e-256,-1.13965333328275e-231,-1.44778772962703e-208,-3.9347380632882e-187,-2.28773422865112e-167,-2.84560176858761e-149,-7.57218965126392e-133,-4.31069853344016e-118,-5.24991932090588e-105,-1.36784351413154e-93,-7.62428303446212e-84,-9.09160195415595e-76,-2.31931974362579e-69,-1.26578412682349e-64,-1.47787422204777e-61,-3.69142552797253e-60,-1.97255697902638e-60,-2.25498579972779e-62,-5.51489025091282e-66,-2.88541855832437e-71,-2.10551401589501e-67,-8.89108835345876e-55,-8.03212620762155e-44,-1.55233314406866e-34,-6.41827240000082e-27,-5.67714737843033e-21,-1.07428868270836e-16,-4.3490123514946e-14,-3.7665156090907e-13,-2.04080400248825e-13,-6.5283510014525e-10,-6.7893236444102e-08,-1.51052709440842e-07,-7.18967627288991e-09,-7.32097564348295e-12,-3.1326336173981e-16,-2.69591848038214e-14,-6.17171848637538e-13,-4.72739787550333e-10,-9.26262992692207e-09,-8.12985149272117e-09,-3.09041278947536e-06,-4.81052560233716e-05,-1.60196269527746e-05,-1.29504712767917e-07,-1.07816555967781e-06,-1.61745954829872e-06,-6.5135683641367e-08,-2.79487561372746e-06,-1.26368557277215e-05,-1.22236222413651e-06,-2.53666585660757e-09,-1.46923366895901e-10,-6.69168832602207e-11,-3.35190147454183e-09,-2.79392373221534e-06,-7.16400145484247e-05,-4.69090356113905e-05,-2.32037148689405e-05,-3.33819426787554e-05,-2.39882897189838e-06,-3.80598522983952e-05,-0.000181689509503885,-0.000119488675024695,-3.78714973696461e-05,-8.67491717359708e-06,-1.68415691744174e-06,-7.1056430993168e-08,-2.74766813731193e-06,-1.66543566261327e-05,-2.55084328498977e-06,-2.13291323514805e-05,-0.000155545736413002,-8.9640921344005e-05,-1.4707946982697e-05,-5.46467359030806e-05,-0.000110599025219179,-7.41208415322939e-05,-2.47427210159864e-05,-2.01458057342479e-05,-0.000107177994826112,-7.1028619547945e-05,-2.6053436860579e-06,-3.37934415677372e-06,-5.11483365174802e-05,-1.97287136715652e-05,-2.35094577274301e-07,-6.07067393129434e-10,-1.32625940837935e-09,-1.13993647174202e-09,-1.53898493830931e-10,-6.43457208929142e-10,-1.38537607447092e-07,-6.39414929625115e-07,-6.31360673391649e-08,-1.35950479350007e-10,-1.21182067050077e-12,-1.21607941263925e-14,-8.62169297245868e-17,-7.06944937759874e-12,-1.32259216513659e-08,-8.79446408933221e-07,-7.08816052995757e-06,-2.47540385166351e-06,-1.95638795403008e-08,-5.89052668516121e-08,-1.38439081300412e-06,-1.79203410441037e-06,-2.80604176015201e-05,-1.53490936421912e-05,-1.79665929223629e-07,-4.49912295827406e-11,-1.77046844289141e-14,-1.38634203471841e-12,-2.37024251203067e-12,-8.68481560633139e-14,-2.27775673836497e-14,-7.23823835127822e-14,-4.93551669087206e-15,-7.19967201578374e-18,-2.24993247953016e-22,-2.31483467357353e-28,-1.46947899236098e-31,-4.10174596508707e-33,-2.45717019492157e-36,-9.98271100711947e-37,-1.32776175801308e-34,-3.77819457495976e-34,-2.29999712259519e-35,-2.99536033031084e-38,-8.3454481547281e-43,-4.97426664246258e-49,-6.34289129285349e-57,-2.2652069410817e-62,-3.01190154958917e-51,-8.56812204766298e-42,-5.2144598140027e-34,-6.78909387902078e-28,-1.89100689282357e-23,-1.12681655299747e-20,-1.43645535603523e-19,-3.91750767804101e-20,-2.28563242359808e-22,-9.44216676825484e-25,-1.36064124521704e-18,-4.34320605170863e-14,-2.96593845955252e-11,-4.33303968442655e-10,-1.35425985966717e-10,-9.05507299185524e-13,-8.04995621523522e-14,-3.6795514682073e-11,-3.60391391956436e-10,-7.55149162119451e-11,-3.38509186383247e-13,-4.91584672496659e-14,-2.23433216315754e-10,-2.45514835087996e-07,-1.09698110844831e-05,-1.08621295191039e-05,-1.41577685421903e-06,-2.04849294113061e-07,-7.52521048317262e-10,-5.91688261392703e-14,-9.95283062879536e-20,-3.58161651380052e-27,-2.75734026324708e-36,-4.54130269029812e-47,-1.60010818061941e-59,-1.20613813754608e-73
0,0,0,0,0,0,0,0,0,0,0,0,0,0,0,0,0,0,0,0,0,0,0,0,0,0,0,0,0,0,0,0,0,0,0,0,0,0,0,0,0,0,0,0,0,0,0,0,0,0,0,0,0,0,0,0,0,0,0,0,0,0,0,0,0,0,0,0,0,0,-7.63638519208211e-316,-9.28932014509369e-301,-2.41745747642769e-287,-1.34589929283535e-275,-1.6030427153811e-265,-4.08466489964572e-257,-2.22662243397004e-250,-2.59666267865564e-245,-6.47833347904312e-242,-3.45772040309752e-240,-3.94816463164314e-240,-9.64449391314875e-242,-5.04013816021334e-245,-5.63487450365818e-250,-1.34773610610432e-256,-6.89611169530544e-265,-7.15001900527011e-250,-4.24580959474257e-225,-5.39377269743448e-202,-1.46589740353648e-180,-8.52301630202621e-161,-1.06013670464896e-142,-2.8210399193884e-126,-1.60596250270275e-111,-1.9558717702444e-98,-5.09593834089669e-87,-2.84044745146382e-77,-3.38710111936799e-69,-8.64068900004623e-63,-4.71571330823867e-58,-5.5058607460207e-55,-1.37525065449484e-53,-7.34881485723575e-54,-8.40101113635505e-56,-2.05458741333481e-59,-1.07497210364015e-64,-5.27145110745051e-65,-2.22591931263884e-52,-2.01087472493089e-41,-3.88632773364317e-32,-1.60684000889285e-24,-1.42129641366451e-18,-2.68952442167519e-14,-1.08879253014277e-11,-9.42960775392074e-11,-1.97395330687317e-11,-1.10272836507756e-08,-1.1468035214568e-06,-2.55147328635808e-06,-1.21442819633933e-07,-1.23660639214798e-10,-4.97641635069261e-14,-8.24848185867998e-12,-4.91073131380767e-11,-1.66600400965348e-08,-3.26381291850888e-07,-1.39632892638372e-07,-2.05524237365497e-06,-3.197309344627e-05,-1.06474645872671e-05,-1.89155376989673e-07,-7.91500300064601e-06,-1.18736379099298e-05,-3.82662161506974e-07,-3.34330510939023e-07,-1.51049075157276e-06,-1.46109669853974e-07,-3.02388009071837e-10,-6.70861607076136e-13,-3.74830616627733e-13,-2.81268618046503e-09,-2.72229307215018e-06,-6.19907126248088e-05,-3.5974308084228e-05,-5.14571315097802e-05,-7.32056004522028e-05,-7.34087008097017e-06,-6.99342020732972e-05,-0.000216870881752854,-0.000109562914381725,-7.65388147420779e-05,-3.32145061338176e-05,-1.66261724398389e-06,-7.17818023973284e-08,-7.16523236324363e-06,-4.58273947244295e-05,-7.08287941156019e-06,-1.22355028509228e-05,-0.000123594007734608,-7.676508143327e-05,-1.40271406062268e-05,-6.06045390996028e-05,-8.51643089404533e-05,-3.90885439866196e-05,-7.4791418156974e-06,-9.02886980236498e-06,-6.88272885970662e-05,-5.04767754524163e-05,-3.33697452749516e-06,-3.35742549389428e-06,-6.1316391229604e-05,-3.54783827198337e-05,-7.38289384166045e-07,-2.502804582197e-08,-1.47437989938673e-10,-7.55212563019685e-12,-1.54968156479634e-12,-7.25646276113914e-09,-1.56552799353334e-06,-7.22563349126501e-06,-7.13480793551827e-07,-1.95913600974628e-09,-2.1365083808001e-10,-2.15897767982845e-12,-4.69819912214419e-16,-2.48793793438498e-13,-4.90044768126591e-10,-5.17474715952125e-08,-6.0938290215268e-07,-2.20102562856064e-07,-2.17209069351669e-09,-4.76934023972089e-07,-1.12034606536845e-05,-7.26570609590955e-06,-4.19242631459096e-05,-2.29056525875031e-05,-2.68117675478782e-07,-6.71617014848448e-11,-3.17665466260904e-12,-2.46272296335652e-10,-4.21041274249854e-10,-1.5400313778696e-11,-1.2077800713048e-14,-8.64898644126843e-17,-5.88370405992169e-18,-8.58280958791306e-21,-2.67872738960317e-25,-1.85564010786962e-31,-1.95971025049887e-36,-2.41931513502803e-37,-8.65066693495109e-39,-1.56049165112801e-41,-9.66914620779387e-40,-2.75139037646795e-39,-1.6749243119856e-40,-2.18130787691329e-43,-6.0773963025648e-48,-3.62240458994955e-54,-4.61907657705055e-62,-4.27300835194584e-59,-5.68198136909727e-48,-1.61638450133316e-38,-9.8371288122321e-31,-1.28076911872868e-24,-3.56740277095833e-20,-2.12575031258753e-17,-2.70988690571426e-16,-7.39041607882595e-17,-4.31186764641546e-19,-1.17643826990194e-22,-9.52312347977322e-17,-3.03985122831407e-12,-2.07588863904879e-09,-3.03273583642134e-08,-9.47859402950609e-09,-6.33773334334945e-11,-5.91685532309546e-12,-2.70474137038422e-09,-2.64914220055833e-08,-5.55090259572215e-09,-2.48828860601649e-11,-5.87098090002772e-15,-2.98852607038837e-10,-6.35667458198094e-07,-2.90331896357598e-05,-2.83772256150298e-05,-6.42766664821705e-07,-8.79604262924731e-09,-3.13559506913749e-11,-2.46524316567689e-15,-4.146802330179e-21,-1.49226448747822e-28,-1.14883347753094e-37,-1.89211343690745e-48,-6.66677910618808e-61,-5.02532055767397e-75
0,0,0,0,0,0,0,0,0,0,0,0,0,0,0,0,0,0,0,0,0,0,0,0,0,0,0,0,0,0,0,0,0,0,0,0,0,0,0,0,0,0,0,0,0,0,0,0,0,0,0,0,0,0,0,0,0,0,0,0,0,0,0,0,0,0,0,0,0,-8.40544001956796e-319,-4.77943545604724e-302,-5.81396891508602e-287,-1.51303027583988e-273,-8.42366990173634e-262,-1.00330706351028e-251,-2.55649653410092e-243,-1.39359107173993e-236,-1.62519063406826e-231,-4.05463789388409e-228,-2.16410658979052e-226,-2.47106419861526e-226,-6.0362638962772e-228,-3.15450497275621e-231,-3.52673658491428e-236,-8.43516608776699e-243,-4.3161155396822e-251,-1.0187430228712e-243,-6.04947888655287e-219,-7.68511006532205e-196,-2.0886276679782e-174,-1.21436927441827e-154,-1.51049510547409e-136,-4.0194504839774e-120,-2.28819405013504e-105,-2.78674884374233e-92,-7.26075221050955e-81,-4.04710256137503e-71,-4.82598106462643e-63,-1.23113541727771e-56,-6.71900316221249e-52,-7.84481442045764e-49,-1.95947312578187e-47,-1.0470676870457e-47,-1.19698583652946e-49,-2.92740004001565e-53,-1.53165323930131e-58,-3.31491311451661e-62,-2.1312461471788e-50,-1.92534787116162e-39,-3.72103380476041e-30,-1.53849762596497e-22,-1.36084560137511e-16,-2.57513312764295e-12,-1.04248382758846e-09,-9.02854523827086e-09,-1.68745781870354e-09,-7.12423848276511e-08,-7.40834546395569e-06,-1.64825056710568e-05,-7.84520055149228e-07,-7.9884779501142e-10,-5.52745997349858e-12,-9.65524056519851e-10,-3.86455903647492e-09,-2.24770339186006e-07,-4.39836815622252e-06,-1.84439134940137e-06,-5.38647396118888e-07,-8.12730701015257e-06,-2.70723078263058e-06,-3.64458970336982e-07,-2.2246781644697e-05,-3.33357772246737e-05,-1.0699597775193e-06,-1.60065551138644e-08,-6.90513904953273e-08,-6.679297905382e-09,-1.38219992877954e-11,-1.738137752843e-15,-6.08181736294115e-14,-1.34475476238282e-09,-1.10846799475172e-06,-2.2880592119778e-05,-1.23791281592411e-05,-4.46829310662772e-05,-6.91160427844118e-05,-1.9717273381254e-05,-9.0076593460077e-05,-0.000190736316302407,-9.09747243985384e-05,-0.000178029212376003,-0.000106275559588846,-7.66396595965989e-06,-8.36966712410322e-07,-1.25878838957989e-05,-6.22700735209151e-05,-1.37477528772244e-05,-4.06651001835922e-06,-3.90814421505677e-05,-2.54898394292571e-05,-6.44590452460633e-06,-2.90201707331024e-05,-3.54700159859234e-05,-1.09756300359524e-05,-1.24535372374518e-06,-1.25027066059152e-05,-6.74693975902531e-05,-4.36822962196132e-05,-1.43498110364845e-05,-1.90265269702468e-06,-4.43306541570314e-05,-3.89182344151073e-05,-2.75944076979995e-06,-4.93585422223612e-07,-2.75225583768227e-09,-3.47991032895035e-13,-3.11150968770761e-12,-3.13608203101506e-08,-6.7658707223749e-06,-3.122761412625e-05,-3.08481219565094e-06,-3.72269290432043e-08,-1.45105340406048e-08,-1.46673124631338e-10,-3.17207014349663e-14,-3.41386765508067e-15,-7.45880646878915e-12,-1.40594310745827e-09,-2.04639297391157e-08,-7.49271737852999e-09,-1.40441453398273e-09,-1.47691687657344e-06,-3.46902098841466e-05,-1.8364994180141e-05,-2.40802069220711e-05,-1.30729397113313e-05,-1.53022377811411e-07,-4.45714893309327e-11,-2.38798221900662e-10,-1.67331570758101e-08,-2.86039708010499e-08,-1.0462395709578e-09,-8.18681302042676e-13,-1.37442885679952e-17,-2.68740185993861e-21,-3.91306695001266e-24,-1.22117396033786e-28,-1.70913741145094e-34,-8.80625753757505e-33,-1.86052555435453e-32,-8.40927791909947e-34,-8.13131116254171e-37,-1.6823284440627e-41,-7.6702848263424e-45,-4.66479735905317e-46,-6.07511584204468e-49,-1.69260318301979e-53,-1.00886847490042e-59,-1.33604880910168e-67,-3.08292157642116e-56,-4.099477819097e-45,-1.16620100980729e-35,-7.09736423788244e-28,-9.24058748620425e-22,-2.5738360584685e-17,-1.53370201155299e-14,-1.95514918838988e-13,-5.33209189206795e-14,-3.1109580667517e-16,-4.05386173898895e-20,-2.54912442500164e-15,-8.13699311033453e-11,-5.55668362860359e-08,-8.11794681811245e-07,-2.53720489987703e-07,-1.69646801643589e-09,-1.66325823022664e-10,-7.60372335703224e-08,-7.44741979660464e-07,-1.56050142841303e-07,-6.99521898684454e-10,-7.01066138282608e-14,-3.01497310849546e-10,-6.43725873737664e-07,-2.94038150370991e-05,-2.87333879687004e-05,-6.01474914242875e-07,-4.04582024491804e-10,-5.02169047410779e-13,-3.92827525262614e-17,-6.60769169163204e-23,-2.37783779717314e-30,-1.83060019735769e-39,-3.01497414444194e-50,-1.06231297975006e-62,-8.00755982880356e-77
0,0,0,0,0,0,0,0,0,0,0,0,0,0,0,0,0,0,0,0,0,0,0,0,0,0,0,0,0,0,0,0,0,0,0,0,0,0,0,0,0,0,0,0,0,0,0,0,0,0,0,0,0,0,0,0,0,0,0,0,0,0,0,0,0,0,0,0,-9.88131291682493e-324,-2.01195277280806e-305,-1.14402384885421e-288,-1.39165371235227e-273,-3.62164681481197e-260,-2.01632166624819e-248,-2.40155394697818e-238,-6.11932733775926e-230,-3.33575259313035e-223,-3.89011811417256e-218,-9.70533547681427e-215,-5.18008784290702e-213,-5.91483325020948e-213,-1.44486308452637e-214,-7.55074308116493e-218,-8.44173082547624e-223,-2.01907343706106e-229,-1.03312183148308e-237,-5.55126296893241e-238,-3.29643956949738e-213,-4.18771622983642e-190,-1.13812032735164e-168,-6.61725580540914e-149,-8.23088389693384e-131,-2.19025074250132e-114,-1.24686663942578e-99,-1.51853561786669e-86,-3.95647812644533e-75,-2.2053187184083e-65,-2.6297397249277e-57,-6.70861669415022e-51,-3.66127203794831e-46,-4.27474120596445e-43,-1.06774234084064e-41,-5.70560773952261e-42,-6.52253119592578e-44,-1.59517828041639e-47,-8.34721581403224e-53,-1.42389124345428e-55,-7.80418449497784e-49,-7.05022707290716e-38,-1.36256588549356e-28,-5.63366120826646e-21,-4.98313610987761e-15,-9.42960675563263e-11,-3.81736091145843e-08,-3.30606715792573e-07,-6.12908373553617e-08,-1.76237685740868e-07,-1.83030361413915e-05,-4.07216291167195e-05,-1.93823289722554e-06,-1.97365942527655e-09,-2.46723442424526e-10,-4.32254368700662e-08,-1.63303232453844e-07,-1.16994332224326e-06,-2.26687745028425e-05,-9.50218225421409e-06,-1.3596732169849e-07,-7.90116927842747e-07,-2.79182536967057e-07,-1.04258448153457e-06,-2.45157266032059e-05,-3.58058303249774e-05,-1.14876379317499e-06,-1.13014031821207e-09,-1.39585351351128e-09,-1.27005772328499e-10,-2.53523070363321e-13,-1.48709420554286e-17,-7.7391124664649e-13,-4.23412448015633e-09,-6.28578051059925e-07,-4.56143392790489e-06,-1.99596109476617e-06,-1.52485886807225e-05,-4.33259664644235e-05,-3.88404894481675e-05,-8.18293268693516e-05,-0.000130582835212423,-9.46672926225196e-05,-0.00022760609732777,-0.000165666530150938,-3.15244262201383e-05,-6.11496941931071e-06,-2.95517720650596e-05,-6.53191174905983e-05,-2.8272137365685e-05,-3.73603328090367e-06,-5.08744626664599e-06,-3.55092774366454e-06,-2.41585994953371e-06,-6.97252790791353e-06,-7.18735058735581e-06,-9.59539606962696e-06,-2.83466242017566e-06,-1.64698339954195e-05,-5.88865302492051e-05,-4.09687893281469e-05,-3.25098869871791e-05,-1.24614019288664e-06,-1.91438473167055e-05,-2.14514366479027e-05,-1.49047265872621e-05,-3.76226433602962e-06,-2.09957626006844e-08,-2.50684160912336e-12,-5.14000047312467e-12,-5.18346265094558e-08,-1.11829467031507e-05,-5.16144922316483e-05,-5.13283746623414e-06,-8.09413915128608e-07,-3.77041408370316e-07,-3.81089472196717e-09,-8.26086191827001e-13,-4.52062149341968e-14,-7.18372014497267e-14,-1.64852835940934e-11,-2.65093979206581e-10,-9.76206197827845e-11,-1.59393885604583e-09,-1.74913680941287e-06,-4.10834285532285e-05,-2.08474803127988e-05,-5.43706236136218e-06,-2.85350552305175e-06,-3.34038898538551e-08,-7.45613355628372e-10,-8.93712757269032e-09,-4.35037521048608e-07,-7.43186751255068e-07,-2.71833152564968e-08,-2.12709136485038e-11,-3.56080904685146e-16,-1.27991170320191e-22,-6.83276240295405e-28,-2.2013494307938e-32,-3.32696157948344e-30,-3.28558897834719e-28,-6.9415665359074e-28,-3.13747704558536e-29,-3.03376846000205e-32,-6.27571359326803e-37,-2.77729888618653e-43,-3.12629264212149e-51,-6.47086320878156e-55,-1.80286186050078e-59,-1.07458766112818e-65,-1.36859107428419e-66,-8.50669604036055e-54,-1.1311676559655e-42,-3.21789486578778e-33,-1.95837353506338e-25,-2.54975246794146e-19,-7.10197793371308e-15,-4.23193925157064e-12,-5.39483715265229e-11,-1.47128247867231e-11,-8.58405704205038e-14,-1.07318919593513e-17,-2.60959045735555e-14,-8.33000513485547e-10,-5.6884899042433e-07,-8.3105070586179e-06,-2.59738819457931e-06,-1.73670916815839e-08,-1.78813224517275e-09,-8.17516588373956e-07,-8.00711564378646e-06,-1.67777777281923e-06,-7.52093059219784e-09,-7.22422906967209e-13,-1.16776799548649e-10,-2.49333476813194e-07,-1.13889439827761e-05,-1.11292309044524e-05,-2.3266690433619e-07,-1.04883849848225e-10,-4.0401754968283e-15,-2.39591701616031e-19,-4.02677016978975e-25,-1.44906662200667e-32,-1.11557719889871e-41,-1.83734078889198e-52,-6.47379007167371e-65,-4.87984824681678e-79
0,0,0,0,0,0,0,0,0,0,0,0,0,0,0,0,0,0,0,0,0,0,0,0,0,0,0,0,0,0,0,0,0,0,0,0,0,0,0,0,0,0,0,0,0,0,0,0,0,0,0,0,0,0,0,0,0,0,0,0,0,0,0,0,0,0,0,0,-6.92958895169741e-311,-1.84181481217526e-292,-1.04728107875047e-275,-1.27397047061468e-260,-3.31538733818163e-247,-1.84581425627712e-235,-2.19846991020989e-225,-5.6018550154649e-217,-3.053669359845e-210,-3.56115573915463e-205,-8.88461741245346e-202,-4.74204098942077e-200,-5.41465368323594e-200,-1.32268026695847e-201,-6.91222509681908e-205,-7.72786771384171e-210,-1.8483333274558e-216,-9.45757334726809e-225,-1.16723371680595e-232,-6.8697664721746e-208,-8.72718335773905e-185,-2.37183806992488e-163,-1.37903338166551e-143,-1.71531281066801e-125,-4.56447351734236e-109,-2.5984649359449e-94,-3.16462196697081e-81,-8.24528410362752e-70,-4.59587511701e-60,-5.48036674478093e-52,-1.39807295321268e-45,-7.63007583228408e-41,-8.90854304920098e-38,-2.22517063619233e-36,-1.18904630059177e-36,-1.35929281210256e-38,-3.32434495977497e-42,-1.74156982732492e-47,-2.76054407800789e-49,-1.10015345710324e-47,-9.87339934023074e-37,-1.90818777546418e-27,-7.88958799216292e-20,-6.97856852984272e-14,-1.32055708498933e-09,-5.34597372745888e-07,-4.62993900041987e-06,-8.57867561622989e-07,-1.69708216849914e-07,-1.72939790074837e-05,-3.84766060967569e-05,-1.83137623510722e-06,-1.86533936507807e-09,-4.22364280493092e-09,-7.40094884145235e-07,-2.77689927998643e-06,-2.50294659535433e-06,-4.46824641795652e-05,-1.87294928758075e-05,-1.69843887418408e-07,-2.95147218559129e-08,-1.61214078016056e-07,-6.76894503811938e-06,-1.60265649213213e-05,-1.48238192311993e-05,-4.71831160235244e-07,-6.40972737079166e-09,-1.54345000074016e-08,-8.37570986923383e-10,-9.72677234263524e-13,-5.39898413810549e-17,-7.16091778963815e-12,-3.71642829357103e-08,-4.15950550435366e-06,-1.01582346245223e-05,-6.50559601634919e-07,-2.27453079816688e-06,-2.59273367927993e-05,-3.76502708259806e-05,-8.13409792675847e-05,-0.000100481123635042,-0.000109057916467447,-0.000148953371721166,-0.000163428655864068,-8.61550530598593e-05,-2.22997623672009e-05,-6.37868717709777e-05,-6.42842288080394e-05,-4.98442092588466e-05,-1.62574744678258e-05,-4.29358989413791e-06,-4.09307537504388e-06,-1.02696469229457e-05,-1.17715254167665e-05,-3.06739920753798e-06,-3.25673805118284e-05,-1.11626298207605e-05,-1.9709577165234e-05,-3.18165321145815e-05,-2.83815512760066e-05,-2.90963261280028e-05,-7.88921056654414e-07,-3.8760430519e-06,-7.78059338893842e-06,-4.21781779658639e-05,-1.09758928269756e-05,-6.12560447498775e-08,-7.31373831744674e-12,-3.24913128330539e-12,-3.27659101090239e-08,-7.06900874437477e-06,-3.26272267758156e-05,-3.59850881211858e-06,-7.98277012945429e-06,-3.74880976704081e-06,-3.78703834247462e-08,-8.85969012953597e-12,-1.53122433745433e-11,-7.47843484603031e-12,-1.56676619048435e-13,-1.31789693856956e-12,-5.00256481880066e-13,-7.21607828245329e-10,-7.92248112590681e-07,-1.86081262354e-05,-9.36725034752185e-06,-5.35859686977378e-07,-2.38222042877138e-07,-2.93856301641321e-09,-3.34311406359494e-08,-2.12910404016338e-07,-4.33544777912194e-06,-7.3848309088144e-06,-2.70111705770085e-07,-2.11362105302919e-10,-3.53825930873577e-15,-1.26715869773471e-21,-9.75402460765914e-30,-1.0283779507987e-29,-4.74721976540595e-26,-4.68818549088548e-24,-9.90487603048514e-24,-4.47684553972996e-25,-4.32886443514988e-28,-8.95477480805045e-33,-3.9629095560126e-39,-3.75191042380779e-47,-7.59949326178376e-57,-7.37704271895504e-66,-4.37742686921028e-72,-1.44424808255366e-64,-8.976955137349e-52,-1.1936997927567e-40,-3.39578347572635e-31,-2.0666344821803e-23,-2.69070546396126e-17,-7.49458273751648e-13,-4.46588530083722e-10,-5.69306942000613e-09,-1.55261652029704e-09,-9.05859273663166e-12,-1.13074246385517e-15,-1.02170001535198e-13,-3.26134161470079e-09,-2.2271425466337e-06,-3.25370777937765e-05,-1.01692256743861e-05,-6.79951951798274e-08,-7.35208871308911e-09,-3.36152652047721e-06,-3.29242635218747e-05,-6.89881350300096e-06,-3.09251310663156e-08,-2.96587526729688e-12,-1.72984094953021e-11,-3.69343173666865e-08,-1.68706937161598e-06,-1.64859741369096e-06,-3.4464758272709e-08,-1.54158962543948e-11,-1.54575610654594e-16,-5.88115511618924e-22,-9.3862663780458e-28,-3.37725875504806e-35,-2.60001262084477e-44,-4.28218615453166e-55,-1.5088096002547e-67,-1.13731860333244e-81
0,0,0,0,0,0,0,0,0,0,0,0,0,0,0,0,0,0,0,0,0,0,0,0,0,0,0,0,0,0,0,0,0,0,0,0,0,0,0,0,0,0,0,0,0,0,0,0,0,0,0,0,0,0,0,0,0,0,0,0,0,0,0,0,0,0,0,-1.95274505862294e-318,-2.42608132731577e-298,-6.44827933566971e-280,-3.66657977452618e-263,-4.4602298806669e-248,-1.16073252974283e-234,-6.46228157551834e-223,-7.69694542490773e-213,-1.96123549983725e-204,-1.06910384805749e-197,-1.24677719019831e-192,-3.11054588590255e-189,-1.6602106096035e-187,-1.89569544259359e-187,-4.63076514356743e-189,-2.42000216094892e-192,-2.705562435406e-197,-6.47110096089802e-204,-3.31114042397927e-212,-3.62457371287814e-222,-5.47530771391063e-203,-6.95569704630953e-180,-1.8903907917403e-158,-1.09911044908974e-138,-1.36713023682256e-120,-3.63795438471922e-104,-2.07101582939266e-89,-2.52225154050694e-76,-6.57161605694066e-65,-3.6629819342852e-55,-4.36793513058952e-47,-1.11428527539333e-40,-6.08128576589046e-36,-7.10024346163159e-33,-1.77349463019726e-31,-9.47687873844986e-32,-1.083376916772e-33,-2.6495531802243e-37,-1.40298761006731e-42,-2.04694190119301e-43,-5.36432836014183e-44,-5.28810479102178e-36,-1.02200826829032e-26,-4.22559260939164e-19,-3.73765875139958e-13,-7.07278537759347e-09,-2.86325560921963e-06,-2.47975383820642e-05,-4.59458944748062e-06,-8.03648861993906e-08,-6.25025407122128e-06,-1.39039542117497e-05,-6.61790621921453e-07,-6.78414851498463e-10,-2.76567652086867e-08,-4.84624479256951e-06,-1.81690987196579e-05,-3.17604593846265e-06,-3.3685354963515e-05,-1.41189192726497e-05,-1.26644080502128e-07,-3.25874677995658e-09,-5.70824801564679e-07,-2.40699772414013e-05,-2.43878560766418e-05,-2.80031383339441e-06,-7.59833977564545e-08,-1.90346170907785e-07,-4.82503638950784e-07,-2.61729059033274e-08,-3.03726101074045e-11,-8.85702131294429e-16,-2.89923384932949e-11,-1.41815648891121e-07,-1.5238480066647e-05,-3.56608906179959e-05,-1.81017248529391e-06,-3.59839041557387e-07,-1.18261296523929e-05,-1.97512917879708e-05,-8.7639691442418e-05,-9.87216537517388e-05,-0.000137870527008677,-8.12273219124554e-05,-0.000119894964702933,-0.000113825938096658,-4.58086686244563e-05,-9.41836612457366e-05,-3.74432341349388e-05,-5.59155046137035e-05,-4.34064485677653e-05,-2.38351005825002e-05,-2.1284753438802e-05,-3.31799695283072e-05,-3.20425434083002e-05,-5.30446954168623e-06,-4.89286004296266e-05,-1.9894533159099e-05,-5.18400343545704e-05,-2.55967576828098e-05,-9.36864146565955e-06,-1.00034872548668e-05,-2.50836368832316e-07,-3.23929301183163e-07,-4.20939321496127e-06,-4.69540711734437e-05,-1.22468644371903e-05,-6.83496037787833e-08,-8.16067627652721e-12,-7.85503962579214e-13,-7.92125878892999e-09,-1.70895503904837e-06,-7.8923404643101e-06,-2.566101107739e-06,-3.1255066116683e-05,-1.42999652950541e-05,-1.43981700528343e-07,-1.18051185456881e-10,-1.98450645886778e-09,-9.69206817544852e-10,-1.01266807540274e-11,-4.77510654690623e-15,-3.36214624399028e-15,-1.24998869585931e-10,-1.37236094341892e-07,-3.22336517279787e-06,-1.62022394050792e-06,-3.13098710885634e-08,-7.60888929375959e-09,-2.7007492090899e-09,-5.80447940971539e-07,-2.96465746638953e-06,-1.66949633461205e-05,-2.80645847901838e-05,-1.02648852464047e-06,-8.03226096149627e-10,-1.34462239935076e-14,-4.81550326840205e-21,-3.71545977937967e-29,-5.61195205526265e-26,-2.59060138163132e-22,-2.55838583638718e-20,-5.40518172688125e-20,-2.44305568600165e-21,-2.36230103950854e-24,-4.88670277263835e-29,-2.16259610433444e-35,-2.04745194196625e-43,-4.14696935138771e-53,-1.79691173907592e-64,-3.74010100499401e-77,-5.8288065454512e-63,-3.62298800980805e-50,-4.81762465145285e-39,-1.3704961903256e-29,-8.34068103832148e-22,-1.08593542963113e-15,-3.02472085257124e-11,-1.80237604516859e-08,-2.2976523701084e-07,-6.26616815033693e-08,-3.65593593805016e-10,-4.5642384663809e-14,-1.52989463293964e-13,-4.88334061103359e-09,-3.33479191365223e-06,-4.87191015611292e-05,-1.52267988406514e-05,-1.0181202136287e-07,-1.15609340530947e-08,-5.2862319132903e-06,-5.17756714072509e-05,-1.0848859255241e-05,-4.86318979694691e-08,-4.66378032893247e-12,-9.80007608367388e-13,-2.09242192945254e-09,-9.55767210922504e-08,-9.33971878818072e-08,-1.95251457182274e-09,-8.73241621248953e-13,-8.36142516694316e-18,-2.20751245113235e-24,-8.44010754155381e-31,-3.01036965203675e-38,-2.3175067655188e-47,-3.81690254642571e-58,-1.3448689516443e-70,-1.013742540802e-84
0,0,0,0,0,0,0,0,0,0,0,0,0,0,0,0,0,0,0,0,0,0,0,0,0,0,0,0,0,0,0,0,0,0,0,0,0,0,0,0,0,0,0,0,0,0,0,0,0,0,0,0,0,0,0,0,0,0,0,0,0,0,0,0,0,0,-0,-2.6146481809398e-306,-3.24842570652079e-286,-8.63398770724403e-268,-4.90940343197783e-251,-5.97206912984345e-236,-1.55417435745383e-222,-8.65273614545994e-211,-1.03059015781728e-200,-2.6260157656222e-192,-1.4314872233953e-185,-1.66938471078592e-180,-4.16489633027201e-177,-2.22295549689675e-175,-2.53826025455995e-175,-6.20040901508813e-177,-3.24028594629201e-180,-3.62263971401747e-185,-8.66454494917171e-192,-4.43348438077939e-200,-4.85314665232628e-210,-1.66895563186975e-198,-2.12020042810101e-175,-5.76219369423654e-154,-3.35025293536434e-134,-4.16721730990139e-116,-1.10890287379408e-99,-6.31276580743569e-85,-7.68819970214015e-72,-2.00312680159547e-60,-1.11653164499427e-50,-1.33141191632361e-42,-3.39650807415355e-36,-1.85366679980502e-31,-2.16426033605935e-28,-5.40587672111762e-27,-2.88869429254166e-27,-3.30229477713307e-29,-8.07623413546655e-33,-4.69991216124409e-38,-5.80481640296235e-38,-1.51958064979254e-38,-1.08543972604867e-35,-2.09342531712298e-26,-8.65546942317805e-19,-7.65601278440222e-13,-1.44875011058147e-08,-5.86493392345208e-06,-5.07939075233203e-05,-9.41616316686654e-06,-1.47816586938894e-07,-9.07539872674884e-07,-1.92196369256e-06,-9.19245145131434e-08,-3.08060491237497e-10,-6.92629485275948e-08,-1.21364877364145e-05,-4.54968532334094e-05,-4.14431226799011e-06,-9.71706373301978e-06,-4.07049684676535e-06,-3.66712531570114e-08,-7.40972674761199e-08,-1.44804032521351e-06,-3.419124657469e-05,-3.59866484907655e-05,-1.32224696252262e-06,-2.53580671699488e-08,-2.27632189402513e-06,-5.77172463347573e-06,-3.13081163972131e-07,-3.63318145442077e-10,-9.48210650992565e-15,-6.92500605679094e-11,-2.86106088591986e-07,-2.68650967026869e-05,-5.69101292622872e-05,-2.69063065433564e-06,-9.33723038861394e-07,-2.19905875105252e-05,-1.64812720687151e-05,-6.32622908954711e-05,-0.000129943842520127,-0.000231921633431761,-0.00011552763158962,-8.5513573437674e-05,-9.32304508020813e-05,-5.36763277815374e-05,-9.29217713904882e-05,-1.31829807296364e-05,-3.73063278067033e-05,-7.13535967007066e-05,-5.86348337340982e-05,-4.45580998125634e-05,-4.52396805298626e-05,-3.51696277055752e-05,-1.29825537264832e-05,-3.05581486688239e-05,-1.85600350280321e-05,-8.82555952787881e-05,-3.02536711372192e-05,-1.50035559567136e-06,-1.31666493344371e-06,-3.24037559969292e-08,-1.29743362946134e-08,-1.65430343289967e-06,-2.00334208207536e-05,-5.22614574561346e-06,-2.91670668549608e-08,-3.48243355980804e-12,-7.2810616057186e-14,-7.3241285231437e-10,-1.58010938183855e-07,-7.61853639680786e-07,-5.86360804261361e-06,-5.391084191871e-05,-2.12658441894962e-05,-2.09851438971852e-07,-4.35400162108923e-09,-9.83641687255194e-08,-4.80397780799183e-08,-5.01965238332717e-10,-1.14568391409408e-13,-1.66052917708176e-16,-8.28100218421974e-12,-9.09170192122755e-09,-2.135434712359e-07,-1.0730823416458e-07,-1.32316647816672e-09,-9.47863932353413e-11,-1.73497767152241e-08,-3.85539436188566e-06,-1.86272117881172e-05,-2.57204770624021e-05,-4.07917881976177e-05,-1.49188218333351e-06,-1.16739598636136e-09,-1.95425273095711e-14,-6.99877558022868e-21,-5.96418450918869e-28,-1.17123734054535e-22,-5.40669101010926e-19,-5.33945584992897e-17,-1.12808352755271e-16,-5.09875711036011e-18,-4.93021886116644e-21,-1.01987484980273e-25,-4.51342649575812e-32,-4.27311592078625e-40,-8.65489460104729e-50,-3.7502282491807e-61,-3.50738704341651e-74,-8.99678176001919e-62,-5.59209371408056e-49,-7.43601923529866e-38,-2.1153653035405e-28,-1.28738681660776e-20,-1.67614484880931e-14,-4.66866642139626e-10,-2.7819732566906e-07,-3.5464338665328e-06,-9.67185081209738e-07,-5.64294931552575e-09,-7.15015134411005e-13,-9.41474545978834e-14,-2.7964525699072e-09,-1.90967369967202e-06,-2.78990681673578e-05,-8.71964969002873e-06,-5.83028255756132e-08,-6.95258207298366e-09,-3.17925662283444e-06,-3.11390322867639e-05,-6.52474356085696e-06,-2.92482975088147e-08,-2.80489479993149e-12,-2.12388883080537e-14,-4.53354730201473e-11,-2.07081363440187e-09,-2.0235907642325e-09,-4.23041691541138e-11,-1.89200584323659e-14,-1.8102799061891e-19,-3.72237290144925e-26,-4.4742317307841e-34,-1.02770336929419e-41,-7.90019643189866e-51,-1.30114682608093e-61,-4.58453400210585e-74,-3.45575466062058e-88
0,0,0,0,0,0,0,0,0,0,0,0,0,0,0,0,0,0,0,0,0,0,0,0,0,0,0,0,0,0,0,0,0,0,0,0,0,0,0,0,0,0,0,0,0,0,0,0,0,0,0,0,0,0,0,0,0,0,0,0,0,0,0,0,0,0,-2.30552413510678e-316,-1.33890741067817e-294,-1.66345181091834e-274,-4.42128704320725e-256,-2.51400424921463e-239,-3.05817343737452e-224,-7.95860636184361e-211,-4.43088773176194e-199,-5.27743965605946e-189,-1.34472851635652e-180,-7.33035085051546e-174,-8.54857482103274e-169,-2.13275751665493e-165,-1.13832966519152e-163,-1.29979072895338e-163,-3.175101583477e-165,-1.65928360757413e-168,-1.85507908661421e-173,-4.43693477660575e-180,-2.27029591813693e-188,-2.48519631255767e-198,-1.94558743675621e-194,-2.47162670927169e-171,-6.71728561597698e-150,-3.90556219502254e-130,-4.85793959381307e-112,-1.2927051256717e-95,-7.35911585161274e-81,-8.96252989961093e-68,-2.33514796019335e-56,-1.30159837670936e-46,-1.55209536316117e-38,-3.95948418982892e-32,-2.1609147473815e-27,-2.52298961056834e-24,-6.30190859026998e-23,-3.3674995409567e-23,-3.84965490284361e-25,-9.41488168061754e-29,-1.00709089050842e-33,-6.2956623050283e-33,-1.64807369406132e-33,-3.36161220509836e-34,-1.64408392172492e-26,-6.78052632608892e-19,-5.99757054891411e-13,-1.13492259985547e-08,-4.59447755357878e-06,-3.97911990278206e-05,-7.46916502118769e-06,-1.96716745064386e-06,-8.77238357850528e-07,-1.10725846629652e-07,-3.63468677792391e-08,-1.401368901165e-08,-6.64686547555982e-08,-1.16238608303773e-05,-4.35746765536959e-05,-3.54944671633677e-06,-1.07965044368742e-06,-4.49670192600913e-07,-5.89784294538353e-09,-8.15195091041586e-07,-8.02922349082088e-06,-2.37165525013952e-05,-4.17586967809919e-05,-3.37441479391872e-06,-9.73623120111229e-08,-1.04137670936086e-05,-2.64046450722943e-05,-1.43229234562017e-06,-1.66212028709586e-09,-1.09000944463685e-13,-1.20247681683529e-10,-4.16865689324141e-07,-3.21850388299517e-05,-5.59575746611486e-05,-2.21187099494792e-06,-2.73332116609312e-06,-5.96995768547847e-05,-2.98191000896862e-05,-3.25849192207402e-05,-0.000177259916008778,-0.000285478440733903,-0.000172293460389086,-9.02057865707954e-05,-8.93925810970567e-05,-4.03677226047168e-05,-5.21411061159815e-05,-4.68602804761291e-06,-3.25782515386141e-05,-7.53545641055231e-05,-6.08478072775116e-05,-3.60173573542166e-05,-2.63129634149602e-05,-1.70968350116028e-05,-3.70342251819679e-05,-1.57224315824566e-05,-1.03741385753166e-05,-6.45589889730407e-05,-1.75732064370716e-05,-3.18076901519651e-07,-8.7761419314657e-08,-1.73294236678207e-09,-5.9408951218961e-10,-2.68255346342364e-07,-3.2694595772374e-06,-8.5291934378036e-07,-4.76013440351191e-09,-5.68347233565144e-13,-5.45857491540615e-14,-3.57914060807929e-11,-5.64553178727798e-09,-1.32428431060132e-07,-1.4217727880279e-05,-5.91855227207748e-05,-1.34815265789259e-05,-1.18738424040144e-07,-8.17033550691289e-08,-1.86462315360392e-06,-9.10661314506917e-07,-9.52719446941446e-09,-2.97891317060256e-12,-1.26355223673076e-15,-2.09811612223877e-13,-2.30351863276292e-10,-5.41044304723548e-09,-2.71867744388044e-09,-3.00172309091221e-11,-4.68316624734023e-12,-4.40731522139744e-08,-9.79420443798065e-06,-4.6728728269454e-05,-1.79960680377429e-05,-2.26817725174582e-05,-8.2924872357864e-07,-6.4888582057038e-10,-1.08625256640909e-14,-3.89020202729855e-21,-4.33278973279433e-25,-9.34857829590741e-20,-4.31551082603385e-16,-4.26184508832004e-14,-9.00413333538323e-14,-4.06972424870116e-15,-3.93520044520727e-18,-8.14043367245135e-23,-3.60252525408484e-29,-3.41071423955448e-37,-6.9081608842016e-47,-2.99335593233958e-58,-2.77499174226221e-71,-5.310854849363e-61,-3.30104684227149e-48,-4.38952726309742e-37,-1.24871297094332e-27,-7.59952247410384e-20,-9.89438472109245e-14,-2.7559421096903e-09,-1.64221568947583e-06,-2.09348142484905e-05,-5.70935220603383e-06,-3.33108250017617e-08,-8.59779943729568e-12,-2.73875375827527e-12,-6.12481313317423e-10,-4.1823396225158e-07,-6.11012123405504e-06,-1.90967369967223e-06,-1.27687932094991e-08,-1.59908031611817e-09,-7.31264783818238e-07,-7.16232768061268e-06,-1.50076440990395e-06,-6.72743741452825e-09,-6.45157306523219e-13,-1.77266891933288e-16,-3.75661546462957e-13,-1.71593015471605e-11,-1.6768000535952e-11,-3.50543372469885e-13,-1.56776531035719e-16,-1.50002753180867e-21,-3.07062878171963e-28,-1.38171120702138e-36,-1.46381569197885e-45,-1.03021431287939e-54,-1.69633456818796e-65,-5.97695700407552e-78,-4.50534274148551e-92
0,0,0,0,0,0,0,0,0,0,0,0,0,0,0,0,0,0,0,0,0,0,0,0,0,0,0,0,0,0,0,0,0,0,0,0,0,0,0,0,0,0,0,0,0,0,0,0,0,0,0,0,0,0,0,0,0,0,0,0,0,0,0,0,0,0,-4.5151965754768e-305,-2.62215000681073e-283,-3.25774593712872e-263,-8.65875993963119e-245,-4.92348926193532e-228,-5.98920391035658e-213,-1.55863352159203e-199,-8.67756216998678e-188,-1.03354707873859e-177,-2.63355020683353e-169,-1.43559437936543e-162,-1.67417443106376e-157,-4.17684605538888e-154,-2.22933349649829e-152,-2.5455429117768e-152,-6.21819893768571e-154,-3.24958282268166e-157,-3.63303362189588e-162,-8.68940485496404e-169,-4.44620472612752e-177,-4.86707107297139e-187,-8.67413991133133e-191,-1.10194151124029e-167,-2.99481140713353e-146,-1.74124235317658e-126,-2.16584700166878e-108,-5.76335186226636e-92,-3.28096278151507e-77,-3.99582336000269e-64,-1.04109429735996e-52,-5.8030012253824e-43,-6.91980833373882e-35,-1.76528274901111e-28,-9.6341476383091e-24,-1.12484096966756e-20,-2.809621149347e-19,-1.50135435878847e-19,-1.71631683922187e-21,-4.19749864792561e-25,-2.35368051478101e-29,-2.61134403023366e-28,-6.83595642273738e-29,-2.11013683264329e-30,-2.29243820320382e-25,-2.03768358904562e-19,-1.79688705005097e-13,-3.40035372589836e-09,-1.37676660020468e-06,-1.19340612889894e-05,-2.92062894000782e-06,-1.4055473297747e-05,-6.03068491878028e-06,-9.84800896690176e-08,-8.17488629501308e-07,-3.6318601835626e-07,-2.77666210208396e-08,-4.25772459656816e-06,-1.59610392637633e-05,-1.29245341366985e-06,-1.85193776634254e-07,-5.91285934203741e-08,-8.31769541404932e-09,-3.44603612308601e-06,-3.23609496625734e-05,-2.03885738153294e-05,-5.68177538986106e-05,-7.8157872920333e-06,-2.03611328403733e-07,-1.82201785870459e-05,-4.61981694526856e-05,-2.50597136689326e-06,-2.90884582538102e-09,-2.12311168483758e-11,-1.25310626630984e-10,-3.66894188983384e-07,-2.57978990721005e-05,-3.9450301049779e-05,-1.32693505489089e-06,-3.83374319634758e-06,-7.91285711978128e-05,-3.57016356951037e-05,-1.81055866745985e-05,-0.000151115897740809,-0.000181745205923892,-0.000149792073202256,-6.63308675686211e-05,-7.92299805838017e-05,-4.18362303210816e-05,-5.77846883719659e-05,-6.54382197074865e-06,-4.25719860626436e-05,-6.27663001610081e-05,-2.78052791764896e-05,-1.13948483554516e-05,-6.54305230575896e-06,-6.4898761102571e-06,-4.97393977222114e-05,-1.36593503756283e-05,-3.0787644201957e-06,-1.95389035352063e-05,-4.42729904462207e-06,-1.86535621745988e-06,-4.37266790302231e-07,-2.25422997448086e-09,-3.01912730633493e-11,-1.6735357222226e-08,-2.04066499047832e-07,-5.32358415312648e-08,-2.97108704485733e-10,-3.61273654119592e-14,-5.81285222115984e-12,-1.10605611202783e-09,-4.59907317433194e-09,-1.39966343275276e-07,-1.74996731258398e-05,-5.10536454751587e-05,-5.05297954279938e-06,-2.84398197083787e-08,-5.92152721493465e-07,-1.35180803928327e-05,-6.60258406830912e-06,-7.06870399050548e-08,-1.32415863446558e-10,-1.71597858403882e-13,-2.03841852048941e-15,-2.23207083371144e-12,-5.24262834441203e-11,-2.63432825348024e-11,-2.84606992921132e-13,-4.12311315115253e-12,-4.28204426617496e-08,-9.5157871132338e-06,-4.52746084764089e-05,-7.42001509602638e-06,-4.82948315610221e-06,-1.76280997260365e-07,-1.37939318295659e-10,-2.30914181453932e-15,-8.26974185224721e-22,-1.32253788106322e-22,-2.85375004721348e-17,-1.31735423651913e-13,-1.30097221599291e-11,-2.74860466668127e-11,-1.24232534608616e-12,-1.2012605661356e-15,-2.48495142702778e-20,-1.09970802923404e-26,-1.04115573663444e-34,-2.10878743541992e-44,-9.1375280420772e-56,-8.47039494294468e-69,-1.19897845812336e-60,-7.45244252648785e-48,-9.90979565263457e-37,-2.81909409126454e-27,-1.71566800391238e-19,-2.23375604746529e-13,-6.22181421838352e-09,-3.70746573032384e-06,-4.72624314177317e-05,-1.28894321322751e-05,-7.52268252090173e-08,-7.15565677578684e-10,-4.32540789287981e-10,-5.69654458647949e-11,-3.50307267670607e-08,-5.11775697527153e-07,-1.59951750916469e-07,-1.06949759589279e-09,-1.4065828679217e-10,-6.4327020454892e-08,-6.30047021832379e-07,-1.32017437500308e-07,-5.91791118278557e-10,-5.67524213696526e-14,-6.74005851824067e-19,-1.19048803455482e-15,-5.43785845675918e-14,-5.31385343784329e-14,-1.11088743163867e-15,-4.96831751782857e-19,-4.75365263108658e-24,-9.73026885620985e-31,-4.26274113201881e-39,-4.65872900690325e-49,-5.21541742955252e-59,-8.45830774273618e-70,-2.98012727194931e-82,-2.24637610286856e-96
0,0,0,0,0,0,0,0,0,0,0,0,0,0,0,0,0,0,0,0,0,0,0,0,0,0,0,0,0,0,0,0,0,0,0,0,0,0,0,0,0,0,0,0,0,0,0,0,0,0,0,0,0,0,0,0,0,0,0,0,0,0,0,0,0,-1.24580826487712e-317,-3.38184230390015e-294,-1.96396716554188e-272,-2.44002289631816e-252,-6.48533461913968e-234,-3.68764991523159e-217,-4.4858607620177e-202,-1.16740272355477e-188,-6.49941732339437e-177,-7.74117621574713e-167,-1.97250581453901e-158,-1.07524749415065e-151,-1.25394184293763e-146,-3.12842075663121e-143,-1.66975107327702e-141,-1.90658912885335e-141,-4.65737601231916e-143,-2.43390879578961e-146,-2.72111005326975e-151,-6.50828738970895e-158,-3.3301680188821e-166,-3.64539319064403e-176,-2.33270469881444e-187,-1.87890105287495e-164,-5.10640015702075e-143,-2.96896165297518e-123,-3.69294755691816e-105,-9.82698970103482e-89,-5.59431182304204e-74,-6.8132079984545e-61,-1.77515154071112e-49,-9.89459513139989e-40,-1.17988432519625e-31,-3.0099525082831e-25,-1.64270153692617e-20,-1.91794651591487e-17,-4.79063551181246e-16,-2.55993286094794e-16,-2.92646159836134e-18,-7.15708626058219e-22,-3.42276894709611e-25,-4.14244225799555e-24,-1.08440536186916e-24,-9.65621116868197e-27,-4.65361071652223e-22,-1.31625751022212e-18,-2.07027039882277e-14,-3.9331913281419e-10,-1.65689180427131e-07,-1.73338578237417e-06,-2.55271397746791e-06,-3.89558059749755e-05,-1.6772018986026e-05,-6.4375002569925e-07,-8.12025043742152e-06,-3.61243059306744e-06,-3.92119411785619e-08,-5.96482247502311e-07,-2.23630139537234e-06,-3.59958063278444e-07,-2.46295673387993e-06,-7.18312483895723e-07,-1.72524417946019e-08,-5.57319389681468e-06,-5.27745510067792e-05,-2.83272937883089e-05,-6.05255809810122e-05,-1.80501357709718e-05,-3.67266928582186e-07,-1.21918706074108e-05,-3.09128397825771e-05,-1.67683472263174e-06,-2.03850802445944e-09,-2.55639969151048e-09,-1.55396807280465e-09,-1.42225151019561e-07,-9.77656039002591e-06,-1.44283242410862e-05,-4.60834986220412e-07,-2.52418484574257e-06,-4.96228604744379e-05,-2.1134093210673e-05,-7.7079067635263e-06,-6.40438789615719e-05,-6.79326139120926e-05,-0.000117453574360419,-3.40826276169065e-05,-4.74618675665003e-05,-5.78863846446174e-05,-0.0001335883491703,-1.45415653277056e-05,-4.18803171558451e-05,-7.49907496024293e-05,-1.16051539043114e-05,-3.66778795124921e-06,-1.12655557363657e-06,-5.92535033590592e-06,-2.67205570458627e-05,-6.90120690441582e-06,-4.18738907572091e-07,-2.39868519662761e-06,-1.7071787919066e-06,-1.42012354208776e-05,-3.38401833912073e-06,-1.72548030689359e-08,-2.58412480981654e-12,-3.99470928655204e-10,-4.87121776597369e-09,-1.27077887319067e-09,-7.09220437730093e-12,-2.87869655559577e-14,-2.48429616422708e-10,-4.7255928197927e-08,-1.92316306159111e-07,-8.67541483618725e-08,-8.7129680807432e-06,-2.35230651363801e-05,-1.51210635656532e-06,-5.14499448915603e-09,-1.64181200972665e-06,-3.74809527820175e-05,-1.83330997367696e-05,-2.80903068072741e-07,-6.18611316598428e-09,-9.00669043376154e-12,-2.90011313013791e-16,-8.2716838646544e-15,-1.94283096239991e-13,-9.76236611585356e-14,-1.05355157298044e-15,-1.53173571006094e-12,-1.59110172004843e-08,-3.5358283531173e-06,-1.68126860257357e-05,-1.93884850848132e-06,-3.95542103594861e-07,-1.43317455918474e-08,-1.12144395127931e-11,-1.87732774200298e-16,-6.72343679295145e-23,-1.54400308449219e-20,-3.33162410642509e-15,-1.53795148785853e-11,-1.51882621984481e-09,-3.20887163032704e-09,-1.45035865179747e-10,-1.40241737854479e-13,-2.90106839793663e-18,-1.28385938488298e-24,-1.21550223156407e-32,-2.46191395144484e-42,-1.06676507032719e-53,-9.88879820202776e-67,-1.03520898020269e-60,-6.43450712195431e-48,-8.556208313899e-37,-2.434031653814e-27,-1.48132346554117e-19,-1.92864542665552e-13,-5.37197137144948e-09,-3.20105986210308e-06,-4.08068160844607e-05,-1.11288548411219e-05,-6.643054102133e-08,-4.29629314689987e-08,-2.63101015275609e-08,-3.46399261296927e-10,-1.12224082545737e-09,-1.639378339169e-08,-5.12375708777062e-09,-3.42593785065185e-11,-4.73185257830638e-12,-2.16412287065668e-09,-2.11963675589978e-08,-4.44139886784198e-09,-1.99093426784261e-11,-1.90929429299035e-15,-4.59289695192828e-21,-1.44285613238562e-18,-6.59061426300914e-17,-6.44032178061915e-17,-1.34638122889257e-18,-6.02153670535712e-22,-5.76136561663749e-27,-1.17929471190272e-33,-5.16417595789347e-42,-4.85057210163649e-52,-1.94884980704735e-63,-1.61699316745788e-74,-5.68279536123493e-87,-4.28357933757672e-101
0,0,0,0,0,0,0,0,0,0,0,0,0,0,0,0,0,0,0,0,0,0,0,0,0,0,0,0,0,0,0,0,0,0,0,0,0,0,0,0,0,0,0,0,0,0,0,0,0,0,0,0,0,0,0,0,0,0,0,0,0,0,0,0,-9.88131291682493e-324,-3.56886603872776e-307,-9.68723297260472e-284,-5.62575240755876e-262,-6.9894064036824e-242,-1.85771368725417e-223,-1.0563213964488e-206,-1.2849676117131e-191,-3.34400635502279e-178,-1.86174765527317e-166,-2.21744749592377e-156,-5.65021123049384e-148,-3.08002918025882e-141,-3.59189627281711e-136,-8.96131101999296e-133,-4.78297513590062e-131,-5.46139394286291e-131,-1.3340978797362e-132,-6.97189266090052e-136,-7.79457605096514e-141,-1.8642884715253e-147,-9.53921281297487e-156,-1.0442170255481e-165,-2.44538828786371e-177,-1.2252338254611e-161,-3.32989019786242e-140,-1.93606376352613e-120,-2.40817591510036e-102,-6.40819279213388e-86,-3.64805803119853e-71,-4.44290181584352e-58,-1.15757863335625e-46,-6.45227838138878e-37,-7.69404106272538e-29,-1.96279395369808e-22,-1.07120781325831e-17,-1.25069542279987e-14,-3.12397966117075e-13,-1.66933555514379e-13,-1.90834942258527e-15,-4.66717732760403e-19,-2.05626080778247e-21,-2.5131507358585e-20,-6.57890674721391e-21,-3.96868349207875e-23,-3.69198883522027e-19,-1.02579553022696e-15,-6.23099971154844e-14,-6.06882134381398e-11,-1.00228797043658e-07,-4.34097616154951e-06,-6.26706206760523e-06,-4.14211985517439e-05,-1.89684060243493e-05,-3.85919249007708e-06,-3.11252808266537e-05,-1.40636844548406e-05,-1.84948438865992e-07,-3.44456290879171e-08,-1.30595803977718e-07,-1.2443414559501e-06,-1.68158141776999e-05,-4.90424247862713e-06,-3.84987699236211e-08,-3.45002400414961e-06,-3.47970338552087e-05,-4.63264573245104e-05,-8.03598554297503e-05,-4.13089437476364e-05,-7.40651657618832e-07,-3.12027253491247e-06,-7.91084254942333e-06,-4.29118709118529e-07,-4.77723286159978e-09,-1.18122488828667e-07,-6.97626518992619e-08,-2.25907213649096e-08,-1.48600354705595e-06,-2.1774489740925e-06,-6.91548026432355e-08,-7.32264301688836e-07,-1.39770829302319e-05,-5.74628198437017e-06,-1.53294737811539e-06,-1.19452530688637e-05,-2.76574768165039e-05,-0.000100922227319862,-5.09752880858252e-05,-4.03988142736759e-05,-7.78860634605809e-05,-0.000144080431884046,-1.51871070169817e-05,-4.06484345967073e-05,-9.48343823561391e-05,-1.93213567728039e-05,-1.42751267464676e-05,-2.71831986240414e-06,-2.21953353878e-05,-9.60667240219766e-06,-1.3977157526545e-06,-2.69356324889772e-08,-1.2406855340939e-07,-3.80145172027368e-06,-4.21472778001113e-05,-1.00452909524554e-05,-5.12194991991984e-08,-5.59350535170946e-12,-3.64687703166844e-12,-4.44706126131168e-11,-1.16012731944794e-11,-6.47479960333649e-14,-4.56691582115297e-13,-4.06059577433827e-09,-7.72400721477203e-07,-3.14321951794869e-06,-2.87122946142643e-07,-1.67535891356702e-06,-4.46210863965178e-06,-2.59102377860354e-07,-2.00154526521036e-09,-1.74095153982465e-06,-3.97477654065764e-05,-1.99724633411762e-05,-2.00306708944671e-06,-1.23414359896158e-07,-1.8086555224991e-10,-5.67262611266012e-15,-1.17270977222496e-17,-2.75353539460269e-16,-1.38360015227224e-16,-1.93588486515447e-18,-2.17670770868603e-13,-2.26107225263827e-09,-5.02467059423379e-07,-2.38888766385023e-06,-2.50083086959357e-07,-1.27114680413522e-08,-4.4563266722023e-10,-3.48687831038095e-13,-5.83712901449267e-18,-2.15880256989911e-24,-6.89378809750784e-19,-1.48753009898054e-13,-6.86676844650485e-10,-6.78137642473801e-08,-1.43272259456607e-07,-6.47567696699306e-09,-6.26162494711097e-12,-1.29529215280007e-16,-5.73227776263547e-23,-5.42707129337499e-31,-1.0992149735055e-40,-4.76297775488102e-52,-4.41522946339704e-65,-3.41833312379511e-61,-2.12471967022211e-48,-2.82532038002277e-37,-8.0373443292283e-28,-4.89143464377882e-20,-6.36852333400524e-14,-1.77386286540033e-09,-1.05701256143814e-06,-1.34746987101166e-05,-3.67485213158032e-06,-5.63421575723041e-08,-9.99263290003519e-07,-6.12053404492494e-07,-8.02009965513065e-09,-1.59955770016884e-11,-2.00839188272782e-10,-6.27708150571285e-11,-4.19709555303416e-13,-6.08790504327421e-14,-2.78445430812738e-11,-2.72721654424424e-10,-5.71449633445542e-11,-2.56162234338036e-13,-2.45658081233177e-17,-5.07126846588997e-23,-6.68791474095362e-22,-3.05487603037063e-20,-2.98521258419156e-20,-6.24073505101016e-22,-2.79109767513406e-25,-2.67050338880367e-30,-5.46625692413884e-37,-2.39367840964561e-45,-2.24252991537893e-55,-4.56562836898271e-67,-1.36890123667923e-79,-4.14608615965881e-92,-3.12393025248684e-106
0,0,0,0,0,0,0,0,0,0,0,0,0,0,0,0,0,0,0,0,0,0,0,0,0,0,0,0,0,0,0,0,0,0,0,0,0,0,0,0,0,0,0,0,0,0,0,0,0,0,0,0,0,0,0,0,0,0,0,0,0,0,0,-2.96439387504748e-323,-4.05233137718768e-309,-1.67348842121368e-296,-1.06124544317104e-273,-6.16306444142437e-252,-7.65696016328796e-232,-2.03514273981919e-213,-1.15720998109022e-196,-1.40769405093096e-181,-3.66339027484526e-168,-2.03956198955764e-156,-2.42923449572564e-146,-6.18985931097954e-138,-3.3742008080375e-131,-3.93495600100361e-126,-9.81720013516007e-123,-5.23979404864666e-121,-5.98300820431499e-121,-1.46151671960085e-122,-7.6377736940736e-126,-8.53903105140816e-131,-2.04234547755367e-137,-1.04502969607823e-145,-1.14394952942447e-155,-2.67894566248848e-167,-3.05565098893102e-159,-8.30452283040814e-138,-4.82841318180668e-118,-6.00582922506795e-100,-1.59816030504829e-83,-9.09801206844289e-69,-1.10802991602002e-55,-2.8869234771977e-44,-1.60915495534323e-34,-1.91884224003897e-26,-4.89507648340431e-20,-2.67152044443782e-15,-3.11915050509655e-12,-7.79099576175517e-11,-4.16321091923423e-11,-4.75929547878638e-13,-1.16403708968464e-16,-4.76594940271112e-18,-5.83109765080609e-17,-1.52646027670304e-17,-8.63494291742973e-20,-1.120213919088e-16,-3.11243924662627e-13,-1.85022989522212e-11,-2.18822672983753e-10,-4.18094261073652e-07,-1.9167643117511e-05,-1.96384408975783e-05,-1.74997888688681e-05,-1.77431780994247e-05,-2.09908214450248e-05,-4.81800766648184e-05,-2.51619997735913e-05,-9.3695873932737e-07,-1.07188774430057e-07,-3.35195430195315e-07,-3.26766772721015e-06,-4.39269945727925e-05,-1.28112671869628e-05,-8.22653421831682e-08,-8.21433112589035e-07,-1.1234587718869e-05,-5.40180857054669e-05,-9.15762021554329e-05,-4.72926764110659e-05,-7.89220078898611e-07,-3.05701044211127e-07,-7.74241241853406e-07,-4.20617356442283e-08,-7.5689000853938e-08,-2.08744292487901e-06,-1.23271478627466e-06,-1.6848159645535e-08,-8.71755626719264e-08,-1.27562537642888e-07,-4.09403206628537e-09,-8.75411649829163e-08,-1.64696906595861e-06,-6.65123402327862e-07,-1.25333463129918e-07,-1.03166886570513e-06,-1.18137739954943e-05,-6.2064097522668e-05,-9.12147311614508e-05,-6.7549862954807e-05,-0.000100181628178959,-7.59923763320802e-05,-7.39861550896977e-06,-2.94734838031829e-05,-6.4255997026681e-05,-3.15825799473761e-05,-3.36235768762044e-05,-6.11383567408637e-06,-4.94582451895469e-05,-1.08001359696382e-05,-1.63649272086863e-07,-9.85754974039122e-10,-1.04771383822135e-08,-4.29522828150657e-06,-4.78486109220944e-05,-1.14041604134213e-05,-5.81481793995698e-08,-6.34292043697074e-12,-1.27502519041019e-14,-1.55935543126949e-13,-4.41498838036274e-14,-6.57826474413111e-16,-2.85477517654298e-12,-2.53831695272756e-08,-4.8283502090619e-06,-1.96485491455727e-05,-1.71156338505691e-06,-1.26503355356586e-07,-3.27830369037611e-07,-1.87014427693005e-08,-6.85024821207955e-10,-7.06028167151916e-07,-1.61465860086907e-05,-1.21880237265582e-05,-1.39085276918804e-05,-9.47510938860898e-07,-1.38907286471055e-09,-4.3566533214503e-14,-3.55864917168653e-20,-1.49250575377865e-19,-7.4995625462895e-20,-2.51703336863675e-20,-1.18300426891671e-14,-1.22885499153419e-10,-2.73082441505455e-08,-1.29828267695772e-07,-1.32890656454613e-08,-1.73600207407877e-10,-5.30019113839109e-12,-4.14634845115313e-15,-6.94109820554439e-20,-1.19195901243341e-24,-1.17716515524467e-17,-2.54006734052443e-12,-1.17255135058204e-08,-1.15797003314988e-06,-2.4464794850086e-06,-1.10576959638788e-07,-1.06921863548643e-10,-2.21180687101385e-15,-9.78828700115962e-22,-9.26712444773186e-30,-1.87699062784026e-39,-8.13313575779685e-51,-7.53932990551608e-64,-4.31688458969706e-62,-2.68322871693233e-49,-3.56799105522414e-38,-1.01500604594131e-28,-6.17720920417373e-21,-8.04256906628544e-15,-2.24014482806784e-10,-1.33486148726272e-07,-1.70166912442165e-06,-4.64312010901003e-07,-3.13223304785853e-07,-8.89027681586483e-06,-5.44535020155483e-06,-7.13534822136823e-08,-2.00668671389113e-11,-9.41115067422035e-13,-2.94101138531365e-13,-1.96647279378086e-15,-2.99554097493533e-16,-1.37014957001244e-13,-1.34198451902098e-12,-2.81193865262595e-13,-1.26050039394556e-15,-1.20881248936043e-19,-2.48056679836709e-25,-1.18557263232309e-25,-5.41540560322344e-24,-5.29191259957049e-24,-1.10630059051441e-25,-4.94780339326279e-29,-4.73402484139091e-34,-9.69008171630472e-41,-4.24329431669738e-49,-3.97519064395883e-59,-7.96892204099808e-71,-3.74394030409734e-84,-1.18722343587256e-97,-8.71355212904838e-112
0,0,0,0,0,0,0,0,0,0,0,0,0,0,0,0,0,0,0,0,0,0,0,0,0,0,0,0,0,0,0,0,0,0,0,0,0,0,0,0,0,0,0,0,0,0,0,0,0,0,0,0,0,0,0,0,0,0,0,0,0,0,-0,-5.02101950834529e-309,-7.42815231194432e-295,-2.35099402826719e-282,-4.4463295694338e-264,-2.58215616938915e-242,-3.20805779532469e-222,-8.52669387308423e-204,-4.84839469122966e-187,-5.89785473244853e-172,-1.53486076431269e-158,-8.54520932604644e-147,-1.01778310119074e-136,-2.59338249005939e-128,-1.41369825288055e-121,-1.64863940833921e-116,-4.11313951623612e-113,-2.1953310171644e-111,-2.50671750930253e-111,-6.12335705727366e-113,-3.20001918720686e-116,-3.57762147703659e-121,-8.55687138275439e-128,-4.37838984578228e-136,-4.79283700981549e-146,-1.12240528607145e-157,-2.91446081693441e-157,-7.92080197648067e-136,-4.60531031761173e-116,-5.72832238140611e-98,-1.5243153112432e-81,-8.67762705280321e-67,-1.05683200926067e-53,-2.75352957070671e-42,-1.53480193998358e-32,-1.83017973673502e-24,-4.66889335808149e-18,-2.5480795042819e-13,-2.97502625901604e-10,-7.43100307357798e-09,-3.97084457512915e-09,-4.5393864071098e-11,-1.11091130770963e-14,-4.22864643518758e-15,-5.17430224122317e-14,-1.3545248774448e-14,-7.59580197397893e-17,-1.2999046037038e-14,-3.61169556289374e-11,-2.14679500726778e-09,-3.06396651336513e-09,-7.16076964324841e-07,-3.28313836132314e-05,-3.2387187763189e-05,-5.59129628844426e-06,-3.59731034491101e-05,-6.20680053486405e-05,-3.79201814792741e-05,-3.79279263353697e-05,-4.42155065531512e-06,-1.90719274722644e-06,-4.6432320317884e-06,-3.85955128565434e-06,-4.3886757646609e-05,-1.28138999953606e-05,-1.11450446199713e-07,-1.17192770440301e-07,-2.78742313361154e-06,-2.80437026162913e-05,-4.7198032314122e-05,-2.32623666184535e-05,-5.32272733841459e-07,-1.23662473799346e-08,-2.89841415045374e-08,-2.63674640822992e-09,-5.13507668051822e-07,-1.41082601946179e-05,-8.33133027632917e-06,-1.05283549065235e-07,-1.98742412963847e-09,-2.865963811293e-09,-1.02512480787261e-10,-7.85012193245869e-09,-1.13915741725735e-07,-3.87144204749258e-08,-4.19958072639724e-08,-1.5280651010825e-06,-3.9278979409064e-06,-2.44779471206242e-05,-7.42021523350912e-05,-7.7486802609414e-05,-8.6209900037843e-05,-5.28284188751719e-05,-6.94655648512747e-06,-3.53889950457612e-05,-4.28129678958457e-05,-2.64640811562601e-05,-3.04466107084258e-05,-5.36623663249571e-06,-4.62701182224854e-05,-1.41508670871886e-05,-2.10057213184906e-07,-1.34345594992964e-10,-3.59737624414512e-09,-1.86476947916781e-06,-2.07749421725733e-05,-4.951466202429e-06,-2.52468164770598e-08,-2.75396399467891e-12,-1.34936535669896e-15,-3.37953948505701e-13,-1.84056357335179e-12,-2.14584209754488e-13,-6.82545475592643e-12,-6.06836429547007e-08,-1.15431557840697e-05,-4.69738631100591e-05,-4.08949589774557e-06,-1.10898831790948e-08,-9.2307682098434e-09,-5.25037663917706e-10,-1.03257718986577e-10,-1.09514121687692e-07,-2.58448388504217e-06,-1.38989470464384e-05,-4.06238589601936e-05,-2.78301543549117e-06,-4.08003947908153e-09,-1.27965343355738e-13,-8.58629568031027e-20,-3.0940573874088e-23,-1.55464629261183e-23,-5.06582276315233e-22,-2.4589076119164e-16,-2.55420962716481e-12,-5.67609522891041e-10,-2.69849980642722e-09,-2.74841115653929e-10,-1.25600883962489e-12,-2.41257718470485e-14,-1.88566653318866e-17,-3.15665259527564e-22,-7.62191298974832e-24,-7.68752548969444e-17,-1.65880142975888e-11,-7.65739484847525e-08,-7.56217095492588e-06,-1.59768349557622e-05,-7.22127385446964e-07,-6.98257630013675e-10,-1.44442957926886e-14,-6.39228110742197e-21,-6.05193375718823e-29,-1.22577645380952e-38,-5.31137777657146e-50,-4.92359042107497e-63,-2.08495264301358e-63,-1.29593568902211e-50,-1.72325486731631e-39,-4.90223793151856e-30,-2.98344521125908e-22,-3.88436968442276e-16,-1.0819367029548e-11,-6.44706368238253e-09,-8.21865862253315e-08,-2.32034324104577e-08,-1.05667997617281e-06,-3.02497275176702e-05,-1.85281481577978e-05,-2.42784731807693e-07,-6.80597380214892e-11,-2.09431492462218e-15,-5.26993658122454e-16,-3.52368223973632e-18,-5.63706886689378e-19,-2.57849066801946e-16,-2.5254867312711e-15,-5.29180005856993e-16,-2.37214138803469e-18,-2.27486968679914e-22,-4.66718254899846e-28,-8.03778404663797e-30,-3.6714539996587e-28,-3.587730098734e-28,-7.50032781561411e-30,-3.35443619346014e-33,-3.20950187518045e-38,-6.56953363807433e-45,-2.87680388252224e-53,-2.69503732662002e-63,-5.40131892159522e-75,-2.31934838183882e-88,-3.3571921669771e-103,-9.33558492941928e-118
0,0,0,0,0,0,0,0,0,0,0,0,0,0,0,0,0,0,0,0,0,0,0,0,0,0,0,0,0,0,0,0,0,0,0,0,0,0,0,0,0,0,0,0,0,0,0,0,0,0,0,0,0,0,0,0,0,0,0,0,0,0,-5.09011243860341e-311,-3.51995781569863e-295,-5.20746488699564e-281,-1.64813981244569e-268,-7.13570437724624e-255,-4.13749996652296e-233,-5.14040908064069e-213,-1.36626885827682e-194,-7.7687914892458e-178,-9.45038648217566e-163,-2.45937346324917e-149,-1.36923566899561e-137,-1.63083766854447e-127,-4.15548838331507e-119,-2.26522955633259e-112,-2.64168588161947e-107,-6.59066047688226e-104,-3.51767337611238e-102,-4.01662135457709e-102,-9.81171856289056e-104,-5.12752847287055e-107,-5.73257687391234e-112,-1.37110433053563e-118,-7.01568249632019e-127,-7.67976902512915e-137,-1.79847862365388e-148,-1.06312117335437e-155,-2.88930460990543e-134,-1.67989862266865e-114,-2.08954450733225e-96,-5.56030976257456e-80,-3.16537491041349e-65,-3.85505104826476e-52,-1.00441668732304e-40,-5.59856228405715e-31,-6.67602443048911e-23,-1.70309207883522e-16,-9.294737937879e-12,-1.08521298007204e-08,-2.71063864206346e-07,-1.44846204441476e-07,-1.65585253191432e-09,-4.0747288866506e-13,-1.43505065440996e-12,-1.75599378290725e-11,-4.59682707483113e-12,-2.57482131619281e-14,-5.7689059076491e-13,-1.60284339170638e-09,-9.52730064671614e-08,-1.21370932215482e-07,-4.7240111850455e-07,-2.15092110670875e-05,-2.1514750156816e-05,-1.27242979400707e-05,-4.85987567692851e-05,-7.62174339282623e-05,-2.49168324566772e-05,-5.42551612526205e-05,-1.2914743789896e-05,-1.38070294032661e-05,-2.52623437309708e-05,-4.78328698500654e-06,-1.67837133476335e-05,-5.28261350514463e-06,-8.41564186865597e-07,-8.94635652915742e-07,-3.5163485137938e-06,-8.50476517293064e-06,-1.12367589212097e-05,-1.61884235794464e-05,-2.31010260021502e-06,-1.05688686379306e-08,-6.10693315570858e-10,-3.3779535667724e-08,-1.43998646268224e-06,-3.64818316262041e-05,-2.15354542321257e-05,-2.72138214355257e-07,-9.19356791612214e-11,-2.46670227331742e-11,-2.11836641400265e-10,-9.63321673387732e-08,-9.49588602801169e-07,-2.00541133354813e-07,-2.79079022329776e-07,-1.08678404885454e-05,-9.35489746036904e-06,-5.82750982592659e-06,-2.66407045679598e-05,-7.77718583629077e-05,-5.38322556318046e-05,-5.40072148356243e-05,-1.67179261369889e-05,-7.98383615191152e-05,-5.44361223001412e-05,-1.05420878101777e-05,-1.05475102555694e-05,-2.01532896824938e-06,-3.06361102158682e-05,-2.64750648333755e-05,-7.30246300592818e-07,-4.67564810105148e-10,-5.94658467805051e-10,-3.09645553909846e-07,-3.44968966040848e-06,-8.22193468796222e-07,-4.19224665315435e-09,-4.5731859872868e-13,-2.56078380036776e-13,-6.52287906666235e-11,-3.55456427408379e-10,-4.14392973537273e-11,-6.34347289456418e-12,-5.54839204900451e-08,-1.05540720115018e-05,-4.29488731804131e-05,-3.7390591755726e-06,-7.00130246229634e-09,-9.97063924408567e-11,-5.65305664351942e-12,-6.09370934787902e-12,-6.50881937436698e-09,-2.43394112734808e-07,-1.43141319767963e-05,-4.56206064153811e-05,-3.12625399465294e-06,-4.58324876489832e-09,-1.43747874681685e-13,-9.64513351154457e-20,-3.83738014377135e-27,-1.23270233452604e-27,-4.02562878556413e-24,-1.95464464076304e-18,-2.03040249862072e-14,-4.51206423786546e-12,-2.14509922883326e-11,-2.18238497485301e-12,-5.8929833009674e-15,-4.21339796020415e-17,-3.2797101991834e-20,-5.49028796740087e-25,-1.90360318262487e-23,-1.92001862447224e-16,-4.1429841679326e-11,-1.91249326505903e-07,-1.88871036517081e-05,-3.99033742604236e-05,-1.80356869210813e-06,-1.74395214182163e-09,-3.60757398157915e-14,-1.59652137681564e-20,-1.51151700809975e-28,-3.06147098166872e-38,-1.32655745549022e-49,-1.22970458054547e-62,-3.85116081434307e-65,-2.39375064953693e-52,-3.18306108312272e-41,-9.05502898960353e-32,-5.51078573790814e-24,-7.17490268529043e-18,-1.99846852540202e-13,-1.19085098193968e-10,-1.51810227825561e-09,-1.4413495267083e-09,-1.37488505690224e-06,-3.93638318864213e-05,-2.41105943586494e-05,-3.15934659806847e-07,-8.85656753355597e-11,-5.32299673090728e-16,-3.61214876499245e-19,-2.41476705811121e-21,-4.05697238106456e-22,-1.85580718280536e-19,-1.81765886303317e-18,-3.80864692685114e-19,-1.70729220824649e-21,-1.63728322040114e-25,-3.35906724800926e-31,-2.08421612808322e-34,-9.51951657963442e-33,-9.30243335782678e-33,-1.94471985758417e-34,-8.69753807672322e-38,-8.3217456397351e-43,-1.7033792168967e-49,-7.45911082036023e-58,-6.98781797546434e-68,-1.40047365307561e-79,-6.00478388760157e-93,-5.55809635231601e-108,-4.87221976386181e-124
0,0,0,0,0,0,0,0,0,0,0,0,0,0,0,0,0,0,0,0,0,0,0,0,0,0,0,0,0,0,0,0,0,0,0,0,0,0,0,0,0,0,0,0,0,0,0,0,0,0,0,0,0,0,0,0,0,0,0,0,0,-4.22193316050961e-315,-1.36471708326263e-297,-9.43740756494118e-282,-1.39618061044701e-267,-4.41885043684535e-255,-3.03562005134155e-244,-2.53549759956875e-224,-3.15008942356466e-204,-8.37261979092797e-186,-4.76078606201166e-169,-5.79128276350908e-154,-1.50712642002632e-140,-8.39080067676822e-129,-9.99392151605271e-119,-2.54652106489452e-110,-1.38815326862277e-103,-1.61884912767149e-98,-4.03881666552993e-95,-2.15566222917531e-93,-2.46142208704149e-93,-6.01271034796771e-95,-3.14219607000683e-98,-3.51297523154177e-103,-8.40225200459273e-110,-4.29927402353578e-118,-4.70623228703659e-128,-1.1021306875441e-139,-7.74190014312351e-153,-4.03076247946222e-133,-2.34356471600088e-113,-2.91504660687091e-95,-7.75698342374097e-79,-4.41589799102176e-64,-5.37803977764291e-51,-1.40122473871088e-39,-7.81034810875013e-30,-9.31347588223776e-22,-2.37592106016218e-15,-1.29667469092563e-10,-1.51394083325408e-07,-3.7815145204208e-06,-2.02070341399192e-06,-2.31006794985947e-08,-5.9758376850119e-12,-1.86254829250427e-10,-2.27910249698185e-09,-5.96621705952999e-10,-3.3413567728361e-12,-9.79171009879558e-12,-2.72045000170458e-08,-1.61703543412928e-06,-2.05642067561963e-06,-1.76631497445145e-07,-5.39208031387686e-06,-6.52926598595723e-06,-3.41123079666824e-05,-3.94066404888303e-05,-4.14128195319396e-05,-1.61732824458607e-05,-3.868490703121e-05,-2.41633116071098e-05,-3.98984022831998e-05,-5.44940427460746e-05,-9.12356454886043e-06,-2.54430324154235e-06,-4.6003262313215e-06,-8.01314336100386e-06,-7.56823889699423e-06,-2.05583623147359e-05,-1.69247313682742e-05,-7.28120707020248e-06,-5.20862576161438e-05,-1.08579187991376e-05,-5.71742285616939e-08,-3.65323700224502e-09,-6.13898880973905e-07,-3.55691486355905e-06,-3.64861028757111e-05,-2.13282851188435e-05,-2.76016035363941e-07,-2.13920201565897e-10,-3.15410791641708e-12,-2.3853533502847e-09,-9.53810014924849e-07,-9.38760351333951e-06,-1.97870484475344e-06,-7.86176958706847e-07,-3.03664240202932e-05,-2.53939144692098e-05,-1.0941720219319e-06,-7.50397372574849e-06,-7.60786556288339e-05,-3.39599177769758e-05,-2.85915106193169e-05,-2.93736577211977e-05,-0.000103201377472691,-4.04736899865333e-05,-2.49951916601424e-06,-1.3984506466847e-06,-6.30223350810487e-07,-2.86788581786907e-05,-3.85413690331191e-05,-1.16043813282578e-06,-7.52575681820047e-10,-3.77710580197212e-11,-1.96641304129458e-08,-2.19073543361262e-07,-5.22136349266143e-08,-2.66229840761139e-10,-3.06293301177391e-14,-1.89142490846488e-11,-4.81789509464541e-09,-2.62545382662436e-08,-3.06076678312399e-09,-9.81571423956344e-12,-1.94013677685969e-08,-3.69050035513942e-06,-1.50181684900603e-05,-1.30745726404975e-06,-2.4352543723832e-09,-5.06658340079969e-13,-2.32903719174528e-14,-1.38125988908468e-13,-1.53183797899779e-10,-4.42265488705028e-08,-6.12008754795593e-06,-1.95989587745709e-05,-1.34308347473892e-06,-1.96902938842468e-09,-6.17561481686798e-14,-4.14368765395717e-20,-5.94876660614798e-28,-3.79100182142267e-32,-1.22384836960604e-26,-5.94241689679524e-21,-6.17273230308656e-17,-1.37173613028856e-14,-6.52142580997775e-14,-6.63319038207197e-15,-1.51941002357822e-17,-2.85514055014713e-20,-2.18164396492969e-23,-3.65240534028909e-28,-1.81829771318225e-23,-1.83397755480032e-16,-3.95732618269262e-11,-1.82678942647713e-07,-1.80407230070182e-05,-3.81151994161148e-05,-1.72274604928693e-06,-1.66580107295885e-09,-3.44590913086398e-14,-1.52497706715922e-20,-1.4437819671233e-28,-2.92427843849498e-38,-1.26711093710916e-49,-1.1745982934803e-62,-2.72055064595196e-67,-1.6910018015965e-54,-2.24858927022894e-43,-6.39668561046256e-34,-3.89294875505009e-26,-5.06852013573463e-20,-1.41176520517815e-15,-8.41245165981764e-13,-1.07322888542358e-11,-5.14204093610579e-10,-6.84244386829396e-07,-1.95903850479892e-05,-1.19992339309913e-05,-1.57232701672099e-07,-4.407689996567e-11,-2.64337338622784e-16,-1.28566795612163e-22,-6.32883133717451e-25,-1.1166610086541e-25,-5.10822291297476e-23,-5.00321732675073e-22,-1.04835338926575e-22,-4.69942635103223e-25,-4.50672232491396e-29,-9.24603570621595e-35,-2.07066820355574e-39,-9.43976972281885e-38,-9.22450504972192e-38,-1.92842855804891e-39,-8.62467709498597e-43,-8.25203274492163e-48,-1.6891096752265e-54,-7.39662438655658e-63,-6.92927965313003e-73,-1.38874152610546e-84,-5.95434130593507e-98,-5.46244287003353e-113,-1.13090454540798e-129
0,0,0,0,0,0,0,0,0,0,0,0,0,0,0,0,0,0,0,0,0,0,0,0,0,0,0,0,0,0,0,0,0,0,0,0,0,0,0,0,0,0,0,0,0,0,0,0,0,0,0,0,0,0,0,0,0,0,0,0,-2.86558074587923e-321,-4.3290869412524e-302,-1.39935396371587e-284,-9.67693146452769e-269,-1.43161604354027e-254,-4.53100202943466e-242,-3.06789795597037e-231,-5.94235278080323e-216,-7.3827435887371e-196,-1.96225874160939e-177,-1.11576714342579e-160,-1.35728069727248e-145,-3.53219430268612e-132,-1.96651972599206e-120,-2.34223699959271e-110,-5.96818360926436e-102,-3.25336149743742e-95,-3.79403452138382e-90,-9.46561949018782e-87,-5.05214276867064e-85,-5.76874040347698e-85,-1.40917582975036e-86,-7.36424423918379e-90,-8.23322511864148e-95,-1.96920352971029e-101,-1.00760433961172e-109,-1.10298158837739e-119,-2.58353879394824e-131,-1.74539651537792e-143,-2.15055614943293e-132,-1.25037571359509e-112,-1.55528177069074e-94,-4.13862848233044e-78,-2.35603973897497e-63,-2.86937684259648e-50,-7.47603584992195e-39,-4.16710046380186e-29,-4.9690730311548e-21,-1.26763909316913e-14,-6.91822743618428e-10,-8.07744072104408e-07,-2.01760864770039e-05,-1.07822752625685e-05,-1.23323755968474e-07,-4.64143230744977e-11,-9.24523757330672e-09,-1.13129128821396e-07,-2.96148566448968e-08,-1.6585360556655e-10,-6.35763968675111e-11,-1.76587561055287e-07,-1.0496367396221e-05,-1.33522411437659e-05,-5.13289029896964e-07,-6.03019552734862e-07,-1.95784243989138e-06,-3.91517532643432e-05,-2.67349730326442e-05,-3.02023502796292e-05,-2.21755371586809e-05,-1.14060564005319e-05,-2.47785721342689e-05,-4.57603803597558e-05,-5.57955331933711e-05,-1.70516168749984e-05,-5.08245190621782e-07,-1.47879121046449e-05,-3.02857980462674e-05,-2.47026279136062e-05,-5.39423838263418e-05,-3.62778590641738e-05,-1.08168208129818e-05,-9.33009572665604e-05,-2.2332495311088e-05,-1.32802882560999e-07,-2.61057461976673e-08,-4.38984283169675e-06,-1.69735872858996e-05,-1.8860025377322e-05,-8.79925652948214e-06,-3.44408855757671e-07,-4.90315850715394e-09,-1.82909402123575e-10,-2.73963008767962e-08,-3.66972321258168e-06,-3.56424814282164e-05,-7.50721629481988e-06,-8.64745031693942e-07,-3.24554467147393e-05,-2.7156947198954e-05,-7.40492559054211e-07,-3.84980019595755e-06,-5.27277580494112e-05,-1.88967051043619e-05,-7.14565109903188e-06,-4.01398624658498e-05,-7.24488285319525e-05,-1.33515510091936e-05,-4.17441059328578e-07,-7.11968449305841e-08,-2.614724862566e-07,-1.66998200274514e-05,-2.35870675666276e-05,-7.15390748937661e-07,-4.64433613855002e-10,-9.23553577099243e-13,-4.77589041889287e-10,-5.32070940915915e-09,-1.26812929748589e-09,-6.46600960869491e-12,-4.55785588471371e-14,-5.34289719564696e-10,-1.36095904030099e-07,-7.41638215453972e-07,-8.6460542099888e-08,-2.15928475334442e-10,-2.59459254187234e-09,-4.93537494435359e-07,-2.00840767763918e-06,-1.7484869786735e-07,-3.2565073617643e-10,-1.36208063995954e-14,-3.67272710491607e-17,-1.20093580918098e-15,-2.23761994879246e-12,-6.74311223889262e-09,-1.00529997060237e-06,-3.22018712620492e-06,-2.20674156242121e-07,-3.23519653283552e-10,-1.01467899673245e-14,-6.80824979564068e-21,-9.77284711802213e-29,-1.09031121318032e-36,-1.42295971636434e-29,-6.90920570454024e-24,-7.1769917832728e-20,-1.59490780608459e-17,-7.58241472782017e-17,-7.71195817052113e-18,-1.6973746174016e-20,-7.87350279870729e-24,-5.55058973613076e-27,-1.06994151263452e-31,-6.6423731507595e-24,-6.69965274711193e-17,-1.44563989682967e-11,-6.67339399408576e-08,-6.59040668941093e-06,-1.39237582164792e-05,-6.29331600676983e-07,-6.08529188668609e-10,-1.25881554626794e-14,-5.57085160095561e-21,-5.27424002379434e-29,-1.06826007889263e-38,-4.6288479640763e-50,-4.29089258103006e-63,-7.35007352412189e-70,-4.5685557983712e-57,-6.07498202483335e-46,-1.72818356009118e-36,-1.05175249315847e-28,-1.36935496067538e-22,-3.81414621082751e-18,-2.27278076469074e-15,-3.05287984805302e-14,-9.73215168930682e-11,-1.30234647407571e-07,-3.72870717120263e-06,-2.28385657034457e-06,-2.99266553891731e-08,-8.38931203157668e-12,-5.03122015771642e-17,-6.46452991454706e-24,-6.34545346189665e-29,-1.17546905386553e-29,-5.37745187475823e-27,-5.26691196760984e-26,-1.10360686966081e-26,-4.94710968416544e-29,-4.74424918959073e-33,-9.73334805230602e-39,-8.26465378567905e-45,-3.57995533071426e-43,-3.49831796702507e-43,-7.31340731712234e-45,-3.27083812936814e-48,-3.12951581254857e-53,-6.40581006056151e-60,-2.80510920069435e-68,-2.62787253932455e-78,-5.2666884580639e-90,-2.2581343271253e-103,-2.07129378243718e-118,-4.06806087925255e-135
0,0,0,0,0,0,0,0,0,0,0,0,0,0,0,0,0,0,0,0,0,0,0,0,0,0,0,0,0,0,0,0,0,0,0,0,0,0,0,0,0,0,0,0,0,0,0,0,0,0,0,0,0,0,0,0,0,0,0,0,-1.12356576649836e-308,-1.69766097052808e-289,-5.48759736265988e-272,-3.79482996870725e-256,-5.61411381864517e-242,-1.7768424166897e-229,-1.20308253334199e-218,-5.50053351355893e-208,-6.61732385648307e-188,-1.75881790114624e-169,-1.0000879006194e-152,-1.21656208563265e-137,-3.16598746034674e-124,-1.76263712001372e-112,-2.0994012034478e-102,-5.34942102522749e-94,-2.91606316703157e-87,-3.40068090526311e-82,-8.48425370811526e-79,-4.52835242991276e-77,-5.17065546635281e-77,-1.26307689331263e-78,-6.60074246155037e-82,-7.37963012510612e-87,-1.76504267536817e-93,-9.03139077536507e-102,-9.8862802087317e-112,-2.33111960100255e-123,-4.83177023038559e-134,-4.38817629631488e-132,-2.55137215056536e-112,-3.17352820669245e-94,-8.44480689858363e-78,-4.80746235907429e-63,-5.8549187268497e-50,-1.52547347904705e-38,-8.50290414481907e-29,-1.01393203183827e-20,-2.58660416115325e-14,-1.41167377315539e-09,-1.64832725931478e-06,-4.11891302423969e-05,-2.20639143902806e-05,-2.55836064567684e-07,-3.74568460600438e-10,-1.75508730838105e-07,-2.14760673195983e-06,-5.62198812409906e-07,-3.14850285014974e-09,-1.58156226638631e-10,-4.38378423926006e-07,-2.6057272027996e-05,-3.32162203371472e-05,-3.23488991321082e-06,-1.45173230426496e-06,-6.84762562950647e-07,-1.74420401355647e-05,-1.18391568822005e-05,-4.51858557985216e-05,-3.89248284593314e-05,-2.05191543713954e-06,-1.10970827376109e-05,-2.11238500816225e-05,-4.61755994996071e-05,-2.8748290706228e-05,-7.24710412504542e-07,-2.22140396634786e-05,-4.45204686758436e-05,-3.11011295997529e-05,-5.64632214110299e-05,-3.06054492716786e-05,-7.44502082826311e-06,-7.17170793896406e-05,-1.94728611599132e-05,-1.27190493574412e-07,-7.14970056553293e-08,-1.20270419653832e-05,-4.72712513909439e-05,-2.82867347898675e-05,-7.36874232052959e-06,-3.21183145571541e-06,-6.44085602951759e-08,-4.29914295484863e-09,-4.74128130811475e-07,-6.6385296865318e-06,-5.36874398699142e-05,-1.1313791244734e-05,-3.98722276135316e-07,-1.32818423926927e-05,-1.1816846781215e-05,-3.41935421547638e-06,-5.29134525517692e-06,-1.89012848037563e-05,-6.41142021445611e-06,-4.5966355080508e-06,-5.14847813565868e-05,-3.80986205881502e-05,-2.26828929097107e-06,-3.79563359738057e-08,-1.42357729170844e-09,-5.93503349099909e-08,-3.92365264984221e-06,-5.56420184077049e-06,-1.68858017773209e-07,-1.09634533699328e-10,-1.00621856991292e-14,-4.43612386402449e-12,-4.94218331900774e-11,-1.17791199977791e-11,-6.00609156103371e-14,-4.84786677188094e-13,-5.77210516844298e-09,-1.47028820187387e-06,-8.01215823511933e-06,-9.34061284812383e-07,-2.32960782542092e-09,-1.32824578712164e-10,-2.52420576678741e-08,-1.02720346459767e-07,-8.94266588538783e-09,-1.66554490712659e-11,-6.64016610653814e-16,-2.2755897028876e-20,-4.15915070232322e-18,-6.45198952941148e-14,-4.21982639642645e-10,-6.31695830187908e-08,-2.02348161510825e-07,-1.38665891167342e-08,-2.03291322387025e-11,-6.37597849004196e-16,-4.27812681563603e-22,-6.14100249062071e-30,-2.16654261348646e-39,-6.32742947807089e-33,-3.0722944125805e-27,-3.19136999212443e-23,-7.09202555353588e-21,-3.37164806748242e-20,-3.42921238843343e-21,-7.48030365263744e-24,-1.0373572150255e-27,-5.40298517539681e-31,-1.97738310965005e-33,-9.28006992240091e-25,-9.36009533609164e-18,-2.0197057618869e-12,-9.32340919115108e-09,-9.20746749793772e-07,-1.94529043910695e-06,-8.79240164035519e-08,-8.50177081668602e-11,-1.75869316938872e-15,-7.78304548853539e-22,-7.36864898996839e-30,-1.49246782775214e-39,-6.46697073347634e-51,-5.99481273901602e-64,-7.59446043087922e-73,-4.72045105552677e-60,-6.2769629127995e-49,-1.78564217455435e-39,-1.08672114024588e-31,-1.41488324862214e-25,-3.94095887250174e-21,-2.34838431187845e-18,-1.43172486093187e-16,-7.0836829671103e-12,-9.48007005010533e-09,-2.71420899855036e-07,-1.6624700653627e-07,-2.17842790072493e-09,-6.10676708099018e-13,-3.6623372097956e-18,-4.69877281889976e-25,-3.7215065442539e-33,-4.73229223296551e-34,-2.16497520139981e-31,-2.12047156597689e-30,-4.44314809422288e-31,-1.99171838898274e-33,-1.9100462605608e-37,-3.91866959351033e-43,-2.8566744422519e-50,-5.19234471898639e-49,-5.07393839946297e-49,-1.06073200226612e-50,-4.74400307217977e-54,-4.53903007179192e-59,-9.29094666417334e-66,-4.0685127602033e-74,-3.81144982012923e-84,-7.63877184888961e-96,-3.27518382124704e-109,-3.00418480364329e-124,-5.89525127828759e-141
0,0,0,0,0,0,0,0,0,0,0,0,0,0,0,0,0,0,0,0,0,0,0,0,0,0,0,0,0,0,0,0,0,0,0,0,0,0,0,0,0,0,0,0,0,0,0,0,0,0,0,0,0,0,0,0,0,0,0,-2.38588351715034e-317,-1.68508905171694e-296,-2.54609921400496e-277,-8.23012814360468e-260,-5.69136816381034e-244,-8.41987359616263e-230,-2.66485308850362e-217,-1.80434582974986e-206,-2.61546177862828e-197,-2.26838463460145e-180,-6.02913743852674e-162,-3.42824996238218e-145,-4.17031235126673e-130,-1.08528424202652e-116,-6.04222952466252e-105,-7.1966395076747e-95,-1.83375405473302e-86,-9.99611477799919e-80,-1.16573594964221e-74,-2.90835859904641e-71,-1.55229595697401e-69,-1.77247413922676e-69,-4.32976272315972e-71,-2.26270061676479e-74,-2.52969930774297e-79,-6.05047564487719e-86,-3.09591437598694e-94,-3.38897851737624e-104,-9.7516076439523e-116,-5.49905096644836e-125,-3.4279836297256e-132,-1.99102536971805e-112,-2.47653999484048e-94,-6.59011065949613e-78,-3.75162032528599e-63,-4.56902863416329e-50,-1.19044077786358e-38,-6.63546164565821e-29,-7.91255874178673e-21,-2.01865851506662e-14,-1.10207697041349e-09,-1.28933266716213e-06,-3.25835133855298e-05,-1.8592962433165e-05,-2.91432932381215e-07,-2.41271004050381e-09,-1.27427295487915e-06,-1.55921405045484e-05,-4.08168969546502e-06,-2.28588269389143e-08,-1.52537427830233e-10,-4.16205621720422e-07,-2.47396492970745e-05,-3.19813360109629e-05,-1.58407639494554e-05,-9.19688296856689e-06,-2.31541384328729e-07,-3.01838247859889e-06,-7.0128089242208e-06,-5.52362410066887e-05,-4.70923902042096e-05,-1.16497629269748e-06,-2.10738992835815e-06,-4.36933149175533e-06,-3.16868994682703e-05,-2.46578187203177e-05,-7.47360981778279e-07,-1.97933109073797e-05,-3.12768850023203e-05,-1.74867114290929e-05,-2.41555182673738e-05,-9.92815235696312e-06,-2.18188033091328e-06,-2.3782426513504e-05,-7.17671220221313e-06,-7.59639471433277e-08,-7.82744526259623e-08,-1.26117368269734e-05,-5.39644219866787e-05,-5.40427717832088e-05,-2.34136046685078e-05,-1.61678421224106e-05,-3.2562603422062e-07,-3.88004746332714e-08,-4.19358422864255e-06,-1.5171444903521e-05,-4.60563947597212e-05,-1.11469939553086e-05,-2.33800795815122e-07,-2.22585885338444e-06,-8.50843435290976e-06,-1.91025439914224e-05,-2.07050965553231e-05,-4.59707959953608e-06,-3.30692317763836e-06,-1.80587315304945e-05,-5.05391300675116e-05,-1.89720905470493e-05,-3.28973930315796e-07,-1.55891516650598e-09,-1.31277352363709e-11,-5.34123532213189e-09,-3.54095190523565e-07,-5.02307516994128e-07,-1.52472725636574e-08,-1.10452695031377e-11,-9.68743914866371e-15,-1.57604722402147e-14,-1.75564968393671e-13,-4.18438713532349e-14,-2.16954732375635e-16,-2.00295841057278e-12,-2.38485157407084e-08,-6.07476653708054e-06,-3.31037076094776e-05,-3.85924625480145e-06,-9.62514247964548e-09,-3.10920942438473e-12,-4.93740849425464e-10,-2.00923521060414e-09,-1.74920741536098e-10,-3.25784672512806e-13,-1.29808099982563e-17,-1.62618586908711e-23,-9.47185845529127e-21,-1.45398363142273e-15,-1.01388349840935e-11,-1.51808320909779e-09,-4.86280815568642e-09,-3.33240303743772e-10,-4.88547410260251e-13,-1.53226795054974e-17,-1.02811460518955e-23,-1.47579878371837e-31,-4.53675885838921e-41,-1.07604819590322e-36,-5.22477077209454e-31,-5.42727174502334e-27,-1.20607607380272e-24,-5.7338541997416e-24,-5.8317339470439e-25,-1.26960067616064e-27,-8.47412047310449e-32,-2.01498764405647e-35,-1.05171992878803e-34,-4.95848415405853e-26,-5.0012429639625e-19,-1.07915986624225e-13,-4.98164099222281e-10,-4.91969156151805e-08,-1.03939861423564e-07,-4.69791548710015e-09,-4.54262696601196e-12,-9.39696821811106e-17,-4.15860096399307e-23,-3.93718253839674e-31,-7.97448525305573e-41,-3.45540197162721e-52,-3.20312068998589e-65,-3.00166642927952e-76,-1.86533898308835e-63,-2.48041203667095e-52,-7.05616458864265e-43,-4.29430002091326e-35,-5.59106926250949e-29,-1.55731394433623e-24,-9.29053062605366e-22,-3.16421438177198e-18,-1.97202916072705e-13,-2.63916325904331e-10,-7.55610520651662e-09,-4.62816191504571e-09,-6.06454050203213e-11,-1.70006711201307e-14,-1.0195605892445e-19,-1.30809360345541e-26,-3.59396999261738e-35,-7.28622378384013e-39,-3.33348896637117e-36,-3.2649651433047e-35,-6.84127242587907e-36,-3.06671931830961e-38,-2.9409658506586e-42,-6.03371430961744e-48,-2.71130045086521e-55,-2.88017668030642e-55,-2.81449707871762e-55,-5.88384581491221e-57,-2.63148302894071e-60,-2.51778517425867e-65,-5.15365780704086e-72,-2.25679075637372e-80,-2.114198782068e-90,-4.23720182648657e-102,-1.81673378165149e-115,-1.66641145242811e-130,-3.27003267931714e-147
0,0,0,0,0,0,0,0,0,0,0,0,0,0,0,0,0,0,0,0,0,0,0,0,0,0,0,0,0,0,0,0,0,0,0,0,0,0,0,0,0,0,0,0,0,0,0,0,0,0,0,0,0,0,0,0,0,0,-0,-1.36849514253429e-305,-9.6653351415166e-285,-1.46039179245963e-265,-4.72063756419975e-248,-3.26445541029041e-232,-4.82947177617729e-218,-1.52850664936972e-205,-1.03493682651145e-194,-1.4991295500946e-185,-2.9739077312089e-173,-7.90422315655901e-155,-4.49444933299701e-138,-5.46729607560933e-123,-1.42281195689093e-109,-7.92138693354324e-98,-9.43482301174268e-88,-2.4040588576128e-79,-1.3104946223152e-72,-1.52828446548845e-67,-3.81286968833442e-64,-2.03506617224262e-62,-2.32372064470662e-62,-5.67633614720977e-64,-2.96640950612711e-67,-3.31644585171031e-72,-7.93219762993533e-79,-4.05875606590831e-87,-4.44350679068849e-97,-8.95977038891921e-108,-2.39894822847289e-116,-1.55464761598215e-126,-5.94223030320893e-113,-7.3912524319867e-95,-1.96682361298068e-78,-1.11967424551138e-63,-1.3636323191606e-50,-3.55291394972676e-39,-1.98047063482021e-29,-2.36228965615701e-21,-6.03632946886471e-15,-3.3262166188009e-10,-4.10070844946664e-07,-1.34104331817436e-05,-1.70511583876632e-05,-8.54857061515623e-07,-7.44106094464156e-09,-3.54237106853778e-06,-4.32974623325055e-05,-1.13334556946758e-05,-6.34707756167216e-08,-6.20165784381035e-11,-1.5112586453453e-07,-8.98382874835722e-06,-1.27059791085595e-05,-3.71196100956752e-05,-2.25892290922103e-05,-3.0389658594373e-07,-3.54937078590357e-07,-1.580671115946e-05,-6.62165755372928e-05,-3.961834752134e-05,-1.79847515180686e-06,-3.38256419209376e-06,-1.96121909288419e-06,-1.05411430463363e-05,-8.46662476587911e-06,-8.32330059046433e-07,-2.91378976142075e-05,-2.94746648925237e-05,-2.0770298393386e-05,-9.17083878390187e-06,-1.2797942103891e-06,-4.85685808503243e-07,-7.77604354209628e-06,-3.18792894265501e-06,-7.64948273332485e-07,-1.2952202943385e-07,-5.06557563801607e-06,-2.53981823233221e-05,-4.41000898848948e-05,-4.03316922798633e-05,-3.19173610879266e-05,-6.34403145164716e-07,-1.34109727517733e-07,-1.44939244933685e-05,-4.18503622319814e-05,-6.1590554441925e-05,-2.56153301175297e-05,-9.03682494749792e-07,-6.77209562897109e-07,-2.44363353348421e-05,-4.71765893112963e-05,-3.97417790932418e-05,-9.2604703330245e-06,-1.51561078545141e-05,-5.42395139089431e-05,-5.37921388412836e-05,-6.16482970385807e-06,-5.85884626806128e-08,-3.81949552352544e-11,-1.06299148518223e-13,-1.84370957038071e-10,-1.22255335045451e-08,-1.73716525561514e-08,-1.04369187553767e-09,-2.00919564072489e-10,-1.6636432569593e-12,-3.16607994695515e-16,-2.38522096099524e-16,-5.68487047515059e-17,-5.9765347303802e-18,-3.16496381021545e-12,-3.7684102537799e-08,-9.59900932894422e-06,-5.23086436699063e-05,-6.09816699562178e-06,-1.52091161202068e-08,-8.30915345336896e-13,-3.69354313385774e-12,-1.50305470425073e-11,-1.3085349194025e-12,-2.43710732301877e-15,-9.71052781300648e-20,-8.3274056782873e-26,-4.31438667689234e-23,-1.33165464341776e-17,-9.31838491562644e-14,-1.39525355317875e-11,-4.46935357047999e-11,-3.06277503422533e-12,-4.49018559391195e-15,-1.40829064550898e-19,-9.44928842556634e-26,-1.35639045443615e-33,-4.16535832667044e-43,-6.99851400571147e-41,-3.39814067477185e-35,-3.52984536054782e-31,-7.84420282157466e-29,-3.72924363874136e-28,-3.79290160184308e-29,-8.25379414905136e-32,-4.20694858629379e-36,-2.89729250868487e-40,-2.14914688551888e-36,-1.01324930144238e-27,-1.02198691820581e-20,-2.20522632853352e-15,-1.0179813222303e-11,-1.00532216765077e-09,-2.12397556808247e-09,-9.60002984307888e-11,-9.28270305403223e-14,-1.92023836052474e-18,-8.49795903511088e-25,-8.04549804483361e-33,-1.62955882503076e-42,-7.06099591159976e-54,-6.54546772909909e-67,-4.66519419534415e-80,-2.81904323217092e-67,-3.74858877038831e-56,-1.06638167159106e-46,-6.48987530986136e-39,-8.44965237310643e-33,-2.35353301418069e-28,-1.5172074909813e-25,-3.3565007463299e-20,-2.09960567478955e-15,-2.80989873532428e-12,-8.04493257134318e-11,-4.92757174737193e-11,-6.45687402194338e-13,-1.81004961009648e-16,-1.08551905627214e-21,-1.39271814577712e-28,-3.8226809463826e-37,-4.2927024823e-44,-1.96297523238132e-41,-1.92262394612749e-40,-4.02858640465102e-41,-1.8058839033932e-43,-1.73183207815081e-47,-3.55304363341999e-53,-1.56079718410771e-60,-6.11004563317101e-62,-5.97071190309248e-62,-1.24820695351597e-63,-5.5824634399126e-67,-5.34126328396324e-72,-1.09330388884202e-78,-4.78758622055809e-87,-4.48508969117453e-97,-8.98885686274577e-109,-3.85404344416069e-122,-3.53514763409006e-137,-6.93708977656849e-154
0,0,0,0,0,0,0,0,0,0,0,0,0,0,0,0,0,0,0,0,0,0,0,0,0,0,0,0,0,0,0,0,0,0,0,0,0,0,0,0,0,0,0,0,0,0,0,0,0,0,0,0,0,0,0,0,0,0,-9.09310430060081e-317,-3.00197466718859e-294,-2.1202187967569e-273,-3.20356209450234e-254,-1.03553413821134e-236,-7.16101368522896e-221,-1.05940835866887e-206,-3.35298102084585e-194,-2.27027048819044e-183,-3.28853842478993e-174,-2.51013469523802e-166,-3.96308059199839e-148,-2.25346179763878e-131,-2.74123522815431e-116,-7.13380472784053e-103,-3.97168629936518e-91,-4.73050459560246e-81,-1.20536563959726e-72,-6.57065938137771e-66,-7.66263095596303e-61,-1.9117261193613e-57,-1.02035723067271e-55,-1.16508504452072e-55,-2.8460453574106e-57,-1.48732136084677e-60,-1.6628252933899e-65,-3.97710665001102e-72,-2.03501067148406e-80,-2.2369712287171e-90,-1.32657412332925e-99,-4.00270194776344e-108,-2.59397013698205e-118,-6.78253251692938e-114,-8.43646528444298e-96,-2.24495889461675e-79,-1.27801966296086e-64,-1.55653853119767e-51,-4.05643987146016e-40,-2.26411881955764e-30,-2.72131828986108e-22,-7.26197829466332e-16,-4.98232692249999e-11,-1.27654238626072e-07,-1.33238204936408e-05,-3.87478515357885e-05,-2.55445209421236e-06,-1.43127947849011e-08,-3.92675544995632e-06,-4.61241400051635e-05,-1.20379175526157e-05,-6.74016316448734e-08,-1.97517436219202e-11,-2.11553476041043e-08,-1.24846922526461e-06,-2.79171016504881e-06,-3.4622708869301e-05,-2.12209809732362e-05,-2.8259168930681e-07,-5.06692472454895e-07,-2.31569054387761e-05,-5.76778640807342e-05,-1.81449557517532e-05,-8.97665592489602e-06,-3.000071569832e-05,-1.28613413947852e-05,-1.74076094719524e-06,-1.11921151130788e-06,-8.68020714744972e-07,-3.41495428119101e-05,-3.33614547151089e-05,-5.20854008958869e-05,-1.88471798431029e-05,-2.58575484010076e-07,-1.12627103984567e-06,-2.35218910860325e-05,-1.20681977365162e-05,-8.13049414434354e-06,-1.15889396511485e-06,-7.92475919057378e-07,-5.10152678169503e-06,-1.50676224964405e-05,-4.15395744678384e-05,-2.84989540004997e-05,-5.06034650393127e-07,-1.77411218792026e-07,-1.92015886672659e-05,-5.57138960256983e-05,-7.97451607855448e-05,-4.90505439235778e-05,-2.01355090418597e-06,-7.72873413326628e-07,-3.36163611460816e-05,-4.93005114306519e-05,-2.96860739649503e-05,-2.17242796315773e-05,-3.83926949566558e-05,-7.2038555690909e-05,-5.46211996094145e-05,-1.55258108983918e-06,-6.83176006230166e-09,-1.57435228411278e-12,-9.23860150475418e-16,-2.43457359783191e-12,-1.63686125756782e-10,-2.13698512267322e-09,-3.45842426309393e-08,-1.34056643645103e-08,-1.11189612518477e-10,-1.97296459013289e-14,-1.98827413642172e-19,-2.95379955309184e-20,-3.43671631994734e-18,-1.91264897628383e-12,-2.27732335861714e-08,-5.80086739294423e-06,-3.16111272565325e-05,-3.68524051486903e-06,-9.19116366504315e-09,-4.90459514933256e-13,-1.05676830869619e-14,-4.3001984291932e-14,-3.74368264112009e-15,-6.97249744308471e-18,-2.77815524430384e-22,-2.36845470684941e-28,-1.43501273409572e-25,-4.67991738345187e-20,-3.27542501518819e-16,-4.90433824437642e-14,-1.57098483186828e-13,-1.07657025705107e-14,-1.57830732098402e-17,-4.95016383931611e-22,-3.32143979090351e-28,-4.76773384880131e-36,-1.46411926204014e-45,-1.74080309665715e-45,-8.4524997801809e-40,-8.78010064609994e-36,-1.9511588533483e-33,-9.27608184849244e-33,-9.43442287010556e-34,-2.05284606854391e-36,-9.75434491510556e-41,-1.6519065743277e-45,-1.67958962487631e-38,-7.91869103675668e-30,-7.98697678583017e-23,-1.72341653104719e-17,-7.95567246920933e-14,-7.85673933028774e-12,-1.65991787700445e-11,-7.50256330428942e-13,-7.25456779157902e-16,-1.50069427852335e-20,-6.64127889812161e-27,-6.28767403670293e-35,-1.27352398301877e-44,-5.51827126415634e-56,-5.11537847240677e-69,-1.27658843659419e-83,-1.62935383802255e-71,-2.1666136334833e-60,-6.16348500645642e-51,-3.75102556914924e-43,-4.88373976264359e-37,-1.36033141706609e-32,-5.48429337325955e-29,-1.36665236753908e-22,-8.54932549679111e-18,-1.14415479036159e-14,-3.27579354512788e-13,-2.00644412865483e-13,-2.62915643545966e-15,-7.37029027469564e-19,-4.42009461995513e-24,-5.67096998223378e-31,-1.55654592668393e-39,-1.88021656641569e-49,-4.42079442712124e-47,-4.32991974951264e-46,-9.07273409927659e-47,-4.06701081320595e-49,-3.90023953104737e-53,-8.00176957652694e-59,-3.51214979774441e-66,-4.95723775240325e-69,-4.84418959389107e-69,-1.012701874313e-70,-4.52919379511449e-74,-4.33350200752553e-79,-8.87025099728231e-86,-3.88428980093183e-94,-3.63886671510678e-104,-7.29288694249947e-116,-3.12688293282708e-129,-2.86815469574241e-144,-5.62823638807147e-161
0,0,0,0,0,0,0,0,0,0,0,0,0,0,0,0,0,0,0,0,0,0,0,0,0,0,0,0,0,0,0,0,0,0,0,0,0,0,0,0,0,0,0,0,0,0,0,0,0,0,0,0,0,0,0,0,0,-3.59388291441381e-319,-7.62964206198388e-306,-2.51849149153845e-283,-1.7787468555934e-262,-2.68761224596747e-243,-8.68756137347852e-226,-6.00769627877296e-210,-8.88785294071452e-196,-2.81296649988025e-183,-1.9046319645839e-172,-2.75890270925723e-163,-8.5497818716912e-156,-7.59934778629527e-142,-4.32109299776604e-125,-5.2564158673642e-110,-1.36793238248826e-96,-7.61584947900732e-85,-9.07091050106832e-75,-2.31133140595914e-66,-1.25994726306553e-59,-1.46933668913185e-54,-3.66580270261264e-51,-1.95657121380967e-49,-2.23409193488685e-49,-5.45739301110745e-51,-2.85199151124595e-54,-3.18852653251285e-59,-7.62624319408221e-66,-3.90221393463282e-74,-4.86706035812943e-84,-8.43285824373319e-92,-2.55420775674284e-100,-1.65526665505362e-110,-2.96076879362101e-115,-3.68277729381014e-97,-9.80024851260953e-81,-5.58015920611908e-66,-6.80358627406252e-53,-1.78423044913095e-41,-1.03223302978491e-31,-1.49351369778946e-23,-7.72255896059411e-17,-1.66843839080379e-11,-1.04503161717018e-07,-1.50123996257308e-05,-4.67240711757489e-05,-3.11791843325566e-06,-6.92011996012436e-08,-4.09181223919087e-06,-2.0940134096496e-05,-4.93066039235863e-06,-2.73905238066118e-08,-3.29536333722907e-10,-1.44665606731022e-08,-7.82964836520258e-08,-5.1756594114747e-07,-1.24261404763107e-05,-7.62451076468168e-06,-1.84407422317199e-07,-2.83162352738719e-06,-3.02055669182575e-05,-2.94965063992434e-05,-7.25934995797394e-06,-3.95613886042888e-05,-0.000111506522499293,-4.39976010777616e-05,-1.25431959491028e-06,-5.95361782334224e-08,-6.51059572777771e-07,-1.7389827515438e-05,-1.84296007183259e-05,-6.96803361428468e-05,-3.4951002394952e-05,-5.19946531527279e-07,-2.1841171123302e-06,-4.80209593241063e-05,-3.05864796003568e-05,-3.39435881517363e-05,-6.28926055058989e-06,-2.45423171478695e-07,-4.53925561313136e-07,-4.31807110101454e-06,-4.87404611253552e-05,-2.12497240864301e-05,-2.42986690195298e-07,-8.98336697706502e-08,-9.79781517658811e-06,-3.74401148628817e-05,-7.24649553456223e-05,-4.13828573138936e-05,-1.74305784811464e-06,-4.14904830248561e-07,-1.78143015006012e-05,-2.16355055115203e-05,-8.68935019216567e-06,-2.14507420653897e-05,-3.82286753543893e-05,-3.94107080265227e-05,-2.73902546096636e-05,-4.67288773138342e-07,-4.58989101592726e-10,-6.51155801136024e-14,-4.48901992746988e-18,-1.37484342278175e-14,-5.8386807372715e-11,-4.87705712637767e-08,-8.83824354941323e-07,-3.426598023863e-07,-2.84209886342703e-09,-5.04305854994526e-13,-1.91440242233363e-18,-6.05557892619232e-24,-7.94256714371803e-19,-4.42050105342524e-13,-5.26333395755478e-09,-1.34069245006539e-06,-7.30594181526e-06,-8.51730232787192e-07,-2.12425537394953e-09,-1.13341884572424e-13,-1.16915678821704e-17,-4.7051330352535e-17,-4.09621210674384e-18,-7.6290730755047e-21,-3.03976437809022e-25,-2.59125028604055e-31,-1.92330583090412e-28,-6.29116253666571e-23,-4.40316163869187e-19,-6.5929137774808e-17,-2.11187871374733e-16,-1.44723600355617e-17,-2.12172235359834e-20,-6.65451723641698e-25,-4.46501955404813e-31,-6.40927615839882e-39,-1.9682189670666e-48,-1.65601081046547e-50,-8.04078935030822e-45,-8.3524331979676e-41,-1.85612040659839e-38,-8.82425579144481e-38,-8.97488398884991e-39,-1.95281416666157e-41,-9.13144880158763e-46,-6.42177746256786e-51,-5.02007228677954e-41,-2.36679250886542e-32,-2.38720222034666e-25,-5.15106513993754e-20,-2.3778457722002e-16,-2.34827595933704e-14,-4.96127602199648e-14,-2.24241740755601e-15,-2.16829481343145e-18,-4.48537764640581e-23,-1.98499083654087e-29,-1.87930299833386e-37,-3.80639553794715e-47,-1.64933863807396e-58,-1.52891928631967e-71,-3.03785655233596e-86,-3.60162740194893e-76,-4.78922064053334e-65,-1.36241594506543e-55,-8.29150560178854e-48,-1.07953292136598e-41,-3.01221241923751e-37,-7.29615514659658e-32,-2.12824465266051e-25,-1.33136050296242e-20,-1.78175751729111e-17,-5.10129383130123e-16,-3.12457452380682e-16,-4.09430549299549e-18,-1.14775292750437e-21,-6.88327915294935e-27,-8.83122937673838e-34,-2.42396171259147e-42,-1.42417382024804e-52,-3.80763685983751e-53,-3.7293663639195e-52,-7.81435946530787e-53,-3.50292250339612e-55,-3.35928214834799e-59,-6.89193611819082e-65,-3.02492977316728e-72,-1.53819784033467e-76,-1.50309299451734e-76,-3.14229049732903e-78,-1.40535363703209e-81,-1.34463286025228e-86,-2.75233078210624e-93,-1.20524778712589e-101,-1.12909599458223e-111,-2.26289393934983e-123,-9.70233666521829e-137,-8.89953447692959e-152,-1.74637315942846e-168
0,0,0,0,0,0,0,0,0,0,0,0,0,0,0,0,0,0,0,0,0,0,0,0,0,0,0,0,0,0,0,0,0,0,0,0,0,0,0,0,0,0,0,0,0,0,0,0,0,0,0,0,0,0,-0,-0,-3.77285694957438e-315,-5.0449573422383e-304,-1.68795456429193e-294,-8.0806008537142e-273,-5.70712404951156e-252,-8.62322619797727e-233,-2.78741127723013e-215,-1.92757433734492e-199,-2.85167499281705e-185,-9.0254263620785e-173,-6.11102746653599e-162,-8.85196224114293e-153,-2.74311287557066e-145,-5.57482355571763e-136,-3.16888682276669e-119,-3.85480872216431e-104,-1.00317741449763e-90,-5.58510660860043e-79,-6.6521800785568e-69,-1.69502198614492e-60,-9.23986195477252e-54,-1.07754257425255e-48,-2.68832767199807e-45,-1.43485750953553e-43,-1.63837818278205e-43,-4.00219592785845e-45,-2.09151673507185e-48,-2.33831572663341e-53,-5.59272887836012e-60,-2.86191354397691e-68,-1.76651252422816e-77,-2.05777328236332e-84,-6.23345624240734e-93,-4.03962138795912e-103,-5.6499880263299e-115,-6.14945956295057e-99,-1.63788763334055e-82,-9.37427490530617e-68,-1.17730993982894e-54,-3.60962558715853e-43,-3.77688854724398e-33,-1.67941174438447e-24,-2.25942033093742e-17,-7.06872267320636e-12,-4.80425447138027e-08,-7.00398772758363e-06,-2.18545495959955e-05,-1.45917191685554e-06,-3.61676569527689e-07,-1.50826892415681e-05,-1.60271410315673e-05,-1.00748931317265e-06,-4.35794505013113e-09,-9.92008714943124e-09,-4.03896286384559e-07,-3.5679933449812e-07,-6.79772558275147e-08,-1.70716708955875e-06,-1.05168002089615e-06,-8.42766924970429e-07,-1.40348925812344e-05,-5.17700728069929e-05,-1.66448165145165e-05,-1.36089128008154e-05,-8.93144302253274e-05,-0.000171183745602225,-5.92498985341427e-05,-1.50554926900661e-06,-3.05927617551592e-08,-3.22357633547558e-06,-1.34261111827342e-05,-5.68180808926154e-06,-5.06020441669666e-05,-3.52667944477668e-05,-6.38638636100134e-07,-1.80012687344128e-06,-4.87138748720027e-05,-4.67534923822308e-05,-5.67013816464848e-05,-2.152410819973e-05,-1.5766137250955e-06,-1.69780815686483e-07,-2.6767065213898e-06,-4.34644124925224e-05,-1.58278840811045e-05,-1.29153007089499e-07,-1.84947805219735e-08,-2.15592420953389e-06,-2.26560293484593e-05,-5.71295008697283e-05,-1.56450771131759e-05,-6.16067124644165e-07,-2.85018215833032e-07,-3.64074012584903e-06,-3.90760915241122e-06,-1.03909011141191e-06,-8.29600705260708e-06,-1.47285495305877e-05,-8.78777648308872e-06,-5.6901177965191e-06,-8.72564318649784e-08,-3.48370726907497e-11,-1.36386115241848e-15,-2.06494057529742e-20,-1.42369440850396e-14,-5.62799664847673e-10,-4.76751658411873e-07,-8.63993776616429e-06,-3.34971475767002e-06,-2.77833012215362e-08,-4.92990643546526e-12,-1.87142451752162e-17,-1.52293877483979e-24,-7.02048000410148e-20,-3.90730602090095e-14,-4.65229081812591e-10,-1.18504568124871e-07,-6.45776352004213e-07,-7.52849196625361e-08,-1.87764140586117e-10,-1.00183482886114e-14,-1.62738911144688e-20,-1.96890620115478e-20,-1.71409761295555e-21,-3.19245576327865e-24,-1.27201734885636e-28,-1.08434119606138e-34,-9.88657911406351e-32,-3.23442707443523e-26,-2.26376484309176e-22,-3.38956587852461e-20,-1.0857645449862e-19,-7.44056716259344e-21,-1.09082538255907e-23,-3.42123760813931e-28,-2.29556739830641e-34,-3.29515363098999e-42,-1.01190582418996e-51,-6.02485270632053e-56,-2.92537741084827e-50,-3.03875880071608e-46,-6.75288516178982e-44,-3.2104159722404e-43,-3.26521708141868e-44,-7.10464152512241e-47,-3.31041487459471e-51,-2.60971593012274e-54,-5.73834242679514e-44,-2.70543233108623e-35,-2.72876225675682e-28,-5.88807769034171e-23,-2.71806709136961e-19,-2.68426644030089e-17,-5.67113361356149e-17,-2.56326168494627e-18,-2.47853365667282e-21,-5.12714386929297e-26,-2.26900261259569e-32,-2.14819299645199e-40,-4.35101324458779e-50,-1.88532541810948e-61,-1.74767650875037e-74,-3.46593745482034e-89,-3.04475153385019e-81,-4.04872166491176e-70,-1.15176212737476e-60,-7.00949087220159e-53,-9.12618356567398e-47,-2.85910338954645e-42,-4.33485850882889e-35,-1.26752071276819e-28,-7.9291966241322e-24,-1.06116304785153e-20,-3.03818250097235e-19,-1.8609058711665e-19,-2.43844948238963e-21,-6.83568321116306e-25,-4.09948122248513e-30,-5.25962382128377e-37,-1.44364122157276e-45,-8.47701231382478e-56,-1.25423937424858e-59,-1.22845698450742e-58,-2.57405776956709e-59,-1.15386615193328e-61,-1.10655087630811e-65,-2.27021060282008e-71,-9.96413802543746e-79,-1.8262538634682e-84,-1.78369367004788e-84,-3.72890013457693e-86,-1.66770811632842e-89,-1.59565185262573e-94,-3.26614188997493e-101,-1.43024607032117e-109,-1.3398780952069e-119,-2.68533591090556e-131,-1.15135900157537e-144,-1.05609189656083e-159,-2.07238990626264e-176
0,0,0,0,0,0,0,0,0,0,0,0,0,0,0,0,0,0,0,0,0,0,0,0,0,0,0,0,0,0,0,0,0,0,0,0,0,0,0,0,0,0,0,0,0,0,0,0,0,0,0,-7.90505033345994e-323,-1.87601765195509e-317,-9.66111274527679e-314,-1.06437868168545e-311,-2.54107860061024e-311,-2.0255047216739e-300,-2.70844748495521e-289,-7.74797250302488e-280,-9.91554350719276e-263,-7.00309764227575e-242,-1.05813881969215e-222,-3.42037656344509e-205,-2.36528787180064e-189,-3.4992332820314e-175,-1.10749199646738e-162,-7.49871943758489e-152,-1.08620656153025e-142,-3.36601887922285e-135,-2.3878180867904e-129,-8.88770325988062e-114,-1.08114924774e-98,-2.81358839103416e-85,-1.56644187653643e-73,-1.86572149388644e-63,-4.75398878986265e-55,-2.59148261862782e-48,-3.0221586271261e-43,-7.53989017288388e-40,-4.02431152583223e-38,-4.59512123038347e-38,-1.12248659494649e-39,-5.86602840176454e-43,-6.5582198003605e-48,-1.56857974107804e-54,-8.04661978156649e-63,-1.36517481147929e-70,-1.92060661827245e-77,-5.81796780714069e-86,-3.77036210339227e-96,-5.22725417194183e-108,-3.94654152501566e-101,-1.07715407407212e-84,-7.02875942268158e-70,-1.49379861234708e-56,-1.35961457919553e-44,-3.91663135211357e-34,-2.66674358753626e-25,-3.95737668928886e-18,-1.26042595143706e-12,-8.59304972809138e-09,-1.25342239370849e-06,-3.91141106875772e-06,-2.61536984475495e-07,-7.95151981259859e-07,-3.28631472454011e-05,-2.92186447481349e-05,-5.94560416137067e-07,-5.92005562236782e-10,-1.20881479075993e-07,-4.71048929987777e-06,-4.17992391925262e-06,-8.74478808846403e-08,-8.99434346257418e-08,-1.16174245612076e-07,-4.21768452315887e-06,-4.02890299383054e-05,-5.28918219498389e-05,-1.23038857957867e-05,-2.50969208050774e-05,-0.00010656498875927,-0.000112096332714301,-3.21244775987636e-05,-1.12439165647405e-06,-2.18583571907354e-07,-1.62494056987644e-05,-4.88115270011306e-05,-4.76777515557742e-06,-1.9719586236598e-05,-1.70034959102646e-05,-6.43497992622385e-07,-8.28056134750788e-07,-3.55390155807611e-05,-4.80029002804611e-05,-4.26214215116695e-05,-4.70536831935153e-05,-6.45229163044803e-06,-2.28135146815469e-06,-1.06172436051659e-06,-1.67790195191369e-05,-5.96042075507669e-06,-6.82080413406513e-08,-5.1150397818408e-08,-1.42870994988401e-06,-2.36703781140497e-05,-2.99478996115955e-05,-3.22084473423043e-06,-6.53923937271298e-07,-3.28289428098458e-06,-6.77947496032365e-07,-2.84706050613674e-07,-5.61111436730157e-08,-1.23532061700308e-06,-2.18290653849919e-06,-7.93879543140746e-07,-4.7627759839577e-07,-6.98135462341831e-09,-2.29400590980878e-12,-2.41135057476389e-17,-2.87528299366845e-20,-5.31381389773628e-14,-2.10410294396219e-09,-1.782405768735e-06,-3.23016705159212e-05,-1.25233983570068e-05,-1.03871933594739e-07,-1.84311759718455e-11,-6.99659416431951e-17,-5.6820637698207e-24,-2.37324424833145e-21,-1.32084865072168e-15,-1.57268768225878e-11,-4.00599794525434e-09,-2.1830202667772e-08,-2.54497559249331e-09,-6.34728916599942e-12,-3.3866612226558e-16,-3.87349552624527e-22,-3.15100532542656e-24,-2.74320564329746e-25,-5.10913882594056e-28,-2.03570971885192e-32,-1.7353801885846e-38,-1.94392322749789e-35,-6.35965765140242e-30,-4.45110353279043e-26,-6.66469783903084e-24,-2.13487298255955e-23,-1.46299360056397e-24,-2.14482380058298e-27,-6.72697204035719e-32,-4.51363496894365e-38,-6.47906076199318e-46,-1.98964905874657e-55,-8.38312763833734e-62,-4.0703787695892e-56,-4.22813797032442e-52,-9.39598435883623e-50,-4.46698226576763e-49,-4.54323268521463e-50,-9.88540941094157e-53,-4.60253989661519e-57,-1.13831718776722e-57,-2.50860713048696e-47,-1.18272252368936e-38,-1.19292156960508e-31,-2.57406626866322e-26,-1.18824600893675e-22,-1.17346951984294e-20,-2.47922573502994e-20,-1.12057037762933e-21,-1.08353018029179e-24,-2.24141201638331e-29,-9.91930371124638e-36,-9.39116537102743e-44,-1.9021142410827e-53,-8.24199818587518e-65,-7.64024421262092e-78,-1.51516810789376e-92,-9.84406870468998e-87,-1.30900317455987e-75,-3.7237933497318e-66,-2.26625749178809e-58,-2.95072259804056e-52,-8.04533076787698e-47,-9.87331941142789e-39,-2.88707645987832e-32,-1.8060609733723e-27,-2.41704835679894e-24,-6.92017502541041e-23,-4.23865068348083e-23,-5.55414205807489e-25,-1.55698758137039e-28,-9.33753241087427e-34,-1.19800299683949e-40,-3.28823233100167e-49,-1.93083825368757e-59,-1.58008954690522e-66,-1.5475851736786e-65,-3.24274572949052e-66,-1.45361715685759e-68,-1.39401033303756e-72,-2.85996523635793e-78,-1.25526183455963e-85,-8.40191567712371e-93,-8.09514055283963e-93,-1.69232930540612e-94,-7.56875007714959e-98,-7.24172891192345e-103,-1.48231044987378e-109,-6.49104897259759e-118,-6.0809216775864e-128,-1.2187166437485e-139,-5.22534395958073e-153,-4.79298238421368e-168,-9.40536363008226e-185
0,0,0,0,0,0,0,0,0,0,0,0,0,0,0,0,0,0,0,0,0,0,0,0,0,0,0,0,0,0,0,0,0,0,0,0,0,0,0,0,0,0,0,0,0,0,0,0,0,-7.90505033345994e-323,-4.18661274493525e-314,-4.71080777121013e-307,-1.13398362412683e-301,-5.83978679334015e-298,-6.43377707345676e-296,-1.51706556634403e-295,-4.15877938928532e-286,-5.56100188593231e-275,-1.5908125567221e-265,-4.65337638804052e-253,-3.28649331309079e-232,-4.96575420317796e-213,-1.60515321622179e-195,-1.1100091946856e-179,-1.64215999401704e-165,-5.19736440445889e-153,-3.51908434627462e-142,-5.09747369443253e-133,-1.57964362391891e-125,-1.04723162345315e-119,-9.53327527115714e-109,-1.15968000739625e-93,-3.01795724590752e-80,-1.68022253242539e-68,-2.00124073558976e-58,-5.09930129120835e-50,-2.77971851584754e-43,-3.24167726739335e-38,-8.08756044527121e-35,-4.31662291750878e-33,-4.92889416847581e-33,-1.20401994955907e-34,-6.29211542676924e-38,-7.03458509790188e-43,-1.68251797706179e-49,-9.34062661790122e-58,-4.84262532725396e-64,-6.85567903338808e-71,-2.07674615287272e-79,-1.34584536262992e-89,-1.86588863181695e-101,-1.10193594514949e-103,-4.77857808188208e-87,-8.85843347348203e-72,-5.44441008887895e-58,-8.06092565953259e-46,-2.61148326853957e-35,-1.81709047988741e-26,-2.70668753770783e-19,-8.62638388589861e-14,-5.8817540131469e-10,-8.57956397510205e-08,-2.67733455806457e-07,-1.82219909810095e-08,-6.72577228558731e-07,-2.7798443465682e-05,-2.45841128523175e-05,-4.66022982855939e-07,-2.18533492656813e-09,-7.20785224094484e-07,-2.18923008278495e-05,-1.99714931928801e-05,-5.63552331977831e-07,-9.48289778072964e-09,-4.37891108324171e-07,-1.54570547788062e-05,-5.69922252210208e-05,-2.89401628467338e-05,-1.07988484192072e-05,-3.14557478443669e-05,-7.00466603101902e-05,-3.30170849633396e-05,-1.09939602209648e-05,-5.7217272986253e-06,-1.51458953189716e-06,-3.31575446814648e-05,-8.99968563156507e-05,-6.92349555140509e-06,-3.79312102494262e-06,-9.77442933785871e-06,-3.60792627069009e-06,-3.4779717727104e-07,-1.8206134386855e-05,-2.64991579164685e-05,-1.88145223644751e-05,-4.93768540334622e-05,-1.82991067009992e-05,-1.34659897589421e-05,-4.35662749686422e-07,-2.51225928352211e-06,-8.9527530130155e-07,-5.3185611536202e-07,-1.11023294969723e-06,-3.5562591007059e-06,-4.44064172388341e-05,-1.62812606202848e-05,-4.7996794532084e-07,-3.60398925959392e-06,-2.03867580137374e-05,-2.47818536184064e-06,-1.45214584563152e-08,-1.57975867146753e-09,-7.04806041982953e-08,-1.24112177031878e-07,-2.89295734875813e-08,-1.58617104775627e-08,-2.25365376191095e-10,-7.02606466383248e-14,-5.02421715030183e-19,-4.10497077116392e-20,-7.59784217176895e-14,-3.0085071957594e-09,-2.54853527929724e-06,-4.61858620153378e-05,-1.79063168945004e-05,-1.48519092531402e-07,-2.63534280617619e-11,-1.00039325362849e-16,-8.12424971425292e-24,-3.06822899441414e-23,-1.70764813962109e-17,-2.03323612689983e-13,-5.17912096499612e-11,-2.82229950818394e-10,-3.29025042613912e-11,-8.20603975333123e-14,-4.37841665899124e-18,-4.9978530814393e-24,-1.92981241878554e-28,-1.67900072273063e-29,-3.12708885030637e-32,-1.24597224333514e-36,-5.09888736017984e-41,-1.46815682136939e-36,-1.40000967126862e-33,-3.35953266238589e-30,-5.01175278967098e-28,-1.60538105806041e-27,-1.10014141429748e-28,-1.61286384876928e-31,-5.05854607386592e-36,-3.39416163974447e-42,-4.87212183777402e-50,-1.49617560086647e-59,-4.47072364232098e-68,-2.16599498849709e-62,-2.24994433511189e-58,-4.99994132862733e-56,-2.37704197792167e-55,-2.41761756880192e-56,-5.26038086758236e-59,-2.4487601183931e-63,-1.90316808159032e-61,-4.19419430627541e-51,-1.97741926763904e-42,-1.99447127223124e-35,-4.30363684962779e-30,-1.98665410162073e-26,-1.96194897116376e-24,-4.14507091822522e-24,-1.87350575565074e-25,-1.8115774517372e-28,-3.74746503861976e-33,-1.65842975738693e-39,-1.57012917047747e-47,-3.18018577834693e-57,-1.37799743305442e-68,-1.27738888986202e-81,-2.53324193916341e-96,-1.2172144977612e-92,-1.61857631177497e-81,-4.6044530853395e-72,-2.80221683677697e-64,-3.65826367645209e-58,-6.30260658153733e-51,-8.60074155447006e-43,-2.51496073267977e-36,-1.5732774978387e-31,-2.1055146238166e-28,-6.02823260626391e-27,-3.692330347556e-27,-4.83826783735475e-29,-1.35630721348819e-32,-8.13401642799352e-38,-1.04359220705136e-44,-2.86441156212516e-53,-1.68197221507853e-63,-7.82400199267462e-74,-7.45622266814824e-73,-1.56234594557375e-73,-7.00348735572813e-76,-6.71630332314498e-80,-1.37792336009265e-85,-6.04781687719451e-93,-2.0057325384065e-101,-1.40507083203414e-101,-2.93737030219943e-103,-1.31370541361942e-106,-1.25694445959843e-111,-2.57284127869794e-118,-1.12664919418001e-126,-1.05546353707185e-136,-2.11532239305158e-148,-9.06961199372849e-162,-8.31916345676922e-177,-1.6324858123141e-193
0,0,0,0,0,0,0,0,0,0,0,0,0,0,0,0,0,0,0,0,0,0,0,0,0,0,0,0,0,0,0,0,0,0,0,0,0,0,0,0,0,0,0,0,0,0,0,0,-7.48468446000884e-318,-1.84013019375156e-307,-9.67837253166605e-299,-1.08901766920293e-291,-2.62147865766935e-286,-1.35000859962757e-282,-1.48732388435117e-280,-3.50557974250008e-280,-3.26563925856953e-272,-4.36672022396093e-261,-1.24916939534346e-251,-1.59964320888348e-243,-5.89854675805699e-223,-8.91245791975103e-204,-2.88090386857551e-186,-1.99222712872919e-170,-2.9473230541314e-156,-9.32814828384174e-144,-6.31599750389517e-133,-9.14886600097838e-124,-2.83511965158694e-116,-1.87955191744325e-110,-3.93744541636199e-104,-4.75729838459498e-89,-1.23804179076679e-75,-6.89269444009322e-64,-8.20959166139508e-54,-2.09186134455275e-45,-1.14031028565898e-38,-1.32981735730476e-33,-3.31772023284147e-30,-1.77078703619949e-28,-2.02195606684435e-28,-4.93919195340606e-30,-2.58118363380796e-33,-2.88576332559087e-38,-6.90242401031045e-45,-1.35179341350488e-52,-6.60968385958264e-58,-9.35906100917691e-65,-2.83507934244583e-73,-1.8372868443458e-83,-2.54722625008907e-95,-4.65562525818658e-106,-6.07015835404302e-89,-1.95239955976835e-73,-1.3806019990469e-59,-2.09857033081413e-47,-6.82989994238586e-37,-4.75603597875883e-28,-7.08541358125821e-21,-2.25821808898649e-15,-1.53973390858744e-11,-2.24597194645516e-09,-7.008771082548e-09,-5.80567077097719e-10,-2.17665561784458e-07,-8.99696402769182e-06,-7.9612742267736e-06,-1.52607978477787e-07,-2.02750218346484e-08,-3.33117015486045e-06,-4.69672993991708e-05,-4.54706209368098e-05,-3.59614130286027e-06,-1.28258112507871e-07,-1.25121423683095e-06,-3.6195190782011e-05,-4.57610908545545e-05,-9.81842495480008e-06,-2.09508266929588e-05,-4.13662846244645e-05,-3.24527751149821e-05,-7.8605715716336e-06,-1.98871131610387e-05,-3.0820990291353e-05,-8.36560751374296e-06,-2.67498206240411e-05,-6.59249532966644e-05,-4.58860348854865e-06,-1.35613436021845e-06,-2.7397987417758e-05,-1.46718457783495e-05,-4.6980944942423e-07,-1.14279415729173e-05,-1.26059892696896e-05,-5.54165550503021e-06,-2.14437372205506e-05,-3.29159229254569e-05,-3.04939433256587e-05,-6.52015281511354e-07,-1.44355916083237e-07,-9.83147517038204e-08,-4.64890230744382e-06,-9.78060602992392e-06,-4.23236093603861e-06,-4.65442283378059e-05,-1.25448087180821e-05,-1.27124914858462e-07,-8.56697309734575e-06,-4.85138952123255e-05,-5.87754839276851e-06,-1.53236647429235e-08,-2.48006253815983e-11,-1.53869769587202e-09,-2.70333862855271e-09,-4.24677768456693e-10,-2.07906405702915e-10,-2.88891008930867e-12,-8.73946011102609e-16,-5.80404498051521e-21,-2.24471950655143e-20,-4.15474181308398e-14,-1.64514744573709e-09,-1.39362016850648e-06,-2.52558986831766e-05,-9.79174374024181e-06,-8.1214964705969e-08,-1.44108928585378e-11,-5.47046857078992e-17,-4.44259756534867e-24,-1.51706023950575e-25,-8.44332339531962e-20,-1.0053165965602e-15,-2.56077304195963e-13,-1.39546238555538e-12,-1.62683680290513e-13,-4.05740771910998e-16,-2.16487149510311e-20,-2.47112333125861e-26,-5.11786829979618e-33,-3.93018598931891e-34,-7.31985436970546e-37,-3.05857404510352e-41,-1.9501416658866e-36,-5.72892448397786e-32,-3.60046706485629e-29,-4.8408706925902e-28,-1.39255292694014e-28,-9.02988050130165e-31,-3.27670634193111e-33,-4.63877426138835e-36,-1.45479418539128e-40,-9.76131460957613e-47,-1.40117999996853e-54,-4.3028713118795e-64,-1.190534566725e-74,-4.40808309478213e-69,-4.5789309949833e-65,-1.01755345523296e-62,-4.83759132136018e-62,-4.92016795543727e-63,-1.07055625697219e-65,-4.98336157381406e-70,-1.21692198114577e-65,-2.68184789431436e-55,-1.26439962286911e-46,-1.27530300007818e-39,-2.75182754547142e-34,-1.27030455198292e-30,-1.25450762002017e-28,-2.65043746237348e-28,-1.19795533989927e-29,-1.15835720034706e-32,-2.39620067382237e-37,-1.06043164143867e-43,-1.00397056076926e-51,-2.03347148710476e-61,-8.81117860628944e-73,-8.1678683778943e-86,-1.61980324682532e-100,-5.75611283774174e-99,-7.65412168866615e-88,-2.17741010841936e-78,-1.32514766471032e-70,-2.05342074543078e-64,-2.09638947053502e-55,-2.86535555170402e-47,-8.37864584359258e-41,-5.24140786645158e-36,-7.01456731400636e-33,-2.00831867529265e-31,-1.2301078071608e-31,-1.6118793497999e-33,-4.51856669142475e-37,-2.70986509055772e-42,-3.47674991279077e-49,-9.54284880772946e-58,-5.6035266578056e-68,-7.17947836185065e-80,-1.37389290201091e-80,-2.87879815376027e-81,-1.29047132785623e-83,-1.23755443930591e-87,-2.53897879422675e-93,-1.1143782917477e-100,-1.14181589251227e-109,-9.32699502744116e-111,-1.94985459606708e-112,-8.72050260978703e-116,-8.34371794973862e-121,-1.70787673194079e-127,-7.47880547366553e-136,-7.00626825020975e-146,-1.40417130491416e-157,-6.0204954810345e-171,-5.52234054026786e-186,-1.08365974891613e-202
0,0,0,0,0,0,0,0,0,0,0,0,0,0,0,0,0,0,0,0,0,0,0,0,0,0,0,0,0,0,0,0,0,0,0,0,0,0,0,0,0,0,0,0,0,0,0,-5.75819882415264e-315,-6.61733044807474e-303,-1.62688852902044e-292,-8.55680391790889e-284,-9.62817935352145e-277,-2.31769120017492e-271,-1.19356419033349e-267,-1.31496682930671e-265,-3.09929448333499e-265,-9.80709184051128e-259,-1.31137649409973e-247,-3.75139990241113e-238,-2.29587893494417e-230,-4.04880631862367e-214,-6.11757733173674e-195,-1.97747381923129e-177,-1.36747950252588e-161,-2.02306444166202e-147,-6.40291028604339e-135,-4.33534761174052e-124,-6.27984959509794e-115,-1.94604719253392e-107,-1.290138400325e-101,-1.83591208403394e-97,-7.46366805069352e-85,-1.94234883151414e-71,-1.08138651631521e-59,-1.287992932843e-49,-3.28189603015352e-41,-1.78901905204792e-34,-2.0863344108024e-29,-5.20513125292752e-26,-2.77816642077346e-24,-3.17222248319719e-24,-7.74903867613436e-26,-4.04958786726194e-29,-4.52743938470025e-34,-1.08454756102423e-40,-5.26920757712708e-47,-3.45087897844429e-52,-4.88634113307232e-59,-1.48018746690854e-67,-9.59242628381091e-78,-1.32990012459746e-89,-3.9445054783002e-103,-5.84729087211939e-91,-1.94159602585031e-75,-1.38062611448176e-61,-2.10061527248085e-49,-6.83767582304856e-39,-4.76158439251759e-30,-7.09371355092108e-23,-2.26086526335278e-17,-1.54153906404879e-13,-2.2486051365526e-11,-7.01700242609074e-11,-1.86297609871073e-11,-2.69611951150467e-08,-1.12849061960124e-06,-1.2252321233578e-06,-1.01517834920397e-07,-8.71991896067169e-08,-1.13221971848657e-05,-6.69767863112006e-05,-6.61908537144313e-05,-1.81774194421883e-05,-8.68550964093436e-07,-1.38370548452598e-06,-3.83744495626878e-05,-2.74232869516668e-05,-2.15318713410574e-06,-2.33634920143468e-05,-4.14556972067544e-05,-3.88964059003815e-05,-1.20510890708239e-05,-3.53100320878951e-05,-6.75312448822865e-05,-2.16540731524472e-05,-8.77569065669967e-06,-1.92217893513314e-05,-1.21609115720575e-06,-1.73422391066108e-06,-4.26052523688016e-05,-2.59022814140661e-05,-1.93989552149371e-06,-2.5983453461702e-05,-2.3579853023121e-05,-1.23512325511772e-06,-3.9866341667732e-06,-2.71188973333581e-05,-2.64222648390977e-05,-5.57669361649993e-07,-3.44624722043379e-09,-1.61248575952034e-07,-1.57380196226852e-05,-3.30935287677938e-05,-3.06361413920101e-06,-1.92863827182551e-05,-5.06080533284131e-06,-5.84968306917633e-08,-7.79675651082826e-06,-4.41527701586101e-05,-5.34910417411167e-06,-1.38642087797448e-08,-9.41229424232511e-13,-1.28489843792432e-11,-2.25413839048837e-11,-2.51523398316855e-12,-1.06297691525685e-12,-1.45458678074924e-14,-4.31051137823296e-18,-2.77705783738567e-23,-4.69445886456953e-21,-8.68895435514854e-15,-3.4405533981637e-10,-2.91452575811901e-07,-5.28185289794189e-06,-2.04778102331996e-06,-1.69847647105985e-08,-3.01379955477491e-12,-1.14405789460083e-17,-9.29095697158253e-25,-2.86873204313372e-28,-1.59660748373162e-22,-1.90102395281622e-18,-4.84234608992631e-16,-2.63877810161665e-15,-3.07630028214741e-16,-7.67243800287507e-19,-4.09370797323111e-23,-4.67282092951255e-29,-1.18150510644945e-36,-3.51839907748379e-39,-6.55324291922533e-42,-2.12149013992501e-38,-2.91319221051784e-32,-8.55807476631822e-28,-5.37850802696629e-25,-7.23146642953419e-24,-2.08003065850085e-24,-1.27994676387986e-26,-1.68497279965218e-30,-4.74544934582759e-36,-2.87511365776514e-43,-1.44215439322212e-51,-1.54214673412541e-59,-4.7326501270339e-69,-3.17984917453547e-80,-3.43092954574041e-76,-3.56390505823059e-72,-7.91989202304627e-70,-3.7652273420886e-69,-3.82949895569672e-70,-8.33242698774637e-73,-3.8786814265342e-77,-2.97589794847215e-70,-6.55827223994838e-60,-3.09200121470114e-51,-3.11866466426645e-44,-6.72940260290356e-39,-3.10644130758196e-35,-3.06781101069324e-33,-6.48146021631381e-33,-2.92951634841619e-34,-2.83268185607624e-37,-5.85974185702002e-42,-2.59321172209441e-48,-2.45514008172408e-56,-4.97271289429903e-66,-2.15471235998759e-77,-1.99739532416669e-90,-3.96111602387815e-105,-1.0410250582989e-105,-1.38429052761532e-94,-3.93796742614967e-85,-2.39674133623033e-77,-4.49261241157766e-70,-2.67100365724309e-60,-3.65082357949005e-52,-1.06754492631139e-45,-6.67821325666608e-41,-8.93744154619428e-38,-2.55885074061774e-36,-1.56731215624153e-36,-2.05373714777659e-38,-5.75722262961978e-42,-3.45270916376727e-47,-4.42981694027769e-54,-1.21587903551728e-62,-7.13959816975146e-73,-8.96893267143959e-85,-9.68181083017538e-89,-2.02868644966679e-89,-9.09393975081568e-92,-8.72103491683016e-96,-1.78921605500939e-101,-7.85301372141853e-109,-7.39798663425166e-118,-2.36785430618384e-120,-4.95011690293031e-122,-2.21388340739997e-125,-2.11822867918433e-130,-4.33580508821215e-137,-1.89865241560022e-145,-1.77868888079048e-155,-3.56478484348797e-167,-1.52842968418242e-180,-1.40196255183627e-195,-2.75109869779767e-212
0,0,0,0,0,0,0,0,0,0,0,0,0,0,0,0,0,0,0,0,0,0,0,0,0,0,0,0,0,0,0,0,0,0,0,0,0,0,0,0,0,0,0,0,0,0,-3.62450118866094e-314,-1.94699844223632e-300,-2.23749343682548e-288,-5.50093793062636e-278,-2.89328041825328e-269,-3.25554062640934e-262,-7.8367234184125e-257,-4.03575439258604e-253,-4.44624863954517e-251,-1.04795245276285e-250,-1.12637283674097e-245,-1.50615311482082e-234,-4.30858923686412e-225,-2.6368162648763e-217,-1.06286985637516e-205,-1.60594676783013e-186,-5.19113615775384e-169,-3.58981859659151e-153,-5.31081770612813e-139,-1.68085052643846e-126,-1.13808736807886e-115,-1.64854543111176e-106,-5.10863701335131e-99,-3.38678774570943e-93,-4.80341108093521e-89,-4.47832239343526e-81,-1.16543714177228e-67,-6.48847411071397e-56,-7.72814222615893e-46,-1.96918466287765e-37,-1.07343707616597e-30,-1.25183055332615e-25,-3.12315336541922e-22,-1.66693967646894e-20,-1.90337896257346e-20,-4.64953428533071e-22,-2.4298107697593e-25,-2.71653078690861e-30,-6.83382455881369e-37,-1.04139192255373e-41,-6.89050198405866e-47,-9.75674580950395e-54,-2.95554740690005e-62,-1.91535675465546e-72,-2.65546287383403e-84,-7.87607056912391e-98,-2.23575122952167e-93,-7.43246657547099e-78,-5.28611692912877e-64,-8.0430733608359e-52,-2.61810197027886e-41,-1.82318177761122e-32,-2.71614035013067e-25,-8.65671767574291e-20,-5.90246077331419e-16,-8.6097744354181e-14,-2.686835448292e-13,-6.86511232897475e-13,-1.57349201277312e-09,-2.77129488761899e-07,-3.66013361345802e-06,-1.24566259849343e-06,-1.53404335183377e-07,-1.8049198734272e-05,-7.02201869585667e-05,-6.53877691616624e-05,-4.36635582086841e-05,-2.49916933003907e-06,-5.93265272876091e-07,-1.6120783331398e-05,-9.85213401547853e-06,-3.67510604163286e-07,-1.0235529786282e-05,-2.18198946624132e-05,-5.80562777528265e-05,-1.70827479693116e-05,-2.49182271411246e-05,-6.00831178716072e-05,-2.61619447344687e-05,-3.2332025599937e-06,-4.03834705213614e-06,-3.18871859675763e-07,-1.76735511385439e-06,-2.67681439001514e-05,-3.34676912270183e-05,-7.33807280587101e-06,-3.36741640609019e-05,-3.0332052958269e-05,-6.33878870874859e-07,-4.06941894323084e-07,-8.90365720426656e-06,-8.76503567326763e-06,-1.85106798220582e-07,-1.5534098731523e-10,-2.07346388632317e-07,-2.03776975286403e-05,-4.2846627988911e-05,-2.17753039932584e-06,-3.06507394682071e-06,-8.02314162457871e-07,-1.47546563584915e-08,-2.71378426670656e-06,-1.53680756390171e-05,-1.8618408527635e-06,-4.82552408514548e-09,-2.68083667779343e-13,-4.10369048501718e-14,-7.19254551336081e-14,-6.0255403522067e-15,-2.10587609544267e-15,-2.85222791753449e-17,-8.3356494785891e-21,-5.267915686236e-26,-3.7547300179539e-22,-6.94961415359553e-16,-2.75182923223804e-11,-2.33110091637677e-08,-4.22454050929574e-07,-1.63785967809765e-07,-1.35847832090779e-09,-2.4105022521557e-13,-9.15042318312961e-19,-7.43110890335601e-26,-2.07592738912052e-31,-1.15465595421183e-25,-1.37480792779969e-21,-3.50195261018058e-19,-1.90834684036068e-18,-2.22475998259953e-19,-5.54865633138292e-22,-2.96054248414778e-26,-3.37935313661164e-32,-8.25367717368589e-40,-1.20465368599439e-44,-1.8882936554065e-42,-1.21203090296457e-34,-1.66433911825937e-28,-4.88932332001531e-24,-3.0728014700962e-21,-4.13141721909031e-20,-1.18834465491933e-20,-7.31247825200019e-23,-9.62643685385306e-27,-2.71109885673596e-32,-1.63344288158241e-39,-2.10543306350201e-48,-5.80577825576617e-59,-3.4274671263179e-71,-5.64994661976292e-85,-1.02127694817857e-83,-1.06085946474381e-79,-2.35749613839855e-77,-1.12078660836998e-76,-1.13991819254093e-77,-2.48029447186283e-80,-1.15724935054379e-84,-2.78319114740233e-75,-6.13358574673304e-65,-2.89177604794304e-56,-2.91671288316868e-49,-6.29363441757984e-44,-2.90528106033571e-40,-2.86915230115655e-38,-6.06174775097665e-38,-2.73981302728116e-39,-2.64924913479884e-42,-5.48028929247925e-47,-2.42528609288485e-53,-2.29615539894306e-61,-4.65070064418501e-71,-2.01518212968128e-82,-1.86805229222933e-95,-3.70461058893241e-110,-7.20050191385088e-113,-9.57478065869746e-102,-2.72379058160821e-92,-1.66448854664077e-84,-2.0392879086913e-75,-1.30153656235486e-65,-1.77898741648209e-57,-5.2019741548431e-51,-3.25418555280302e-46,-4.355071040838e-43,-1.24688667340562e-41,-7.63725921822391e-42,-1.00075297069592e-43,-2.80540168238541e-47,-1.68244945870015e-52,-2.15857831048218e-59,-5.92478233214109e-68,-3.47901097552299e-78,-4.3703680165814e-90,-2.60933718458177e-97,-5.46749435660016e-98,-2.45089941203152e-100,-2.35039817017132e-104,-4.82209987901715e-110,-2.11645856910065e-117,-1.98752939381187e-126,-2.29899475546086e-130,-4.80616179134199e-132,-2.14950112326297e-135,-2.05662814492198e-140,-4.20971487306404e-147,-1.84343741245689e-155,-1.72696255566793e-165,-3.46111678675402e-177,-1.48398118527704e-190,-1.36119186307271e-205,-2.67109357311127e-222
0,0,0,0,0,0,0,0,0,0,0,0,0,0,0,0,0,0,0,0,0,0,0,0,0,0,0,0,0,0,0,0,0,0,0,0,0,0,0,0,0,0,0,0,0,-1.86663045409067e-315,-4.687020966923e-300,-2.51775956085737e-286,-2.8934129430799e-274,-7.11353371839692e-264,-3.74144338139783e-255,-4.20989989518743e-248,-1.01340529527274e-242,-5.2188327359598e-239,-5.74966306049252e-237,-1.35515889802455e-236,-4.94765483781255e-233,-6.61577239884313e-222,-1.89254634676298e-212,-1.15822064067556e-204,-1.21872795388481e-197,-1.61232476798313e-178,-5.21175269864555e-161,-3.60407552217415e-145,-5.33190956098955e-131,-1.68752600605566e-118,-1.14260726970524e-107,-1.65509261139355e-98,-5.12892590978655e-91,-3.40023833647195e-85,-4.82248740629591e-81,-1.17397278464941e-77,-2.67436193892473e-64,-1.48892871021795e-52,-1.77339889792816e-42,-4.51874436154102e-34,-2.46324675731819e-27,-2.87261137113518e-22,-7.16678934498332e-19,-3.82517414748984e-17,-4.36773813911178e-17,-1.06694192940378e-18,-5.5757562647461e-22,-6.23387323149374e-27,-4.06058681327988e-33,-7.95006381015688e-37,-5.26189005215566e-42,-7.45067980507241e-49,-2.25698586470052e-57,-1.46265057735965e-67,-2.02782812973608e-79,-6.01451362116532e-93,-4.90413281560504e-95,-1.08837260031139e-80,-7.74077429714801e-67,-1.17779633365436e-54,-3.83384734492592e-44,-2.66979703099087e-35,-3.97741112594281e-28,-1.26765633565479e-22,-8.6433358194801e-19,-1.26078214922261e-16,-3.93601034634066e-16,-6.06583533080728e-14,-1.73579488496474e-09,-1.29003063762876e-06,-2.07572956554265e-05,-7.15003788420354e-06,-1.44804682316095e-07,-1.14225770227062e-05,-3.78618921719296e-05,-3.55369944070666e-05,-4.54906453948808e-05,-5.64768288122957e-06,-1.7103148203104e-07,-2.62454625287689e-06,-1.54660331820313e-06,-5.31633559563649e-08,-1.82961462728187e-06,-1.25782634606511e-05,-6.17948596220002e-05,-1.22367532004745e-05,-6.95290684263192e-06,-2.80218463487237e-05,-3.27160259231337e-05,-1.26165429681267e-05,-1.28080152507967e-05,-2.55544615081825e-06,-1.01637617223241e-05,-1.07460378424964e-05,-4.88074880743559e-05,-1.50565951648427e-05,-1.87107730839534e-05,-1.78025767473762e-05,-3.77303674240178e-07,-3.14869546276187e-08,-1.28259354533397e-06,-1.41099528918513e-06,-3.57924108109644e-08,-4.38837805344961e-11,-1.02671972787134e-07,-1.0090904034163e-05,-2.12171831914204e-05,-9.69587849218538e-07,-1.87033085649315e-07,-4.87403278452938e-08,-1.63781139300575e-09,-3.61248877673463e-07,-2.0457413543557e-06,-2.47841363863477e-07,-6.42355822443208e-10,-3.56175420937345e-14,-5.01665457475312e-17,-8.78026643401697e-17,-5.84351297422922e-18,-1.60922099778436e-18,-2.16447209791066e-20,-6.26860524366042e-24,-3.924160440244e-29,-1.14852801774834e-23,-2.1258057250264e-17,-8.41752391844676e-13,-7.13056518552792e-10,-1.29223755474548e-08,-5.01002128109302e-09,-4.15542637056467e-11,-7.37344458925177e-15,-2.79900747857309e-20,-2.27308934005699e-27,-6.13299243583413e-35,-3.19357220950141e-29,-3.80247326106792e-25,-9.68577565816801e-23,-5.27814663167423e-22,-6.15328888862881e-23,-1.53465927191052e-25,-8.18833191647682e-30,-9.34668740398114e-36,-2.28243884987901e-43,-1.39099859122539e-48,-4.12578656045976e-39,-2.64823228656354e-31,-3.6365051237427e-25,-1.06829486309649e-20,-6.7139311740358e-18,-9.02695834082988e-17,-2.5964789140491e-17,-1.59774317259716e-19,-2.10333258203122e-23,-5.92362748376132e-29,-3.5689988727272e-36,-4.60029805680447e-45,-1.26871420206959e-55,-7.51478532263189e-68,-1.05790652549513e-81,-1.16265050612517e-91,-1.20770061360941e-87,-2.68381404657903e-85,-1.27592270195799e-84,-1.29770242557792e-85,-2.8236097745865e-88,-2.28073002590855e-92,-9.95491914197035e-81,-2.1938611803957e-70,-1.03433056550311e-61,-1.04324997366377e-54,-2.25110739499891e-49,-1.03916103884325e-45,-1.02623850290231e-43,-2.16816616337383e-43,-9.79976426561917e-45,-9.47583530095391e-48,-1.96019008008689e-52,-8.67476420846901e-59,-8.21288949384996e-67,-1.66346278118851e-76,-7.20790419876283e-88,-6.6816501408723e-101,-1.32506525467103e-115,-1.90473279329572e-120,-2.53279548113143e-109,-7.20519176118481e-100,-5.65618376010353e-92,-3.79644345859425e-81,-2.4255381072508e-71,-3.31531354204669e-63,-9.69437737509831e-57,-6.06448664649632e-52,-8.11609225815525e-49,-2.32369281279899e-47,-1.42327644792276e-47,-1.86499906927538e-49,-5.2281348942227e-53,-3.13540580588704e-58,-4.02271755157292e-65,-1.10413996846973e-73,-6.48347036815383e-84,-8.14459958883695e-96,-2.69169858548679e-106,-5.63548710807751e-107,-2.52620508387449e-109,-2.42261586806391e-113,-4.97026241449331e-119,-2.18148830214125e-126,-2.0483639267599e-135,-8.53675134433171e-141,-1.78464163094929e-142,-7.98160643958728e-146,-7.63674708875067e-151,-1.56316677279371e-157,-6.84511943864749e-166,-6.41262072676746e-176,-1.28519458465711e-187,-5.51037338685054e-201,-5.05442757030174e-216,-9.91840266243807e-233
0,0,0,0,0,0,0,0,0,0,0,0,0,0,0,0,0,0,0,0,0,0,0,0,0,0,0,0,0,0,0,0,0,0,0,0,0,0,0,0,0,0,0,0,-7.86532745553431e-319,-9.23159406349596e-302,-2.31800969577471e-286,-1.24518134543962e-272,-1.43096421016063e-260,-3.5180640852331e-250,-1.85036552972087e-241,-2.08204504399582e-234,-5.01188989076321e-229,-2.58102213921247e-225,-2.84354920016706e-223,-6.70206403029169e-223,-8.31478599096701e-221,-1.11137772869443e-209,-3.17927179701978e-200,-1.94568456615309e-192,-2.5478031216774e-186,-6.19075486350139e-171,-2.00112806097327e-153,-1.38383708481869e-137,-2.04726403151109e-123,-6.47950092723652e-111,-4.38720638197863e-100,-6.35496820298076e-91,-1.96932551373631e-83,-1.30557084008983e-77,-1.85166400449508e-73,-5.61917354140386e-71,-2.3470439048076e-61,-1.3066971219256e-49,-1.55635069701189e-39,-3.96569037283109e-31,-2.16176733398407e-24,-2.52102937186536e-19,-6.28963827903207e-16,-3.35700696419339e-14,-3.83316596458574e-14,-9.36357757659154e-16,-4.89333352535176e-19,-5.47593618340163e-24,-7.63549980861751e-29,-2.32181270650732e-32,-1.53674702343623e-37,-2.17598807677354e-44,-6.59157883511684e-53,-4.27170446199247e-63,-5.92231842931665e-75,-1.75683464917974e-88,-1.01986198843648e-87,-4.77487552111327e-80,-4.33561049100068e-70,-6.59611431695871e-58,-2.1471025869625e-47,-1.49518945421664e-38,-2.2275038524873e-31,-7.09936509451775e-26,-4.84060189591595e-22,-7.06086710001508e-20,-2.86288225143613e-19,-1.07027153256225e-13,-3.76264590408855e-09,-2.83185870148194e-06,-4.55979270604844e-05,-1.5707187961081e-05,-1.38281570228579e-07,-2.79303542588732e-06,-8.78483639610961e-06,-1.01812924817756e-05,-3.37047603231081e-05,-1.75390114446996e-05,-5.0742198375918e-07,-6.99855225315878e-07,-1.72376204720988e-07,-3.00499556410958e-07,-1.28284840659431e-06,-1.86208930635582e-05,-5.933864536508e-05,-7.20179476018731e-06,-2.80715873444254e-06,-1.85192427412454e-05,-4.93044383509308e-05,-3.08880983525853e-05,-3.64061125716747e-05,-1.52235411082225e-05,-5.05666306357595e-05,-1.31660174307054e-05,-4.02922316063459e-05,-1.29978833478093e-05,-1.42872167415001e-05,-1.90537267484146e-05,-5.80922801379441e-07,-2.55695342610949e-08,-2.17700991933227e-06,-4.1309548344779e-06,-1.68689086918367e-07,-1.52054547816833e-10,-1.94444878761809e-08,-1.91106185615124e-06,-4.01820340480487e-06,-1.81098905846362e-07,-4.49865357235341e-09,-1.1325673645637e-09,-7.5822342017289e-11,-1.83910879912097e-08,-1.04148174398493e-07,-1.26175410844635e-08,-3.27021722647965e-11,-1.81324861312506e-15,-2.55660072852506e-20,-4.10012522325842e-20,-2.287602630556e-21,-4.72928894305781e-22,-6.32969105399902e-24,-1.8226019953303e-27,-1.28299799558353e-32,-1.34361293300605e-25,-2.48688758225044e-19,-9.84729482080082e-15,-8.34173781994891e-12,-1.51173246472195e-10,-5.86100581256358e-11,-4.86125242690507e-13,-8.62587186192387e-17,-3.27443700952641e-22,-2.65918827227892e-29,-5.22694246932182e-38,-3.37808508019857e-33,-4.02216619773032e-29,-1.02453841950597e-26,-5.58309855481323e-26,-6.50880331654496e-27,-1.62332624708012e-29,-8.661423654824e-34,-9.8867046671846e-40,-2.41430787552548e-47,-1.14907488161669e-45,-3.44761563774758e-36,-2.21293246990633e-28,-3.03875921539857e-22,-8.92695252593598e-18,-5.61033726955275e-15,-7.54316353526557e-14,-2.16968599224435e-14,-1.33511616932179e-16,-1.75759997177457e-20,-4.94993954441643e-26,-2.98236300413948e-33,-3.84463786446687e-42,-1.06417501756517e-52,-6.95480080770353e-65,-3.32015023144673e-78,-1.97475636600375e-92,-5.2581191204066e-96,-1.16848611277495e-93,-5.55514626698022e-93,-5.64997140817133e-94,-1.22935074929912e-96,-1.32765578048393e-98,-1.36176491753742e-86,-3.00105219018261e-76,-1.41489353871336e-67,-1.42709467962186e-60,-3.07936110017648e-55,-1.42150129618071e-51,-1.40382414999898e-49,-2.96590316261454e-49,-1.34054079061216e-50,-1.29622952162398e-53,-2.68140609150027e-58,-1.18664846982014e-64,-1.12346716480943e-72,-2.2755034217218e-82,-9.85992043417356e-94,-9.14004084145475e-107,-1.81259872785034e-121,-1.92697042920859e-128,-2.5623657095035e-117,-7.28995172008217e-108,-9.50371766530728e-99,-2.70577656786697e-87,-1.72873942192e-77,-2.36290380241756e-69,-6.90941621996625e-63,-4.32230568088912e-58,-5.78453440808742e-55,-1.65615182798775e-53,-1.01440340047352e-53,-1.32922975049157e-55,-3.72621764561203e-59,-2.23467922623059e-64,-2.86708767605604e-71,-7.86947145966726e-80,-4.62092546948531e-90,-5.80485226917201e-102,-2.62022273212325e-115,-2.22148957699619e-116,-9.95821329293438e-119,-9.54986817777584e-123,-1.95926029764251e-128,-8.59935163120128e-136,-8.07454673978833e-145,-1.21246992748725e-151,-2.53438946736341e-153,-1.13347682483282e-156,-1.08450296412473e-161,-2.21987055327925e-168,-9.72083039378936e-177,-9.10663415347475e-187,-1.82511915130821e-198,-7.82534265181625e-212,-7.17784891687753e-227,-1.40852341471939e-243
0,0,0,0,0,0,0,0,0,0,0,0,0,0,0,0,0,0,0,0,0,0,0,0,0,0,0,0,0,0,0,0,0,0,0,0,0,0,0,0,0,0,0,-4.94065645841247e-324,-1.48766454506892e-305,-1.74608247413289e-288,-4.38433067661296e-273,-2.35516131822414e-259,-2.70655480655601e-247,-6.65413795261229e-237,-3.49981899113284e-228,-3.93802233576487e-221,-9.47959045897587e-216,-4.8817977606364e-212,-5.37834678236064e-210,-1.26764201968743e-209,-5.40372262255705e-209,-7.14023532607549e-198,-2.04257726335252e-188,-1.25003815660102e-180,-1.63661624005271e-174,-9.09085248467412e-164,-2.93856746605253e-146,-2.03210314975414e-130,-3.00631608478473e-116,-9.51485864016867e-104,-6.44241725073353e-93,-9.33198787887418e-84,-2.89186684130457e-76,-1.91717265383252e-70,-2.71908615334869e-66,-8.25018184352418e-64,-7.87809962480548e-59,-4.38576812596794e-47,-5.22369963570753e-37,-1.33103518350071e-28,-7.255706092912e-22,-8.4615249228243e-17,-2.11103970653867e-13,-1.12673808606207e-11,-1.28655499632953e-11,-3.14276961292224e-13,-1.64238802646937e-16,-1.89415084023728e-21,-8.3866465552885e-25,-2.59332756178024e-28,-1.71645607539721e-33,-2.43045074916464e-40,-7.36240602096577e-49,-4.77124273826603e-59,-6.61488149546435e-71,-6.62963703330172e-84,-8.69150452218366e-81,-4.0687415491345e-73,-4.0747805150888e-67,-1.50008683867709e-61,-4.59875716286323e-51,-3.20246142336091e-42,-4.7709640660696e-35,-1.5205727128183e-29,-1.03678104430016e-25,-1.51239815649832e-23,-5.46859618317036e-20,-8.98505473125455e-14,-3.1610880005326e-09,-2.37920684095539e-06,-3.83095167871043e-05,-1.31965367793042e-05,-9.98247042818862e-08,-4.65019267341438e-07,-4.59802656746601e-06,-7.94319722903011e-06,-3.60418747868565e-05,-3.11741717037489e-05,-2.60248362510542e-06,-6.3260604058465e-06,-1.06595398820358e-06,-4.31914054805388e-06,-6.35486071476339e-06,-4.48603212055086e-05,-4.35327731261966e-05,-5.11172563967969e-06,-1.51365417198493e-05,-1.43114320992268e-05,-3.62833870718097e-05,-2.96321649483983e-05,-5.05563561519117e-05,-4.07356134976251e-05,-0.000100018259754652,-2.10395993469478e-05,-1.34852017967529e-05,-4.63297981266823e-06,-2.51441446606083e-05,-3.72887260146638e-05,-1.63811515532708e-06,-1.32358363422463e-07,-1.09915799475601e-05,-2.11134493716348e-05,-8.67654203634532e-07,-7.63119099319185e-10,-1.40836505693596e-09,-1.38416898796598e-07,-2.91035675933561e-07,-1.30944203833209e-08,-5.10309715987491e-11,-1.00652279694853e-11,-1.4091228811711e-12,-3.58078340245812e-10,-2.02778684352371e-09,-2.45666176641742e-10,-6.36718166746473e-13,-3.53043260072773e-17,-4.606140227816e-23,-7.32344320068881e-24,-3.59100722831677e-25,-5.33587044495438e-26,-7.11301852713174e-28,-2.04073582569809e-31,-8.20424384040796e-36,-6.01141151791612e-28,-1.11264965441023e-21,-4.40574365220194e-17,-3.73214767277415e-14,-6.76358922067358e-13,-2.62225206253352e-13,-2.17495590528552e-15,-3.8592710883503e-19,-1.46500438260289e-24,-1.1897381020679e-31,-2.0694656337251e-40,-1.36657706794916e-37,-1.62713488819979e-33,-4.14468752589074e-31,-2.25859748110872e-30,-2.63308387474315e-31,-6.56703537771506e-34,-3.50390906725726e-38,-3.99958661638139e-44,-9.7930718528555e-52,-3.67223206497873e-43,-1.10179457365496e-33,-7.07212532775432e-26,-9.7113157786856e-20,-2.85288990589962e-15,-1.79296064569636e-12,-2.41065638535944e-11,-6.93391753726192e-12,-4.26678583952467e-14,-5.61696722428776e-18,-1.58191650130233e-23,-9.5322597405688e-31,-1.23300835154197e-39,-3.7424512250128e-50,-7.98239351642159e-62,-2.18409181240403e-74,-1.66694237446477e-88,-3.62687288959555e-104,-1.9456485335745e-102,-9.24988501786608e-102,-9.40777854769701e-103,-2.04699435998048e-105,-6.91591478889129e-105,-7.12420238146079e-93,-1.57002892972537e-82,-7.40214980442011e-74,-7.46598123082641e-67,-1.61099697904746e-61,-7.43671891460826e-58,-7.3442392470067e-56,-1.55164038243044e-55,-7.01316634753319e-57,-6.78134773920688e-60,-1.40280304013672e-64,-6.20806406875099e-71,-5.87752507642965e-79,-1.19045120690644e-88,-5.15831093410636e-100,-4.78169909437068e-113,-9.48278223890264e-128,-7.45565436574982e-137,-9.91406629332442e-126,-2.83799956558544e-116,-2.47130201805703e-105,-7.37535579139169e-94,-4.71216697701144e-84,-6.44076089573451e-76,-1.88335630745446e-69,-1.17816634686521e-64,-1.57673803637381e-61,-4.51430901257565e-60,-2.76504263423057e-60,-3.62319066466185e-62,-1.01568573702827e-65,-6.09124864079962e-71,-7.81505627511824e-78,-2.14504644648106e-86,-1.25956359440084e-96,-1.58227624258534e-108,-4.25389272863674e-122,-3.34908986791499e-126,-1.50128776596627e-128,-1.4397261677512e-132,-2.95375629007779e-138,-1.29642748346479e-145,-1.21730837492413e-154,-6.60868173535954e-163,-1.37646569609348e-164,-6.15608605855807e-168,-5.89010152801089e-173,-1.20564566168889e-179,-5.27953171637513e-188,-4.94595234100677e-198,-9.91250135549234e-210,-4.25006332259049e-223,-3.89839956843785e-238,-7.64990617058757e-255
0,0,0,0,0,0,0,0,0,0,0,0,0,0,0,0,0,0,0,0,0,0,0,0,0,0,0,0,0,0,0,0,0,0,0,0,0,0,0,0,0,0,0,-1.9614707535465e-311,-1.07612511918337e-292,-1.26305571831249e-275,-3.17147329184407e-260,-1.70364230475937e-246,-1.95782821028814e-234,-4.81337343223795e-224,-2.53164810671654e-215,-2.84862926220066e-208,-6.85720812953996e-203,-3.53132378828742e-199,-3.89051019019136e-197,-9.16968428157235e-197,-1.77439727181578e-197,-1.75441795503077e-186,-5.01879008423787e-177,-3.0714525309907e-169,-4.02130850786142e-163,-5.21809407133689e-157,-1.65031235991734e-139,-1.14123802955295e-123,-1.68836028093765e-109,-5.34358628758313e-97,-3.6180897459239e-86,-5.24088526706298e-77,-1.62408508450929e-69,-1.07669255964561e-63,-1.52705069337048e-59,-4.63333824227945e-57,-4.01874262728355e-56,-5.62971100620844e-45,-6.70530645661019e-35,-1.70855895865341e-26,-9.31365436471581e-20,-1.08614816422365e-14,-2.70979749250221e-11,-1.44631672766071e-09,-1.6514627802811e-09,-4.03415870994962e-11,-2.10825686531344e-14,-4.83294764720749e-19,-3.58069814697645e-21,-1.1077898656756e-24,-7.33217310920171e-30,-1.03821390373434e-36,-3.14499370066695e-45,-2.03812833922347e-55,-2.82567440833107e-67,-2.95268157633081e-76,-2.83282254460168e-74,-1.32612144595986e-66,-1.32808941832673e-60,-2.84544465650915e-56,-1.34189296349587e-53,-2.62326099943015e-46,-3.908080756691e-39,-1.24555978117236e-33,-8.49267364486082e-30,-1.46718370608451e-27,-1.755549602478e-20,-2.88702804951534e-14,-1.0157056315218e-09,-7.64475424717892e-07,-1.23094317884917e-05,-4.24024854974876e-06,-3.51933096671387e-08,-1.63416749996786e-06,-2.34532379880589e-05,-2.95024309955166e-05,-2.53805569429036e-05,-2.21338667472156e-05,-9.35642768111643e-06,-2.8425266591911e-05,-6.37476368058347e-06,-2.4512164705611e-05,-1.51420583945381e-05,-8.38075319789663e-05,-3.95007589722684e-05,-6.64760522952432e-06,-4.38378926874265e-05,-1.08195610342921e-05,-1.05326567313795e-05,-1.17237342419067e-05,-4.04970966410891e-05,-5.03622947842699e-05,-8.72366433834898e-05,-1.68125668886146e-05,-1.8010933361829e-06,-8.5879603281561e-07,-2.16573094658097e-05,-3.73293359542653e-05,-6.04210297724827e-06,-3.38221053548959e-07,-2.17656741914478e-05,-4.18109414874077e-05,-1.71825405729331e-06,-1.51065772667941e-09,-3.90401143363718e-11,-3.83418609033024e-09,-8.06176797556558e-09,-3.62642740374829e-10,-4.79588172651985e-13,-3.42157792043592e-14,-1.02645119209196e-14,-2.66635756442588e-12,-1.50995026424458e-11,-1.82930325995982e-12,-4.74119243449422e-15,-2.62886488671675e-19,-3.12122908220557e-25,-5.00318981301272e-28,-2.24007477304526e-29,-2.30909668569362e-30,-3.06609028543473e-32,-8.77680273215833e-36,-1.19428398268163e-38,-1.02860455887394e-30,-1.90383989441572e-24,-7.53860884815259e-20,-6.38602780589053e-17,-1.15730867634017e-15,-4.48690031950036e-16,-3.7215378665376e-18,-6.60354697657374e-22,-2.50674934202148e-27,-2.03574490284989e-34,-3.5368714530575e-43,-2.11430373046788e-42,-2.51742652848465e-38,-6.4124654972525e-36,-3.49439573654671e-35,-4.07378346200747e-36,-1.01602081015225e-38,-5.42108322013215e-43,-6.18797219829157e-49,-3.20044531726822e-52,-4.48829721088433e-41,-1.34664188548002e-31,-8.64373487893069e-24,-1.18694218535846e-17,-3.48687598742112e-13,-2.19140297316685e-10,-2.94636671681542e-09,-8.47481377695366e-10,-5.21497697954911e-12,-6.86523059208759e-16,-1.93368206665489e-21,-1.16889346529713e-28,-1.64835857743134e-37,-1.57159594876504e-47,-1.97651509834081e-58,-7.04575466349498e-71,-5.43576417195593e-85,-8.97531062639684e-101,-1.23901065209027e-111,-5.89042827485641e-111,-5.99097660715834e-112,-1.30354846934997e-114,-1.38371764170227e-111,-1.4254108396844e-99,-3.14131482405982e-89,-1.48102257673709e-80,-1.49379397236023e-73,-3.22328372170997e-68,-1.48793916637653e-64,-1.46943582893728e-62,-3.10452300760564e-62,-1.40319474335788e-63,-1.35681246230299e-66,-2.80672916389427e-71,-1.24210983114129e-77,-1.17597556973698e-85,-2.38185548863073e-95,-1.03207516101331e-106,-9.56722641535524e-120,-1.89731563899314e-134,-1.10323824070918e-145,-1.46700987968995e-134,-6.0174622002547e-125,-2.57447813866188e-112,-7.68853883451317e-101,-4.91226185290828e-91,-6.71425783639934e-83,-1.9633301174761e-76,-1.22819535689648e-71,-1.6436917761817e-68,-4.7060021563115e-67,-2.88245588920332e-67,-3.77704384727045e-69,-1.0588152594948e-72,-6.34990408462938e-78,-8.14691054155807e-85,-2.23613252314083e-93,-1.31304901253976e-103,-1.6494651537465e-115,-4.43286241123428e-129,-1.93098558012685e-136,-8.65597850100581e-139,-8.3010326453757e-143,-1.70304797812474e-148,-7.47481507501728e-156,-7.01863780221635e-165,-1.50861240874354e-174,-2.85908542825464e-176,-1.27869339534013e-179,-1.22344519717687e-184,-2.50427159409005e-191,-1.09662247603454e-199,-1.02733401254532e-209,-2.05894620283099e-221,-8.82789462115922e-235,-8.0974465482471e-250,-1.58897786714718e-266
0,0,0,0,0,0,0,0,0,0,0,0,0,0,0,0,0,0,0,0,0,0,0,0,0,0,0,0,0,0,0,0,0,0,0,0,0,0,0,0,0,0,-2.11593494144431e-319,-5.42636865345058e-299,-2.97707809477653e-280,-3.49421776746909e-263,-8.77381588535238e-248,-4.71309153222124e-234,-5.41629163215469e-222,-1.3316098984818e-211,-7.00375261931228e-203,-7.88067449171019e-196,-1.89703258012122e-190,-9.76933491121521e-187,-1.07630167331406e-184,-2.53677436982431e-184,-1.40240406549703e-185,-1.64863039869436e-175,-4.71616804525612e-166,-2.88625067716461e-158,-3.77883242107564e-152,-1.05952141309425e-147,-3.54459271597605e-133,-2.45118688133902e-117,-3.62631323566159e-103,-1.14771224479416e-90,-7.77104678520913e-80,-1.12565379706632e-70,-3.48826095016038e-63,-2.3125540939715e-57,-3.27984743743214e-53,-9.95162939034697e-51,-6.45976755913303e-50,-2.76373406940996e-43,-3.29176458224185e-33,-8.38764626667862e-25,-4.57225300103934e-18,-5.33211133784558e-13,-1.33029198127449e-09,-7.10024845280014e-08,-8.10735009105481e-08,-1.98044652933852e-09,-1.03556445570869e-12,-4.16065668591741e-16,-5.84966233029049e-18,-1.80978550506486e-21,-1.19784997391346e-26,-1.69611993468082e-33,-5.13794555337778e-42,-3.32967040140831e-52,-4.62167642824705e-64,-7.14296217894665e-69,-3.53131001153731e-68,-1.65301271907682e-60,-1.65546580009978e-54,-3.5468517767024e-50,-1.62571597985167e-47,-1.59421725782265e-46,-1.22464221121493e-43,-3.90203950995905e-38,-2.66062867494125e-34,-2.81031429810494e-29,-2.15731708503107e-21,-3.54774204026994e-15,-1.24815607391974e-10,-9.39430298987101e-08,-1.51265205025385e-06,-5.21066159631051e-07,-1.60249947598846e-08,-5.00520424226517e-06,-5.94792419544686e-05,-5.41346460574922e-05,-9.059411718555e-06,-6.10536857484693e-06,-1.54349894865453e-05,-4.91228713527245e-05,-2.07249232040895e-05,-5.69310306233987e-05,-1.68515321843692e-05,-6.84282649140947e-05,-3.13109258227612e-05,-6.72211878972381e-06,-4.88798450053397e-05,-8.71973250889275e-06,-2.00463064583757e-06,-8.12512437218609e-06,-1.88966226779015e-05,-4.1482526407497e-05,-6.99823100198649e-05,-9.1683103497023e-06,-1.22766588834383e-07,-1.3125947427423e-07,-7.66762607277291e-06,-3.32278924010319e-05,-2.04037667219286e-05,-5.62489002054084e-07,-1.64852730663785e-05,-3.16672809194606e-05,-1.3013923257338e-06,-1.14415417804903e-09,-4.34803936436637e-13,-4.06187881429157e-11,-8.54051517085601e-11,-3.84168322474277e-12,-3.86666353296956e-15,-4.45427630687783e-17,-2.89346476712562e-17,-7.59326279092812e-15,-4.30004188646731e-14,-5.2094965159755e-15,-1.35019851599727e-17,-7.48649104164465e-22,-8.88058250258104e-28,-1.30950159464452e-32,-5.50115784865391e-34,-3.83164841993169e-35,-5.06388914493953e-37,-1.44752942654106e-40,-7.78101812242163e-42,-6.73116339114254e-34,-1.24586822888643e-27,-4.93324742351707e-23,-4.17900117309284e-20,-7.57340002747086e-19,-2.93621673263726e-19,-2.43536539186761e-21,-4.32134519305106e-25,-1.64041071529543e-30,-1.33218654783811e-37,-2.31449550181399e-46,-1.25103749401772e-47,-1.48956601080498e-43,-3.79426789306001e-41,-2.06764052835934e-40,-2.41046533502544e-41,-6.01181423945789e-44,-3.20766513544083e-48,-3.66143478819789e-54,-1.49592939821172e-50,-2.09798703120399e-39,-6.29467497063656e-30,-4.0403838750218e-22,-5.54818273984314e-16,-1.62988774079557e-11,-1.02433836320757e-08,-1.37723481736418e-07,-3.9614247676884e-08,-2.43767173162328e-10,-3.20939392904385e-14,-9.06649249712589e-20,-5.94239838431421e-27,-2.53392674574491e-35,-1.46353416683347e-44,-2.4365978257509e-55,-8.78668604150757e-68,-6.78163990509754e-82,-1.11977246328001e-97,-3.95552572195553e-115,-1.43458773070095e-120,-1.45907583192753e-121,-3.17473461377184e-124,-1.05881715718278e-118,-1.09072073201886e-106,-2.40372607602651e-96,-1.13327469110085e-87,-1.14304733039554e-80,-2.46644846704435e-75,-1.13856724781823e-71,-1.12440854129332e-69,-2.37557307209391e-69,-1.07372103188103e-70,-1.03822942894352e-73,-2.14770198387103e-78,-9.50459268690716e-85,-8.99853500864226e-93,-1.82258973328537e-102,-7.89741275833265e-114,-7.3208172048539e-127,-1.4518210785402e-141,-6.24948871084032e-155,-8.30311855259044e-144,-7.58867726602151e-133,-1.02639735604972e-119,-3.06530964884057e-108,-1.95844801984967e-98,-2.67687785346194e-90,-7.82751428164546e-84,-4.8966379169677e-79,-6.5531622716739e-76,-1.8762152508177e-74,-1.1491936296458e-74,-1.50585295838668e-76,-4.22134387464804e-80,-2.53161526261365e-85,-3.24805584387986e-92,-8.91513816486359e-101,-5.23493721543283e-111,-6.57617989613733e-123,-1.76731800292588e-136,-4.25805546538984e-147,-1.9087018515417e-149,-1.83043388775696e-153,-3.75533607059368e-159,-1.64824732084992e-166,-1.54765714404896e-175,-4.19531505827133e-186,-2.27121670514664e-188,-1.01577580417569e-191,-9.71887423174376e-197,-1.98935765339157e-203,-8.71141261486542e-212,-8.1609949386869e-222,-1.6355975111445e-233,-7.01275363637968e-247,-6.43249610054286e-262,-1.26226136515662e-278
0,0,0,0,0,0,0,0,0,0,0,0,0,0,0,0,0,0,0,0,0,0,0,0,0,0,0,0,0,0,0,0,0,0,0,0,0,0,0,0,0,0,-2.23874347084664e-307,-5.74124996393267e-287,-3.14983197711636e-268,-3.69698022980809e-251,-9.2829428577986e-236,-4.98658279919326e-222,-5.73058819326344e-210,-1.40888055528075e-199,-7.41016636373357e-191,-8.33797425696981e-184,-2.00711358327544e-178,-1.03362298599078e-174,-1.13875730488123e-172,-2.68397830840311e-172,-1.35776694597438e-173,-5.92493029890806e-165,-1.69492003593668e-155,-1.03727518920437e-147,-1.35805567602085e-141,-3.80382018600236e-137,-2.91163053437502e-127,-2.01347533619661e-111,-2.97875788945937e-97,-9.42763815985137e-85,-6.38336112091977e-74,-9.24644373198907e-65,-2.86535777538463e-57,-1.89959838120888e-51,-2.69416092752166e-47,-8.17455432916115e-45,-5.30619791081312e-44,-5.19627781281344e-42,-6.18028648236355e-32,-1.5747801991291e-23,-8.58440289864259e-17,-1.0011036579586e-11,-2.49762258524222e-08,-1.33307132743456e-06,-1.52215463550373e-06,-3.71828882596538e-08,-1.98053510237193e-11,-2.52944630845142e-13,-3.6548538743035e-15,-1.13074981539768e-18,-7.48413904905532e-24,-1.05973182881606e-30,-3.21017654843085e-39,-2.08037039824093e-49,-5.28464854016782e-60,-6.60879273592921e-62,-1.68521691971232e-62,-7.88022819876645e-55,-7.89192250579025e-49,-1.6908521673823e-44,-7.75009941530152e-42,-7.59954720528509e-41,-1.59421543274203e-41,-5.39530414642834e-43,-6.37419536452621e-39,-1.31929824560643e-30,-1.01387572099017e-22,-1.66733463125031e-16,-5.86596720865382e-12,-4.41504667871803e-09,-7.10902066689964e-08,-2.44893350194498e-08,-1.48619620240986e-08,-5.95684289684953e-06,-6.20931303362975e-05,-4.02415200396664e-05,-2.42334976186619e-06,-6.93475018072669e-07,-1.00722723327826e-05,-3.33160527758253e-05,-4.50474561454298e-05,-6.47168976161812e-05,-9.45450187136339e-06,-2.46806651241723e-05,-1.89756958869259e-05,-3.31554449519479e-06,-2.08542840649022e-05,-3.5892627145809e-06,-3.87894240341186e-06,-2.96085942125566e-05,-9.22644910293097e-06,-4.59960687852292e-05,-7.69206258543176e-05,-6.62636902746253e-06,-1.02167769954634e-07,-5.08591036674799e-08,-1.74635143973393e-06,-3.63489402927418e-05,-3.11926190392812e-05,-6.49939610755139e-07,-4.77535007739784e-06,-9.17278844900631e-06,-3.76963103481225e-07,-3.31417258206851e-10,-7.9079245694671e-15,-1.64569915259253e-13,-3.46025054100866e-13,-1.55648038651255e-14,-1.50625549024175e-17,-2.24147569344476e-20,-3.13661172272715e-20,-8.2700507601249e-18,-4.68330488841267e-17,-5.6738192658585e-18,-1.47054179406901e-20,-8.15376245583323e-25,-9.67202877536875e-31,-1.55179814989932e-37,-5.27496184322386e-39,-2.43872987457118e-40,-3.20218232024326e-42,-9.1456067782522e-46,-1.94715085696759e-45,-1.68461833312527e-37,-3.11805305722068e-31,-1.23465121385045e-26,-1.04588487624711e-23,-1.8954061562608e-22,-7.34851354869632e-23,-6.09502540437158e-25,-1.08150952709839e-28,-4.10548044113478e-34,-3.33408320556305e-41,-5.79252196459257e-50,-2.83102047387739e-53,-3.37079550065176e-49,-8.58619292426159e-47,-4.6789422821164e-46,-5.45473355785686e-47,-1.36043627755496e-49,-7.25874726444538e-54,-8.32639316521795e-60,-2.67424991506641e-49,-3.7505390606992e-38,-1.1252893369045e-28,-7.22293194290846e-21,-9.91840072044978e-15,-2.91372517866307e-10,-1.83119390251523e-07,-2.46206174593888e-06,-7.08180284093211e-07,-4.35822575908955e-09,-5.75385200692434e-13,-1.75338465889427e-18,-3.34584109471455e-25,-8.86708366604009e-33,-6.89429173636967e-42,-1.16208569476383e-52,-4.19245563118728e-65,-3.2358226250585e-79,-5.34293630010768e-95,-1.88735720248678e-112,-1.47884592063085e-130,-1.35902612714083e-131,-2.95704757199784e-134,-3.09859048634209e-126,-3.19195515583868e-114,-7.03441826708052e-104,-3.31648779293433e-95,-3.3450870718028e-88,-7.21797309786233e-83,-3.33197627060381e-79,-3.29054132308194e-77,-6.95202950942952e-77,-3.14220614226466e-78,-3.03834123747315e-81,-6.28517293141884e-86,-2.78148500716278e-92,-2.63338904016852e-100,-5.33374357464609e-110,-2.31114955751218e-121,-2.14241093398255e-134,-4.24870238637919e-149,-1.53150663086134e-164,-1.81399020648385e-153,-1.12158862163829e-140,-1.56500491851852e-127,-4.67384810685768e-116,-2.98615462011197e-106,-4.08158454478887e-98,-1.19350463730573e-91,-7.46617617142094e-87,-9.99197098700867e-84,-2.86076974357679e-82,-1.75223944255282e-82,-2.29605775763241e-84,-6.43651778683879e-88,-3.86009459336072e-93,-4.95249139434807e-100,-1.35934069988681e-108,-7.98199992719785e-119,-1.00270672392142e-130,-2.69472805279899e-144,-3.7457409920356e-158,-1.60964358316786e-160,-1.54363876131893e-164,-3.16694438358062e-170,-1.38999745892043e-177,-1.30516790185585e-186,-2.65479448213897e-197,-6.90016885208992e-201,-3.08602192726242e-204,-2.95268491966161e-209,-6.04385467176562e-216,-2.64660865482251e-224,-2.47938661518936e-234,-4.96909826244964e-246,-2.13054016480727e-259,-1.95425249663379e-274,-3.83486812227297e-291
0,0,0,0,0,0,0,0,0,0,0,0,0,0,0,0,0,0,0,0,0,0,0,0,0,0,0,0,0,0,0,0,0,0,0,0,0,0,0,0,0,-7.55697120465187e-318,-9.05881091742744e-296,-2.32312895739192e-275,-1.27454229008083e-256,-1.49593936524732e-239,-3.75623313707685e-224,-2.01776180657747e-210,-2.3188147978735e-198,-5.70086868894447e-188,-2.99843625810157e-179,-3.37386275881366e-172,-8.12154794752679e-167,-4.18243327649183e-163,-4.60784687486225e-161,-1.08604010771747e-160,-5.47672323637743e-162,-8.14353355190348e-155,-2.32958659142714e-145,-1.42568517756364e-137,-1.86658262702128e-131,-5.22816894236595e-127,-9.17826772984787e-122,-6.32536959668855e-106,-9.35782239353049e-92,-2.96170977179926e-79,-2.00534457179996e-68,-2.90478721086761e-59,-9.00157386098858e-52,-5.96762305969652e-46,-8.46375583210383e-42,-2.56805119440027e-39,-1.66695177883703e-38,-2.35209973123843e-39,-4.43770213428542e-31,-1.13075752819382e-22,-6.1639575331569e-16,-7.18833988167421e-11,-1.79339683337627e-07,-9.57200835902168e-06,-1.09297130249425e-05,-2.66992166586072e-07,-2.28862736816935e-10,-6.03910592458162e-11,-8.73331518511689e-13,-2.70193966959457e-16,-1.78834362067061e-21,-2.53224137507711e-28,-7.67075372863006e-37,-4.97107181695567e-47,-1.76789772258786e-53,-2.33849053712188e-55,-3.13523868030616e-57,-1.43671655195384e-49,-1.43884864813694e-43,-3.08274739577391e-39,-1.41299158201973e-36,-1.38554303020016e-35,-2.90655984964178e-36,-1.30525085132075e-38,-4.91205621462809e-35,-6.2337744622238e-30,-1.83911825837216e-24,-2.9968385741163e-18,-1.05433850981572e-13,-7.93552635119755e-11,-1.27776272732945e-09,-4.40515692983071e-10,-6.77202101449864e-09,-2.72730583350489e-06,-2.61714980826976e-05,-1.21813442519107e-05,-4.82593587579825e-07,-4.23180936977327e-08,-2.52846589078065e-06,-9.9717455503685e-06,-6.27368534909644e-05,-5.55276871315159e-05,-3.10932992577901e-06,-1.41718418786334e-05,-3.40560966767975e-05,-2.45034014797498e-06,-3.40530496378244e-06,-6.00464714653597e-07,-6.78180171278605e-06,-5.23406828325946e-05,-9.90506726225127e-06,-3.90257897624906e-05,-4.99915753961742e-05,-3.28808933058069e-06,-1.70978314943124e-06,-7.8554693455209e-07,-6.05181795807383e-07,-2.47468232785597e-05,-2.47128033235095e-05,-5.68426824307594e-07,-5.29279002246382e-07,-1.01615903764434e-06,-4.17598710954966e-08,-3.67143145807367e-11,-6.93137222068896e-16,-2.55002296191887e-16,-5.36167794658006e-16,-2.41177429803229e-17,-2.32247762170318e-20,-4.6812250189009e-24,-1.30369857548655e-23,-3.44474931748462e-21,-1.95075118625595e-20,-2.36333314321118e-21,-6.12529232501346e-24,-3.39631139973461e-28,-4.02871916543761e-34,-1.07229110580919e-41,-1.96222981996122e-44,-5.95891995106779e-46,-7.74964606421557e-48,-2.21214476154441e-51,-1.86371489658861e-49,-1.61243647866337e-41,-2.98445196339708e-35,-1.18174937105498e-30,-1.00107121819965e-27,-1.81419254922162e-26,-7.0336473709673e-27,-5.83386818672228e-29,-1.03516943821941e-32,-3.92957045258064e-38,-3.19122573810254e-45,-5.54432628885883e-54,-2.45012918574495e-59,-2.91725746139002e-55,-7.43092702253611e-53,-4.04939406181071e-52,-4.72080319570725e-53,-1.17739058352115e-55,-6.28208819355952e-60,-2.78907927596977e-61,-1.82836368367503e-48,-2.56421412754045e-37,-7.69351490162513e-28,-4.93826189531998e-20,-6.781132749705e-14,-1.99209105037056e-09,-1.25197304649464e-06,-1.68329781815804e-05,-4.84222698693785e-06,-2.98767012963767e-08,-4.23437429600521e-12,-3.61815351986269e-17,-4.39577850564632e-23,-1.59604450941541e-30,-1.25747612440118e-39,-2.1205608373225e-50,-7.65047044744335e-63,-5.90479224397397e-77,-9.74989457408618e-93,-3.44408630893988e-110,-2.60271695693913e-129,-4.84113790530305e-142,-1.05408067299641e-144,-3.4679841059048e-134,-3.57247909848276e-122,-7.87301544107254e-112,-3.71185769917791e-103,-3.743866396356e-96,-8.07845247398136e-91,-3.72919261149354e-87,-3.68281806149456e-85,-7.78080483650945e-85,-3.51679933404782e-86,-3.40055233704512e-89,-7.03444999431469e-94,-3.11307539288432e-100,-2.94732439676246e-108,-5.9695974745241e-118,-2.58666963806697e-129,-2.3978151033898e-142,-4.75520479767645e-157,-2.12929201059811e-173,-2.4891297873565e-163,-6.53745000982852e-149,-9.12610897052304e-136,-2.72548965908772e-124,-1.74133462437745e-114,-2.38011938239762e-106,-6.95975665592823e-100,-4.35379701755351e-95,-5.82667921087109e-92,-1.66821817373768e-90,-1.02179411305991e-90,-1.3389142162993e-92,-3.75336602035142e-96,-2.25096059109591e-101,-2.88797662513077e-108,-7.92680663987037e-117,-4.6545924820486e-127,-5.84714510327289e-139,-1.5713932661143e-152,-9.15032437218515e-168,-5.19147841402752e-172,-4.97859736915837e-176,-1.02141390663795e-181,-4.48306810215442e-189,-4.20947286717204e-198,-8.45971679810561e-209,-8.01734520113697e-214,-3.58566616824568e-217,-3.43074115202798e-222,-7.02238860680072e-229,-3.07510942496806e-237,-2.88081320017437e-247,-5.77362311296304e-259,-2.47548655489149e-272,-2.27065692550187e-287,-4.45575475800873e-304
0,0,0,0,0,0,0,0,0,0,0,0,0,0,0,0,0,0,0,0,0,0,0,0,0,0,0,0,0,0,0,0,0,0,0,0,0,0,0,0,0,-1.16945750308632e-306,-1.4018700566801e-284,-3.59509095935374e-264,-1.97238102077994e-245,-2.31499765462022e-228,-5.81284984174579e-213,-3.12252886602566e-199,-3.5884147066937e-187,-8.82221428942855e-177,-4.64014322123636e-168,-5.2211236331577e-161,-1.25682663931374e-155,-6.47240352825588e-152,-7.1307400259442e-150,-1.68066992593221e-149,-8.47443403798741e-151,-4.28067481371925e-145,-1.2245547420133e-135,-7.49416034256151e-128,-9.81175207519664e-122,-2.74820394913732e-117,-1.65774912059404e-114,-7.59967817562066e-101,-1.1243048730727e-86,-3.55837564449089e-74,-2.40934116875663e-63,-3.48998546785381e-54,-1.08150303902225e-46,-7.1698600427773e-41,-1.01688635735498e-36,-3.08541063373955e-34,-2.0027757840539e-33,-2.78119000831009e-34,-1.21864639761713e-30,-3.10519446877483e-22,-1.69269655748722e-15,-1.9740064641637e-10,-4.92490572684225e-07,-2.62863019060345e-05,-3.0015847575783e-05,-7.3356286306576e-07,-8.54732611660069e-09,-5.5187483447576e-09,-7.98101189670085e-11,-2.46918978635815e-14,-1.63429252412627e-19,-2.31410960440583e-26,-7.00998137506325e-35,-4.58154567957854e-45,-2.39242664525788e-47,-3.16459985658813e-49,-3.0354961523273e-52,-1.00178171000283e-44,-1.00326836021038e-38,-2.14951234009603e-34,-9.85238961248303e-32,-9.66099864436541e-31,-2.02666176041457e-31,-9.09590210483533e-34,-3.27284105043433e-31,-4.13768942240764e-26,-1.1192275875864e-22,-2.70755999936105e-20,-7.24761329901913e-16,-5.45488851469877e-13,-8.78337711940023e-12,-3.23713083046788e-12,-1.21346756536856e-09,-4.79189460586232e-07,-4.37499866539165e-06,-1.52436967574413e-06,-4.63593069843255e-08,-2.06059098951038e-09,-2.43626214220685e-07,-2.21610032846712e-06,-5.2310181666896e-05,-4.38508227207105e-05,-1.56082994369638e-06,-1.84938029924467e-05,-4.76765113675049e-05,-2.93283516406555e-06,-2.16148069468791e-07,-4.90439356988302e-08,-4.60421474116107e-06,-3.55444048461136e-05,-6.27850215054012e-06,-1.47017907732614e-05,-1.4840418105916e-05,-1.32726156563658e-06,-1.35751412320622e-05,-6.95170776572349e-06,-4.65524196906441e-07,-2.20325790770301e-05,-3.07294341494742e-05,-9.48795135216754e-07,-2.30519214888034e-08,-4.30518466265284e-08,-1.76924980614939e-09,-1.55548358387507e-12,-2.9257912674398e-17,-1.51126397540576e-19,-3.17733937894618e-19,-1.42922144172622e-20,-1.37546988184961e-23,-5.88908405846602e-28,-2.30411065227835e-27,-5.76462064716004e-25,-3.17919265639409e-24,-3.80442354588162e-25,-9.80451807780384e-28,-5.42222328867711e-32,-6.42421924060356e-38,-1.63011093285032e-45,-2.81844429859144e-50,-5.59902675538643e-52,-7.17589817578764e-54,-2.04766640408881e-57,-6.82229100122622e-54,-5.90246484380169e-46,-1.09248475986905e-39,-4.32589699447816e-35,-3.66450880375967e-32,-6.64101059692237e-31,-2.57472817566416e-31,-2.13553850530881e-33,-3.78932832227473e-37,-1.43845365411394e-42,-1.16817610969703e-49,-2.02954915963109e-58,-8.11710522527718e-66,-9.65576783974007e-62,-2.45954658144813e-59,-1.34030024671992e-58,-1.56252851447444e-59,-3.89701981454845e-62,-2.07929488631097e-66,-7.29255965804916e-61,-4.78071533109766e-48,-6.70478083830207e-37,-2.01166239347232e-27,-1.29123240446195e-19,-1.77309720761031e-13,-5.20882214554002e-09,-3.27360749909593e-06,-4.40178954251555e-05,-1.26928976943537e-05,-8.3693074479643e-08,-3.20443114236357e-11,-1.78307584298477e-15,-3.02308215666719e-21,-1.11329405480748e-28,-8.77569477921338e-38,-1.47992629660545e-48,-5.33921928476686e-61,-4.12092060380621e-75,-6.80439544784107e-91,-2.4036080621243e-108,-1.81642122175685e-127,-2.9366895960783e-148,-1.74332817519532e-155,-1.48442997620971e-142,-1.52915783383813e-130,-3.36995204331861e-120,-1.58881721133126e-111,-1.60251815924209e-104,-3.45788695898172e-99,-1.59623721750497e-95,-1.57638713456067e-93,-3.33048237409353e-93,-1.50532476284607e-94,-1.45556659737427e-97,-3.01101392590866e-102,-1.33251545862922e-108,-1.26156768617227e-116,-2.55521627737619e-126,-1.10719364104362e-137,-1.02635666951869e-150,-2.03540971617167e-165,-8.63897573684831e-182,-2.28139421007116e-172,-1.45795881660869e-157,-2.03528530296122e-144,-6.07832874293455e-133,-3.88348723435029e-123,-5.30809133889195e-115,-1.55215004336945e-108,-9.70974498635852e-104,-1.29945353508153e-100,-3.7204244900015e-99,-2.27878337606764e-99,-2.98601784751582e-101,-8.37067661885473e-105,-5.02004416507354e-110,-6.44070369921372e-117,-1.76781946239106e-125,-1.03805725976422e-135,-1.30401779463111e-147,-3.50448765198138e-161,-2.01487189010471e-176,-6.40356887190514e-184,-6.14098501120938e-188,-1.25989049240285e-193,-5.52976109096671e-201,-5.19228767976589e-210,-1.04303055069179e-220,-3.56263769046863e-227,-1.59334712712943e-230,-1.52450376081244e-235,-3.12050876663366e-242,-1.36647321250174e-250,-1.28013463075417e-260,-2.56560018934184e-272,-1.10002136434627e-285,-1.00900209868546e-300,-1.97998487394075e-317
0,0,0,0,0,0,0,0,0,0,0,0,0,0,0,0,0,0,0,0,0,0,0,0,0,0,0,0,0,0,0,0,0,0,0,0,0,0,0,0,-1.2352135211677e-319,-6.92134840863683e-296,-8.29686505094175e-274,-2.12772820087598e-253,-1.16733923236812e-234,-1.37011437273408e-217,-3.44029251987642e-202,-1.84804579394742e-188,-2.12377690973438e-176,-5.2213627833112e-166,-2.74623471271028e-157,-3.09008370584501e-150,-7.43843622961e-145,-3.83064452894812e-141,-4.22027615374828e-139,-9.94692161672853e-139,-5.01551329072766e-140,-8.60560310680593e-136,-2.46176874228664e-126,-1.50657941601452e-118,-1.97249365316835e-112,-5.52481840729475e-108,-3.31054332788578e-105,-3.49199974834196e-96,-5.16610334725947e-82,-1.63504906614612e-69,-1.10707564955991e-58,-1.6036242516757e-49,-4.96943187188566e-42,-3.29450123836443e-36,-4.67252267630627e-32,-1.41772490579614e-29,-9.20261659414588e-29,-1.27793716544356e-29,-1.31784368398023e-30,-3.26123032039104e-22,-1.77778720963384e-15,-2.07335860530879e-10,-5.17372184083454e-07,-2.76302147017454e-05,-3.16075258178807e-05,-7.85610727549193e-07,-2.85744812645972e-07,-1.92880707484765e-07,-2.78937230475536e-09,-8.629845055343e-13,-5.7118700782887e-18,-8.08783813922954e-25,-2.44999608612384e-33,-2.01845861069278e-41,-1.23820205337157e-41,-1.6378408296547e-43,-5.20545939587192e-47,-2.67143618086014e-40,-2.67540060854967e-34,-5.73207214625214e-30,-2.62732188219097e-27,-2.57628394130891e-26,-5.40446835779865e-27,-2.42545692572162e-29,-8.33983576556955e-28,-1.05436048016348e-22,-2.85168155863212e-19,-1.65003505195799e-17,-2.2330291969735e-17,-1.43460402982609e-15,-2.55467313272853e-14,-1.53282945765592e-11,-2.1239940863172e-09,-3.8084374767706e-08,-2.86465441767695e-07,-7.94501495498434e-08,-1.81139753236678e-09,-6.40854225623355e-11,-9.24040867778435e-09,-6.17863248086498e-07,-2.38823012545245e-05,-2.13465799512876e-05,-3.73549608285115e-06,-2.32370186758679e-05,-2.76448939385127e-05,-1.6172244118983e-06,-7.48720411839655e-09,-4.20073269210313e-09,-1.19590798860366e-06,-9.23256237453149e-06,-1.58673672343084e-06,-2.21067981994633e-06,-1.92203303663766e-06,-2.0100429877325e-06,-4.37176148797731e-05,-2.76806285223585e-05,-9.86504611730194e-07,-2.6009275343766e-05,-3.94253491571469e-05,-1.28184474625371e-06,-1.25608669999971e-09,-6.97589108615192e-10,-2.86674369601976e-11,-2.52037487424465e-14,-4.74046063565817e-19,-3.44390504002556e-23,-7.20105600445607e-23,-3.23915778477866e-24,-3.1171057955529e-27,-3.70209682245653e-28,-2.09038388551481e-24,-2.52562231348799e-22,-6.52814224008861e-22,-3.60985453290194e-23,-4.2704022116615e-26,-1.08075452168021e-30,-5.85147032666194e-37,-6.77772027128485e-45,-5.78795184165383e-52,-5.48227127094655e-52,-1.11416237997857e-53,-4.84412448710126e-57,-9.55554726377556e-59,-8.26330733001816e-51,-1.52945211247449e-44,-6.05615065728224e-40,-5.13022326440824e-37,-9.29725343504664e-36,-3.60455687069651e-36,-2.98970200610096e-38,-5.30496755676234e-42,-2.01380015611838e-47,-1.63541816265935e-54,-2.84131949807745e-63,-1.13215409973345e-72,-1.22227399876147e-68,-3.11341354218773e-66,-1.69661716115108e-65,-1.97792449783769e-66,-4.93303698995022e-69,-2.65587077006312e-73,-7.29255965802546e-61,-4.78071533109838e-48,-6.70478083833077e-37,-2.01166239371852e-27,-1.29123240897957e-19,-1.77309738494848e-13,-5.20883703822527e-09,-3.27387505997052e-06,-4.41207328069897e-05,-1.35384845515989e-05,-2.32438714831615e-07,-5.91813610543046e-10,-4.68494599718974e-14,-8.06433543146042e-20,-2.97139778624205e-27,-2.34228934683469e-36,-3.95002100140169e-47,-1.42507291324411e-59,-1.0999009446144e-73,-1.816138115815e-89,-6.41538877416891e-107,-4.84814828958535e-126,-7.83804258624835e-147,-5.1216333433672e-165,-2.43003223876727e-151,-2.50325235541121e-139,-5.51665773367978e-129,-2.60091557494769e-120,-2.62334421466694e-113,-5.66060839716612e-108,-2.61306222686319e-104,-2.58056736872241e-102,-5.45204534359904e-102,-2.46423729118608e-103,-2.38278249158205e-106,-4.92907111052651e-111,-2.18134608908425e-117,-2.06520361210516e-125,-4.18292410592595e-135,-1.81249118207918e-146,-1.68015995053705e-159,-3.33199363302131e-174,-1.41363679915393e-190,-1.906264564112e-181,-1.24352512845781e-166,-1.73593973861547e-153,-5.18434068868916e-142,-3.31231194206962e-132,-4.52738821332823e-124,-1.32386301648209e-117,-8.28165572125194e-113,-1.10833258941699e-109,-3.17323212982363e-108,-1.94362461737345e-108,-2.54684050151504e-110,-7.13953476725536e-114,-4.28170642370397e-119,-5.49341828383961e-126,-1.5078122221975e-134,-8.85381939112857e-145,-1.1122255470863e-156,-2.98905483654464e-170,-1.71851651103307e-185,-3.02080800002242e-196,-2.89693513846279e-200,-5.94338046973706e-206,-2.60859767325356e-213,-2.44939868784351e-222,-4.92029252205437e-233,-6.05475436365705e-241,-2.70782536379588e-244,-2.5908290042028e-249,-5.30317131927189e-256,-2.32226283950194e-264,-2.17553410880041e-274,-4.3601279016804e-286,-1.86943930821917e-299,-1.71475595517722e-314,0
0,0,0,0,0,0,0,0,0,0,0,0,0,0,0,0,0,0,0,0,0,0,0,0,0,0,0,0,0,0,0,0,0,0,0,0,0,-0,-2.92882114854691e-319,-1.62286603954589e-313,-4.71966804206397e-309,-1.56663087155942e-285,-1.87797581606323e-263,-4.81606254876681e-243,-2.64224479254434e-224,-3.10122153540811e-207,-7.7870208962579e-192,-4.18300802375556e-178,-4.80711889455399e-166,-1.18184313879363e-155,-6.21603743587243e-147,-6.99433151384043e-140,-1.68367247903488e-134,-8.67057345290069e-131,-9.55249543675297e-129,-2.25146222408095e-128,-1.13524945141908e-129,-6.61638608601403e-127,-1.8927183985038e-117,-1.15832593472974e-109,-1.51654173040471e-103,-4.24772858159126e-99,-2.54529404097159e-96,-6.13979336193483e-92,-9.07845173388675e-78,-2.87329018251609e-65,-1.94547653709307e-54,-2.81806700128279e-45,-8.73283872992714e-38,-5.78946421882722e-32,-8.21107684863508e-28,-2.49138398209305e-25,-1.6171862032143e-24,-2.24573347602766e-25,-6.67946492033584e-28,-1.31047828684576e-22,-7.15048524653676e-16,-8.3639297700684e-11,-2.10641951871889e-07,-1.15742968123555e-05,-1.44082809523665e-05,-5.64366043583598e-07,-3.8142723121118e-06,-2.57814304220084e-06,-3.72841900496249e-08,-1.15350963581947e-11,-7.63478038319549e-17,-1.08106219366863e-23,-3.27480494704145e-32,-3.96381136826293e-36,-2.45083521206395e-36,-3.2418602167099e-38,-9.23208421204454e-42,-2.72449622822033e-36,-2.72853939729243e-30,-5.84592252434672e-26,-2.67950573159684e-23,-2.62745407547911e-22,-5.51181187166873e-23,-2.47361831988132e-25,-8.12785841661952e-25,-1.02751951825977e-19,-2.77908583063929e-16,-1.60802455927016e-14,-1.99050029067796e-14,-5.28897429026652e-16,-9.7485811290032e-14,-6.07825686426691e-10,-8.10982015310229e-08,-2.32303966099865e-07,-2.13870916585447e-08,-1.73326854825299e-09,-2.81811781810098e-11,-8.75877834733564e-13,-1.8517992088765e-10,-1.18318136493054e-07,-5.04373966739439e-06,-4.71073662796451e-06,-9.82583545901959e-06,-4.4004323553349e-05,-9.52839307702835e-06,-4.08362704313722e-07,-2.34405124503624e-08,-1.92304306655102e-09,-1.18805018988643e-07,-9.17201010070115e-07,-1.55164044288087e-07,-1.29501169795647e-07,-1.05910232847075e-07,-2.32207589603826e-06,-6.06305035506978e-05,-5.29377106674087e-05,-1.78267683014782e-06,-1.43105235280014e-05,-2.18169831312704e-05,-7.11734019441436e-07,-4.99023380330985e-10,-4.33017509663492e-12,-1.77647165934777e-13,-1.56183284964686e-16,-2.93757958490636e-21,-4.15054596322026e-27,-6.24163652833156e-27,-2.80759454162074e-28,-5.15772882789881e-30,-1.29025637349897e-24,-7.28684497702553e-21,-8.80403693916541e-19,-2.27563702057028e-18,-1.25835428742724e-19,-1.48861257895126e-22,-3.76737840798719e-27,-2.03974375788961e-33,-2.36260463326849e-41,-6.32065287342841e-46,-6.0043657535919e-46,-1.22026785186786e-47,-5.30544734944953e-51,-4.93477846880463e-56,-4.42429625761041e-56,-8.18890970081512e-50,-3.24255139879993e-45,-2.74679636679121e-42,-4.9778851017449e-41,-1.92993232575491e-41,-1.6007300627868e-43,-2.84035700979202e-47,-1.07821797749919e-52,-8.7562673900415e-60,-1.52128390363775e-68,-6.15128984783779e-79,-5.91725156676954e-76,-1.50726033435868e-73,-8.21363341214968e-73,-9.57549358461452e-74,-2.38817326452919e-76,-9.10168262846121e-76,-2.78900756818501e-61,-1.82836368368262e-48,-2.56421412784485e-37,-7.69351492773395e-28,-4.93826237439164e-20,-6.78115155553316e-14,-1.99224897986704e-09,-1.25481039607203e-06,-1.79235173059474e-05,-1.38092537084395e-05,-1.60725000164365e-06,-5.94030849852399e-09,-4.77942699668646e-13,-8.2316821593408e-19,-3.03311942115897e-26,-2.39094486849735e-35,-4.03207344479823e-46,-1.45467546964535e-58,-1.12274881400699e-72,-1.85386413712121e-88,-6.54865346999507e-106,-4.94885723020843e-125,-8.00085958735228e-146,-2.76724541704759e-168,-1.52136722864784e-160,-1.56720805502165e-148,-3.45380697169089e-138,-1.62835194409302e-129,-1.64239381436448e-122,-3.54392998260262e-117,-1.63595658318678e-113,-1.61561256820366e-111,-3.41335517386472e-111,-1.54278194281265e-112,-1.49178563883089e-115,-3.08593735325693e-120,-1.36567260356826e-126,-1.29295942902222e-134,-2.61879803615489e-144,-1.13474407567007e-155,-1.05189562790759e-168,-2.08605706478775e-183,-8.85031131000205e-200,-6.21633181572732e-191,-4.0563331404725e-176,-5.66257145876377e-163,-1.69111282858776e-151,-1.08046394978234e-141,-1.4768173519654e-133,-4.31839237600687e-127,-2.70144557874293e-122,-3.61534006511997e-119,-1.03509662753056e-117,-6.34003188017782e-118,-8.30769986601297e-120,-2.32888993221367e-123,-1.39667685751633e-128,-1.79193280118878e-135,-4.91842790660493e-144,-2.88808325945942e-154,-3.62803874958353e-166,-9.75018673148008e-180,-5.60573751045778e-195,-5.4568542068491e-209,-5.22647897822435e-213,-1.07226954004752e-218,-4.70627758312161e-226,-4.41906019273095e-235,-8.87689561994175e-246,-3.9389650018288e-255,-1.75995111255197e-258,-1.68390932788465e-263,-3.44679623294555e-270,-1.50935474741608e-278,-1.41398840795665e-288,-2.83386515763857e-300,-1.21504209034968e-313,0,0
0,0,0,0,0,0,0,0,0,0,0,0,0,0,0,0,0,0,0,0,0,0,0,0,0,0,0,0,0,0,0,0,0,0,0,0,-4.18473602027536e-320,-5.06616301605355e-311,-1.31217207819141e-303,-7.27078382918392e-298,-8.61889720848676e-294,-1.35616443654275e-275,-1.62568225908679e-253,-4.16905658593362e-233,-2.28727678315288e-214,-2.68459305412099e-197,-6.74088644481116e-182,-3.62104872473381e-168,-4.16131445216341e-156,-1.02307037573451e-145,-5.38095416079462e-137,-6.05468960726976e-130,-1.45748228271514e-124,-7.50573959362152e-121,-8.26918122624742e-119,-1.94899325294039e-118,-9.82736236139665e-120,-1.94559370589085e-118,-5.56537530556074e-109,-3.40595756771404e-101,-4.45926023803589e-95,-1.24900797558691e-90,-7.48421773263421e-88,-1.0006569733443e-86,-6.10140972768526e-74,-1.93106943606114e-61,-1.3075081320414e-50,-1.89395526009294e-41,-5.86913151481493e-34,-3.89096008199109e-28,-5.51846786517876e-24,-1.67439943608457e-21,-1.08687207038495e-20,-1.50930382056898e-21,-4.49160887912537e-24,-2.05840639251027e-23,-1.17533821832441e-16,-1.56731353460282e-11,-5.455127888668e-08,-5.50807437736884e-06,-1.56255468985667e-05,-1.71682180320345e-06,-1.94982290036361e-05,-1.31793787978308e-05,-1.90595500457492e-07,-5.89670168585964e-11,-3.90287353991405e-16,-5.52635284697653e-23,-1.77788239214057e-31,-3.00057882404644e-31,-1.85526693689083e-31,-2.45406792120407e-33,-6.94684324392431e-37,-1.06266730950581e-32,-1.06424431385998e-26,-2.28015392116957e-22,-1.04511913650098e-19,-1.02481681684041e-18,-2.14983681353849e-19,-9.6481396482731e-22,-3.0312191130778e-22,-3.82967042089238e-17,-1.03579210862443e-13,-5.99326267180369e-12,-7.41878590914055e-12,-1.96468256525178e-13,-1.47935305570815e-12,-9.22532081562167e-09,-1.23084287961758e-06,-3.51320558586138e-06,-2.14597534645029e-07,-2.95330756256907e-10,-1.86056515938916e-13,-5.45571988745864e-14,-5.65718087040959e-12,-1.00384694622594e-08,-4.3749794916144e-07,-4.64351378064862e-07,-1.11488532964249e-05,-4.83717775546377e-05,-5.80515124893644e-06,-1.33415489528134e-06,-6.60933851249108e-07,-4.64404643071141e-08,-4.7401773276704e-09,-3.92116030902043e-08,-8.49474581093992e-09,-2.96299861833532e-09,-3.27296436020042e-09,-1.14625009305655e-06,-3.92892186030703e-05,-4.78907418290314e-05,-1.74493458436896e-06,-3.0516412713433e-06,-4.65217134724675e-06,-1.51797487241708e-07,-1.05968399655086e-10,-1.18271462068442e-14,-4.21015333077853e-16,-3.70146516619798e-19,-6.96191554594877e-24,-2.8997236271927e-30,-2.06904774286595e-31,-9.83497065219992e-33,-6.51590156360753e-27,-1.72012189092928e-21,-9.71455116850434e-18,-1.1737215160276e-15,-3.03379478319801e-15,-1.67759121428553e-16,-1.98456301923473e-19,-5.02252901370885e-24,-2.71931064392476e-30,-3.15033109427222e-38,-2.64749050216621e-40,-2.51503260734923e-40,-5.11130328013703e-42,-2.22227852666336e-45,-2.06701742362232e-50,-4.11318420410002e-57,-1.6768182144404e-55,-6.63967419943334e-51,-5.62453164949998e-48,-1.01930644152724e-46,-3.95186391639306e-47,-3.2777664224772e-49,-5.81611294182575e-53,-2.20783426570078e-58,-1.79299432830937e-65,-3.11508693084561e-74,-1.15873796807944e-84,-1.09557268443067e-83,-2.79067609685993e-81,-1.5207452826262e-80,-1.77289221066043e-81,-4.42167680430977e-84,-1.33123587234789e-76,-4.07933242109387e-62,-2.67424991536283e-49,-3.75053907258352e-38,-1.1252894388361e-28,-7.22295064637149e-21,-9.91913491981472e-15,-2.91989091276632e-10,-1.94196702243491e-07,-6.7196415014648e-06,-3.57163983146822e-05,-6.16258994840745e-06,-2.31756348158153e-08,-1.86579920271506e-12,-3.21356424941563e-18,-1.18409958830462e-25,-9.33401068573512e-35,-1.57408132449556e-45,-5.67890818803964e-58,-4.38309957514966e-72,-7.2373009977196e-88,-2.55652910820705e-105,-1.9319845857409e-124,-3.12345591646638e-145,-1.08030382320263e-167,-3.64271992114583e-170,-3.75247993719518e-158,-8.2697005842247e-148,-3.89888118640215e-139,-3.93250265504222e-132,-8.48548864710697e-127,-3.91708952545294e-123,-3.86837837454904e-121,-8.17284391016724e-121,-3.69399472477284e-122,-3.57189057468929e-125,-7.38888367018881e-130,-3.269928985655e-136,-3.09582655695734e-144,-6.2703781152415e-154,-2.71700005890058e-165,-2.51863001029066e-178,-4.99479776050067e-193,-2.11909416983403e-209,-7.75498787754484e-201,-5.0603711196544e-186,-7.06419124887037e-173,-2.10970307952107e-161,-1.34790422237579e-151,-1.8423644257571e-143,-5.38729618759392e-137,-3.37011697876596e-132,-4.51022187281793e-129,-1.29130741946221e-127,-7.90933907883769e-128,-1.03640512299241e-129,-2.90534503600203e-133,-1.7423872716161e-138,-2.23547836966031e-145,-6.13585464290488e-154,-3.60295188079359e-164,-4.52606378074164e-176,-1.2163587565288e-189,-6.99328955989933e-205,-1.23620122215056e-221,-3.6061961584849e-226,-7.39850731685754e-232,-3.24726459471624e-239,-3.04908868045464e-248,-6.12493159599819e-259,-1.00448394577132e-269,-4.37471997131926e-273,-4.18570249710113e-278,-8.56771998368979e-285,-3.75181123511402e-293,-3.51475861083951e-303,-7.04415390492346e-315,0,0,0
0,0,0,0,0,0,0,0,0,0,0,0,0,0,0,0,0,0,0,0,0,0,0,0,0,0,0,0,0,0,0,0,0,0,-0,-1.26695323204061e-315,-7.16992477623331e-305,-8.68055359291392e-296,-2.24832481934961e-288,-1.24580335239364e-282,-1.47679000455812e-278,-4.48980753754819e-266,-5.38209103773385e-244,-1.38023540341528e-223,-7.57240955704241e-205,-8.8877910402144e-188,-2.23168237939569e-172,-1.19880830215476e-158,-1.37767224148483e-146,-3.38704434364977e-136,-1.78145421723048e-127,-2.00450552310585e-120,-4.825237088989e-115,-2.48489971349547e-111,-2.73764974172658e-109,-6.45246576360313e-109,-3.25351147720481e-110,-2.19130469337142e-110,-6.25853393873551e-101,-3.83016415984253e-93,-5.01465400069538e-87,-1.40456993028868e-82,-8.41636513493974e-80,-1.07890947195192e-78,-1.56826082602568e-70,-4.96347676743489e-58,-3.36072132644645e-47,-4.86808125926681e-38,-1.50855776466656e-30,-1.00010334218595e-24,-1.41842579708164e-20,-4.30375135415304e-18,-2.79361485925726e-17,-3.87940413528314e-18,-1.16115174897768e-20,-5.85527580704513e-23,-2.99440769987205e-17,-9.38127853759708e-12,-6.96716882013739e-08,-1.14946199957021e-05,-4.10848881247525e-05,-4.36052929353037e-06,-3.81217453449177e-05,-2.57663305738417e-05,-3.72623530594808e-07,-1.15283403636234e-10,-7.63030876603508e-16,-1.08042902820377e-22,-3.00896489984555e-28,-8.68694427743387e-27,-5.37116384744216e-27,-7.10474629576955e-29,-2.01054997121956e-32,-1.58517836941464e-29,-1.5875307643963e-23,-3.40130029380756e-19,-1.55900178187151e-16,-1.52871685891725e-15,-3.20690656785838e-16,-1.43921068312997e-18,-4.36945187937923e-20,-5.45906569080614e-15,-1.47643050746e-11,-8.54286708995243e-10,-1.05748246675123e-09,-2.80041223784635e-11,-8.60227032605539e-12,-5.35492871527618e-08,-7.14454911957128e-06,-2.03927017738186e-05,-1.24524156827881e-06,-1.62676694757033e-09,-5.62336929015684e-13,-1.63398694692504e-11,-1.12272516472875e-11,-3.38750790760865e-10,-1.48484546086484e-08,-3.80855090879031e-08,-4.88377617476858e-06,-2.12585996212908e-05,-9.28455627208043e-06,-1.12184487237534e-05,-7.3133908523035e-06,-5.20871250197403e-07,-7.16966942158652e-09,-1.78840377630299e-07,-1.08582610671124e-07,-1.43765308143749e-09,-2.04328841359147e-10,-2.54025111631514e-07,-1.22838017696566e-05,-1.89449608396466e-05,-7.33611286763373e-07,-2.49480419206577e-07,-3.7955774255984e-07,-1.23848778503065e-08,-8.64539410419253e-12,-1.3839449774495e-16,-3.81639351406192e-19,-3.35492242724876e-22,-6.31011924474901e-27,-2.54029874301132e-33,-2.6235723316683e-36,-2.69228924473973e-31,-3.32221263910361e-24,-8.77025326259677e-19,-4.95308353027296e-15,-5.98436367190225e-13,-1.54681762587284e-12,-8.55340537085008e-14,-1.01185389163725e-16,-2.56079826094008e-21,-1.38647401516521e-27,-1.70144140147517e-35,-4.24112019705829e-35,-4.02893075235402e-35,-8.18799999243599e-37,-3.559956348163e-40,-3.31123741272713e-45,-6.58892822334747e-52,-2.93621963231786e-60,-5.1996770710959e-57,-4.40469628103939e-54,-7.98241626506555e-53,-3.09479284328633e-53,-2.56689204913344e-55,-4.55472786738467e-59,-1.72900429498836e-64,-1.40413388029046e-71,-2.4394941080347e-80,-9.06719504036013e-91,-7.7576835504655e-92,-1.9760607724844e-89,-1.07683048610323e-88,-1.25537419239416e-89,-3.18295113388905e-92,-7.44670446158092e-78,-2.28190838110671e-63,-1.49592940262854e-50,-2.09798720864049e-39,-6.29469018932834e-30,-4.04066312329222e-22,-5.5591445549047e-16,-1.7219439862587e-11,-2.67821401650043e-08,-6.49441678849038e-06,-5.23079258271834e-05,-9.19466703593074e-06,-3.46010856561211e-08,-2.78569122012026e-12,-4.79794658620845e-18,-1.76789579928887e-25,-1.39359547634815e-34,-2.35015009855206e-45,-8.47877833890354e-58,-6.54409765125409e-72,-1.08055050195797e-87,-3.81697377518723e-105,-2.88451028160229e-124,-4.66341231274583e-145,-1.61292564561907e-167,-3.33570170341748e-180,-3.43621085053385e-168,-7.57270801011108e-158,-3.57027300928658e-149,-3.60106077025659e-142,-7.77030887553883e-137,-3.58694670062237e-133,-3.54234105633374e-131,-7.48401467665874e-131,-3.38265492888071e-132,-3.27084204448548e-135,-6.76612871108725e-140,-2.99433058911456e-146,-2.83490198067214e-154,-5.74189380813794e-164,-2.4880039972374e-175,-2.30635310906123e-188,-4.57382279135711e-203,-1.94049121074975e-219,-3.69998149795282e-211,-2.41435330699184e-196,-3.37039578711831e-183,-1.00656028705698e-171,-6.43098488204266e-162,-8.79010360867806e-154,-2.57033250303474e-147,-1.6079162733802e-142,-2.15187163874483e-139,-6.16095591569101e-138,-3.77362420849911e-138,-4.94479174928883e-140,-1.38616896464011e-143,-8.31310267926644e-149,-1.06656892683952e-155,-2.92747717470474e-164,-1.71900411701895e-174,-2.15942997031386e-186,-5.80336840297813e-200,-3.33656788730782e-215,-4.10490958569838e-232,-9.51610415983125e-240,-1.95233323866884e-245,-8.56894821009522e-253,-8.04599755539461e-262,-1.61625947214878e-272,-1.62446540762187e-284,-4.15881513118993e-288,-3.97912620544134e-293,-8.14487869875949e-300,-3.56664870803703e-308,-3.34129679363393e-318,0,0,0,0
0,0,0,0,0,0,0,0,0,0,0,0,0,0,0,0,0,0,0,0,0,0,0,0,0,0,0,0,0,0,0,0,0,-0,-3.1385087415282e-313,-8.3023024211808e-301,-4.69842786973764e-290,-5.68833791128403e-281,-1.47331977965389e-273,-8.16370795200153e-268,-9.6773558045262e-264,-5.68501417533928e-257,-6.81453324959593e-235,-1.74758471807466e-214,-9.58780450649559e-196,-1.12532744493335e-178,-2.82564409822961e-163,-1.517870838237e-149,-1.74433937122383e-137,-4.28850536637211e-127,-2.2555878209456e-118,-2.53800417726414e-111,-6.10947275873227e-106,-3.14625516379819e-102,-3.46627455015559e-100,-8.16978794665725e-100,-4.11943276019909e-101,-9.85360710513097e-103,-2.69166166205505e-93,-1.64727172998416e-85,-2.15669549039311e-79,-6.04075502352745e-75,-3.61969873285571e-72,-4.64015444776368e-71,-1.54174286261872e-67,-4.87914583175166e-55,-3.30362167889913e-44,-4.78537112143175e-35,-1.48292692286206e-27,-9.83111291134203e-22,-1.39432632401674e-17,-4.23062934801731e-15,-2.74615051870209e-14,-3.81350145572352e-15,-1.16992312597625e-17,-2.3715490255725e-19,-2.70640556109043e-17,-9.90108245462607e-12,-7.76937435349426e-08,-1.30530865103536e-05,-4.6928266640237e-05,-4.51153912709378e-06,-2.85056871931828e-05,-1.92654834130668e-05,-2.78610584474662e-07,-8.61973918180699e-11,-5.7051812633337e-16,-8.07861331478019e-23,-3.32794552754338e-24,-9.61830918610184e-23,-5.94702957956254e-23,-7.86647690823111e-25,-2.22607420604001e-28,-9.04334252845284e-27,-9.05675592639713e-21,-1.94041887461689e-16,-8.89400000526981e-14,-8.72122656264326e-13,-1.82951856521887e-13,-8.21059993530925e-16,-2.93105162804248e-18,-2.97871835178271e-13,-8.04868398904036e-10,-4.6570799864539e-08,-5.76478632549517e-08,-1.52662217978836e-09,-1.99262195087909e-11,-1.18876391084657e-07,-1.58604952622031e-05,-4.52706453503934e-05,-2.76436531521062e-06,-3.6112559413264e-09,-6.48786789274651e-11,-2.04960601706912e-09,-1.38737658455137e-09,-2.45071973467691e-11,-1.94542981371931e-10,-4.39350547597692e-09,-8.31072310754678e-07,-3.96395183804385e-06,-2.33427822578468e-05,-3.76458524889353e-05,-3.11944032453366e-05,-2.28596020668733e-06,-1.02228225051422e-07,-2.78533034555408e-06,-1.69459091546996e-06,-2.20563568580785e-08,-2.04893991093254e-11,-2.70158479399283e-08,-1.7535396875326e-06,-3.05643823951525e-06,-1.21877654322975e-07,-7.87052446142467e-09,-1.18435230690617e-08,-3.86451516371988e-10,-2.6976649660721e-13,-4.03187132031211e-18,-1.33564212778596e-22,-1.16294997382986e-25,-2.18733893874577e-30,-8.80142436819782e-37,-9.1028580585762e-38,-5.24981669984852e-29,-6.47813568727539e-22,-1.71015214312717e-16,-9.6582460742715e-13,-1.16691867980627e-10,-3.0162110473992e-10,-1.66786797233991e-11,-1.97306058274839e-14,-4.99341866527392e-19,-2.7035496440947e-25,-6.16463232687967e-32,-2.59834291271837e-30,-2.46834401780277e-30,-5.01641801296534e-32,-2.18102456848954e-35,-2.02864570319418e-40,-4.03673891747309e-47,-1.71843823191518e-55,-1.57296222884364e-63,-1.31921406385382e-60,-2.39074731343907e-59,-9.26895745604978e-60,-7.68788555566938e-62,-1.36414878037014e-65,-5.17839741239564e-71,-4.20540496829818e-78,-7.30632654483158e-87,-2.71562107317917e-97,-2.1008383029115e-100,-5.35131928040379e-98,-2.91613690340401e-97,-3.39964651564544e-98,-1.11222066756825e-95,-1.59309959361957e-79,-4.88176661595875e-65,-3.20029446128959e-52,-4.48830734255573e-41,-1.34672878461592e-31,-8.65968002963496e-24,-1.24953444166308e-17,-8.74331215069616e-13,-9.66281437916986e-09,-3.63263519536372e-06,-2.9846192769752e-05,-5.25004541889903e-06,-1.97572945362395e-08,-1.5906370650592e-12,-2.73964029145089e-18,-1.00947321544731e-25,-7.95746733014324e-35,-1.34194197294546e-45,-4.84140504016569e-58,-3.7366972086943e-72,-6.16997217904562e-88,-2.17950220358771e-105,-1.64706306233801e-124,-2.66282086556089e-145,-9.20984844512734e-168,-1.23634927570074e-190,-1.20340256526097e-178,-2.65205385866372e-168,-1.25035275335046e-159,-1.26113499930146e-152,-2.72125606967374e-147,-1.2561920815519e-143,-1.24057064587851e-141,-2.62099238146086e-141,-1.18464663429356e-142,-1.14548841095882e-145,-2.36958004091711e-150,-1.04865075774382e-156,-9.92816932428469e-165,-2.0108806003845e-174,-8.71329066489048e-186,-8.07712730262419e-199,-1.60180801457894e-213,-6.79583470125266e-230,-6.75130469967424e-222,-4.40543685176082e-207,-6.14991424933146e-194,-1.8366565362567e-182,-1.17345285424548e-172,-1.60391796247553e-164,-4.69004991827634e-158,-2.9339424287164e-153,-3.92649020759807e-150,-1.12418104485612e-148,-6.88567953359366e-149,-9.02269263306026e-151,-2.52932320299094e-154,-1.51688026726057e-159,-1.94615346545787e-166,-5.34172682630353e-175,-3.13664286975422e-185,-3.94028178993839e-197,-1.05893254946519e-210,-6.08818895170847e-226,-7.48836171160575e-243,-9.60370339535463e-254,-1.9703051431203e-259,-8.64782834973077e-267,-8.12006375291477e-276,-1.63113770099948e-286,-7.34779912717052e-299,-1.51202396409103e-303,-1.44669430751457e-308,-2.96124049118158e-315,-1.48219693752374e-323,0,0,0,0,0
0,0,0,0,0,0,0,0,0,0,0,0,0,0,0,0,0,0,0,0,0,0,0,0,0,0,0,0,0,0,0,0,0,-6.36113498531637e-313,-7.86558465183275e-299,-2.08068442298682e-286,-1.17749814270208e-275,-1.42558479374337e-266,-3.69236551511724e-259,-2.04595052165389e-253,-2.42529390724274e-249,-6.42580441399771e-247,-3.29982487830999e-226,-8.46238959710255e-206,-4.64273555814825e-187,-5.44921179777203e-170,-1.36827136187811e-154,-7.35003817462664e-141,-8.44667454240714e-129,-2.07663770598134e-118,-1.09223104973993e-109,-1.22898649346998e-102,-2.95841101049674e-97,-1.52352196105777e-93,-1.67848604937761e-91,-3.95608452141288e-91,-1.99476709628554e-92,-3.69942640496571e-95,-4.42729058760411e-86,-2.70946037839579e-78,-3.5473691881674e-72,-9.93593594421752e-68,-5.95374164437098e-65,-7.63220444855866e-64,-2.67266133747802e-64,-1.83430397163875e-52,-1.24198918732072e-41,-1.79904957885965e-32,-5.57503062637371e-25,-3.69598492866314e-19,-5.24193865504151e-15,-1.59049564886943e-12,-1.03240915158719e-11,-1.43369296118596e-12,-4.8645682318476e-15,-3.87086717577255e-16,-1.7079093631892e-17,-4.32979012470949e-12,-3.40146491420262e-08,-5.71677015950455e-06,-2.05551248115466e-05,-1.83902410347881e-06,-8.15223477422638e-06,-5.50905299847233e-06,-7.96699690341166e-08,-2.46485378504696e-11,-1.63142263759e-16,-3.35316486604736e-23,-1.4092160379407e-20,-4.07286611134751e-19,-2.51826540082333e-19,-3.33105399247589e-21,-9.4262882918903e-25,-1.97327126806467e-24,-1.97602703108003e-18,-4.233657357166e-14,-1.94051650648754e-11,-1.90282033861023e-10,-3.99169212123858e-11,-1.79141052421556e-13,-3.17705644580121e-16,-6.34897123859081e-12,-1.67821971123834e-08,-9.70942786596462e-07,-1.20188511551736e-06,-3.18281423120983e-08,-3.42149919808017e-11,-1.00926969547331e-07,-1.34656823310599e-05,-3.84351257090063e-05,-2.34696739046093e-06,-3.0680479167596e-09,-3.10763268786171e-09,-9.83246019388075e-08,-6.65557368600653e-08,-9.63823950384078e-10,-8.06617757364249e-12,-6.9212899992823e-09,-4.11576378657562e-07,-1.50627305863278e-06,-2.77737055173554e-05,-5.00761696649824e-05,-5.38107972075476e-05,-4.79594540892859e-06,-6.05567857224214e-07,-1.66374974204834e-05,-1.01222345716212e-05,-1.31747911255348e-07,-3.72000466259364e-11,-1.36110116289455e-09,-1.05385399774431e-07,-1.9368125931135e-07,-7.8174679036062e-09,-9.94545021088441e-11,-1.41336578950773e-10,-4.61177787196366e-12,-3.21929951719652e-15,-4.80769658162324e-20,-3.28958355766803e-26,-1.54174368314425e-29,-2.89977502027578e-34,-1.16685895741589e-40,-6.7876775733275e-36,-3.91504227799368e-27,-4.83105916785151e-20,-1.27534318333338e-14,-7.20262132423771e-11,-8.70227710310011e-09,-2.24933449006553e-08,-1.24380983164116e-09,-1.47140672519967e-12,-3.72383385997559e-17,-2.01616782217854e-23,-1.37127830935392e-27,-6.08810386627313e-26,-5.7835071285337e-26,-1.17538273143609e-27,-5.11029704465376e-31,-4.75326243063016e-36,-9.45836890516469e-43,-4.02642406915022e-51,-3.66692128138619e-61,-1.51107608732545e-67,-2.73843655463793e-66,-1.06169530248341e-66,-8.80594394697185e-69,-1.56253856906218e-72,-5.93149794159879e-78,-4.81700204262813e-85,-8.36889435283189e-94,-3.11055689354053e-104,-2.17581990030198e-109,-5.54231406359554e-107,-3.02021720705225e-106,-3.52098385096258e-107,-9.0998903834168e-98,-1.30344118271183e-81,-3.99416088791734e-67,-2.61842013291294e-54,-3.67245331785982e-43,-1.10369225503551e-33,-7.4203315013525e-26,-2.33800546127943e-19,-1.17641615150596e-13,-2.06407865348077e-09,-7.92666384969644e-07,-6.51755805358293e-06,-1.14649056166645e-06,-4.31454793285899e-09,-3.47359304174826e-13,-5.98275726943866e-19,-2.20446211026527e-26,-1.73773161630896e-35,-2.93049898528141e-46,-1.05725380408222e-58,-8.16010498154941e-73,-1.34738294012975e-88,-4.75954186157045e-106,-3.59681471344221e-125,-5.81500094775687e-146,-2.01122344089146e-168,-1.48816012435794e-192,-1.61180227014632e-189,-3.55208352827281e-179,-1.67468598165812e-170,-1.68912740716517e-163,-3.64477094977641e-158,-1.68250700740879e-154,-1.66158411243725e-152,-3.51048069235143e-152,-1.58668112366993e-153,-1.53423374231327e-156,-3.17374634182832e-161,-1.40453221616301e-167,-1.32975002025269e-175,-2.6933147811516e-185,-1.16703271868715e-196,-1.08182685482376e-209,-2.14541490002309e-224,-9.10214262303377e-241,-4.71135216458367e-233,-3.07430420800458e-218,-4.29167592040962e-205,-1.281698298732e-193,-8.18886110297998e-184,-1.11928326457836e-175,-3.27291950484899e-169,-2.0474318116808e-164,-2.74007454291003e-161,-7.84502112515536e-160,-4.80512473051045e-160,-6.29642481840642e-162,-1.76507103109438e-165,-1.05854459968354e-170,-1.35810998763685e-177,-3.72768781228861e-186,-2.1888849387635e-196,-2.74969890504495e-208,-7.38968892838097e-222,-4.24860134038315e-237,-5.22570169967033e-254,-3.70684208593057e-268,-7.60471137726871e-274,-3.33776922166057e-281,-3.13406993944872e-290,-6.29563977741435e-301,-2.71021537006864e-313,-2.10239754274826e-319,-0,0,0,0,0,0,0,0
0,0,0,0,0,0,0,0,0,0,0,0,0,0,0,0,0,0,0,0,0,0,0,0,0,0,0,0,0,0,0,0,-1.0548589480169e-314,-6.09694083315032e-299,-7.53890686977005e-285,-1.99426829468114e-272,-1.128593643079e-261,-1.36637662306353e-252,-3.53901216245041e-245,-1.96097698081632e-239,-2.32456526855425e-235,-5.89508185546879e-233,-6.11104379621012e-218,-1.56717500122086e-197,-8.59801953153749e-179,-1.00915567733541e-161,-2.53394227315478e-146,-1.36117534568753e-132,-1.56426468366687e-120,-3.84578689273348e-110,-2.02273504079584e-101,-2.27599649872475e-94,-5.47876899986747e-89,-2.82145545742106e-85,-3.10843804373762e-83,-7.32639013303757e-83,-3.69416828503817e-84,-4.0822982795528e-87,-2.78500057685396e-79,-1.7043942717292e-71,-2.23148335079207e-65,-6.2502306520604e-61,-3.74521924547558e-58,-4.80106136502767e-57,-1.31667571249111e-57,-2.63735454130837e-50,-1.78572683324151e-39,-2.58666592277816e-30,-8.01575560181405e-23,-5.31407159558912e-17,-7.53683736547393e-13,-2.28680795882636e-10,-1.48439354576028e-09,-2.06145539291465e-10,-9.91169308123912e-13,-2.4206937599238e-13,-3.31043841256504e-15,-7.25326791839832e-13,-5.69825692493859e-09,-9.57700811193442e-07,-3.44349092361547e-06,-2.93081857255297e-07,-8.91696638719206e-07,-6.0248146885965e-07,-8.71287307574536e-09,-2.69561522864134e-12,-1.78415766438124e-17,-1.68954543246341e-20,-2.28217361100079e-17,-6.59585706538338e-16,-4.07823831730027e-16,-5.39451958664475e-18,-1.52655363697998e-21,-1.66540130218944e-22,-1.64885696110258e-16,-3.53269077619329e-12,-1.6192252194924e-09,-1.58777040552865e-08,-3.33078772047957e-09,-1.49480697998283e-11,-5.03415236304675e-14,-7.73887075534431e-11,-1.34142517550967e-07,-7.74190703549881e-06,-9.58324127347134e-06,-2.53781952300484e-07,-1.4903116949224e-10,-3.27709157745166e-08,-4.37229732535543e-06,-1.2479857552377e-05,-7.6205861679316e-07,-1.03405975589826e-09,-5.70137269500045e-08,-1.80394672888157e-06,-1.22108812545636e-06,-1.76828186719465e-08,-1.5176906575769e-10,-1.19504726484235e-07,-4.39801327292822e-06,-8.68344621296584e-06,-1.33068563216573e-05,-3.27212709495347e-05,-5.59693328023103e-05,-1.05885642850268e-05,-1.44663975234001e-06,-3.80077466345232e-05,-2.31237429780849e-05,-3.00971339104164e-07,-8.38142088070518e-11,-3.00487834938344e-11,-2.52701479747967e-09,-4.74281109010633e-09,-1.92340440380242e-10,-5.90163141595942e-13,-6.45058898847926e-13,-2.10480308002159e-14,-1.46927968682534e-17,-2.19420060059124e-22,-7.09905354401187e-29,-7.82155789781745e-34,-1.47021969378073e-38,-4.13294713725622e-40,-2.08418421076464e-34,-1.11660230225743e-25,-1.37785772312737e-18,-3.63738342615869e-13,-2.05424671351624e-09,-2.48196084930828e-07,-6.41528656833123e-07,-3.54744771919333e-08,-4.1965727384773e-11,-1.06206797833356e-15,-5.7503350981116e-22,-1.22859053242975e-23,-5.45553495099278e-22,-5.1825865609527e-22,-1.05325758446173e-23,-4.5793246550063e-27,-4.25938681256729e-32,-8.47562119092046e-39,-3.60806873852078e-47,-3.28591917004468e-57,-6.40203739923448e-69,-1.19961363554106e-73,-4.65091716899138e-74,-3.85757719718149e-76,-6.84493699940439e-80,-2.59838256323538e-85,-2.1101607448693e-92,-3.66612099912422e-101,-1.36262658589803e-111,-8.61843331969262e-119,-2.19528597526244e-116,-1.19629461643803e-115,-1.43717434224242e-116,-2.84743864332809e-100,-4.07858652565818e-84,-1.24981171161296e-69,-8.1937188729429e-57,-1.15092273057921e-45,-3.60610526246592e-36,-5.12106374757583e-28,-1.17196663192248e-20,-9.59579552405022e-15,-1.72242577443569e-10,-6.61995852799337e-08,-5.44329666086826e-07,-9.5752034148246e-08,-3.60340302044956e-10,-2.90105843494248e-14,-4.99664993361373e-20,-1.84111187548826e-27,-1.45131018596324e-36,-2.44747979916925e-47,-8.82992057353534e-60,-6.81511653877087e-74,-1.12530068915757e-89,-3.97505087631876e-107,-3.00397010772517e-126,-4.85654402996421e-147,-1.67972374940952e-169,-1.24287428753917e-193,-8.25623974335594e-201,-1.81950688003325e-190,-8.5783530743828e-182,-8.65232732881193e-175,-1.86698476161356e-169,-8.61841522396013e-166,-8.51124051636181e-164,-1.79819638843446e-163,-8.12756005864568e-165,-7.85890542127971e-168,-1.62570875895052e-172,-7.19452684655636e-179,-6.81146513395925e-187,-1.37961417162491e-196,-5.97796770254355e-208,-5.5415121567079e-221,-1.09895984710021e-235,-4.66244979330352e-252,-1.2573990543937e-244,-8.20492094206582e-230,-1.14539288416047e-216,-3.42068725186503e-205,-2.18550128450426e-195,-2.98722249858401e-187,-8.73499952187918e-181,-5.46433111771173e-176,-7.31290512546129e-173,-2.09373483447543e-171,-1.28242574134176e-171,-1.68043447743961e-173,-4.71074665595957e-177,-2.82511884524644e-182,-3.62462018240641e-189,-9.94871740958329e-198,-5.8418512478601e-208,-7.33859130519197e-220,-1.97221255092304e-233,-1.13389683497921e-248,-1.39467230333954e-265,-5.83849262948951e-283,-1.12253963164218e-288,-4.92691707378794e-296,-4.62623437082125e-305,-9.29306165946751e-316,-0,0,0,0,0,0,0,0,0,0
0,0,0,0,0,0,0,0,0,0,0,0,0,0,0,0,0,0,0,0,0,0,0,0,0,0,0,0,0,0,0,-1.43120936287292e-318,-3.86670875920305e-301,-2.23490491998134e-285,-2.76347442358667e-271,-7.31022351293217e-259,-4.13699190233676e-248,-5.00861320619754e-239,-1.29726627011524e-231,-7.18819031106175e-226,-8.52096567390428e-222,-2.16091096557116e-219,-4.32827038163595e-210,-1.10997111700994e-189,-6.08965387857433e-171,-7.14747013777736e-154,-1.7946960151922e-138,-9.64069306062753e-125,-1.107909846339e-112,-2.72382622318947e-102,-1.43262715807112e-93,-1.61200272402706e-86,-3.88040603623515e-81,-1.99833079076884e-77,-2.20158976377246e-75,-5.18900659924511e-75,-2.61644046545444e-76,-2.82472744871525e-79,-6.70011493909296e-73,-4.10040759665111e-65,-5.36847103698916e-59,-1.5036716369933e-54,-9.01019541076715e-52,-1.15503254262731e-50,-3.16761973183364e-51,-1.45024371930141e-48,-9.81933182539167e-38,-1.42235254263869e-28,-4.4076934176197e-21,-2.92209487865838e-15,-4.14434647158549e-11,-1.25746702971068e-08,-8.16236437339385e-08,-1.13378419230784e-08,-1.24315371499042e-10,-5.79190371251628e-11,-7.91701825189745e-13,-4.67026427748477e-14,-3.65083497594063e-10,-6.13592569099249e-08,-2.2062176866028e-07,-1.81501344701716e-08,-3.73049499651622e-08,-2.51988163032239e-08,-3.64416328938168e-10,-1.1274423457231e-13,-7.46390460803604e-19,-1.04627473904653e-17,-1.41347940020364e-14,-4.08518792946634e-13,-2.52588401813007e-13,-3.34113157428622e-15,-9.45485211737359e-19,-1.3457472317546e-20,-5.26220113507352e-15,-1.12736681152351e-10,-5.16733811315057e-08,-5.06695821720967e-07,-1.06293467589747e-07,-4.77031121791266e-10,-3.63060370640578e-12,-2.21100502305525e-09,-4.3337499124698e-07,-2.36148342878755e-05,-2.92234916237566e-05,-7.73891153087293e-07,-4.39089348638121e-10,-4.06949150591938e-09,-5.42951093021732e-07,-1.54974645926391e-06,-9.46323053959407e-08,-3.94116021414335e-10,-4.00046616066412e-07,-1.26577036803322e-05,-8.5679759412221e-06,-1.24099343304026e-07,-1.33122417204232e-09,-9.06424599572036e-07,-2.34484173127444e-05,-3.49436547478491e-05,-4.32171768709267e-06,-2.70626096991113e-05,-7.61257258924549e-05,-2.34393276362566e-05,-1.46572202665024e-06,-3.3224515826113e-05,-2.02043846704343e-05,-2.62955248076728e-07,-7.32189650288396e-11,-2.71334449368947e-13,-2.35694796056463e-11,-4.45926216085966e-11,-1.81167671132273e-12,-2.31413996524414e-15,-1.12595590377416e-15,-3.67387405034192e-17,-2.56458600064266e-20,-3.82991451179035e-25,-1.22377305480768e-31,-1.59933664654148e-38,-7.83715777699879e-42,-1.26703010552764e-35,-4.5687583466369e-31,-1.21830125464301e-24,-1.5029208018265e-17,-3.96753534240035e-12,-2.24070313271666e-08,-2.70723930759314e-06,-6.99757853638221e-06,-3.86943650207391e-07,-4.57748021204518e-10,-1.15846798271696e-14,-6.2924925509367e-21,-4.21048302762072e-20,-1.86965869625096e-18,-1.77611693808236e-18,-3.60960422739627e-20,-1.56937390028652e-23,-1.45972845309403e-28,-2.90466819625999e-35,-1.23651615363932e-43,-1.12611272893298e-53,-2.19403094812597e-65,-9.16508546181625e-79,-7.79546629438071e-82,-6.46524474815246e-84,-1.14712906216284e-87,-4.35434743789612e-93,-3.53603507951219e-100,-6.14316359696648e-109,-2.28322694087657e-119,-1.3073625451779e-128,-3.32552927867583e-126,-1.81220707357333e-125,-5.08941217307649e-121,-3.4075506226748e-103,-4.88088261579594e-87,-1.49573432476606e-72,-9.81965275615171e-60,-1.43412819109243e-48,-9.18808890597224e-39,-9.55365826386321e-30,-3.64994348633989e-22,-3.06223959319224e-16,-5.50141164258645e-12,-2.11447247022751e-09,-1.73863825126697e-08,-3.05840680276168e-09,-1.15095960343212e-11,-9.26624373409534e-16,-1.59597530271077e-21,-5.88067829815291e-29,-4.63561635124373e-38,-7.81747243704299e-49,-2.82035670849342e-61,-2.17681002781565e-75,-3.59431245310422e-91,-1.26966729907284e-108,-9.59495294989356e-128,-1.55122420648447e-148,-5.3651899873954e-171,-3.96985318891902e-195,-1.61741896673146e-212,-3.56446156835294e-202,-1.68052180450348e-193,-1.69501355443074e-186,-3.65747198018338e-181,-1.68837008439099e-177,-1.66737427885007e-175,-3.52271375792154e-175,-1.59221027364275e-176,-1.53958012749934e-179,-3.18480598023826e-184,-1.40942662698623e-190,-1.33438383556608e-198,-2.70270024690562e-208,-1.17109950868581e-219,-1.08559672567917e-232,-2.15289108446846e-247,-9.133861090575e-264,-1.283424698867e-256,-8.37474638819192e-242,-1.16910022502506e-228,-3.49148863346347e-217,-2.23073678808433e-207,-3.04905202711701e-199,-8.91579653396308e-193,-5.5774318381688e-188,-7.46426762903382e-185,-2.13707095615706e-183,-1.3089693881586e-183,-1.71521610871079e-185,-4.8082496859195e-189,-2.88359315251149e-194,-3.69964256761396e-201,-1.01546359533925e-209,-5.96276587962467e-220,-7.49048546128899e-232,-2.0130334044914e-245,-1.1573662306286e-260,-1.42353922939342e-277,-3.77670821694007e-296,-6.33709666734862e-304,-2.78140289113207e-311,-2.61163100391683e-320,0,0,0,0,0,0,0,0,0,0,0
0,0,0,0,0,0,0,0,0,0,0,0,0,0,0,0,0,0,0,0,0,0,0,0,0,0,0,0,0,0,-0,-2.00640894155101e-305,-5.42073573272662e-288,-3.13311131337606e-272,-3.87411245254947e-258,-1.02481961478105e-245,-5.79964544203661e-235,-7.02157060927334e-226,-1.81863648472031e-218,-1.00771179055235e-212,-1.19455345572464e-208,-3.02937925139309e-206,-1.1766328508572e-202,-3.00660055446076e-182,-1.64951584991296e-163,-1.93604850346103e-146,-4.86132640976795e-131,-2.61139242453136e-117,-3.00101596596733e-105,-7.37807865082457e-95,-3.88058377570773e-86,-4.36646170080851e-79,-1.05109278590292e-73,-5.41291570627184e-70,-5.96348705937016e-68,-1.40555584944943e-67,-7.08720085553692e-69,-7.64526292294911e-72,-6.16465701718422e-67,-3.77271236192324e-59,-4.93943506065531e-53,-1.38350162500701e-48,-8.2901211180341e-46,-1.06272497289114e-44,-2.91447077802517e-45,-4.75973085474742e-47,-2.06499284101396e-36,-2.99118908513896e-27,-9.26932251055287e-20,-6.14512790940583e-14,-8.71550727349431e-10,-2.64443697428784e-07,-1.71653487233877e-06,-2.38647271872038e-07,-9.00346695186559e-09,-5.30046465458139e-09,-7.24546971030395e-11,-2.23272534367896e-14,-8.94565559189461e-12,-1.50348831608209e-09,-5.40589719520905e-09,-4.34697264367334e-10,-5.96960340571745e-10,-4.0307539941825e-10,-5.82913310396631e-12,-1.80343496667877e-15,-5.11820969464299e-20,-2.47831349646189e-15,-3.34811209631485e-12,-9.67659459373455e-11,-5.98306762289655e-11,-7.91414649384829e-13,-2.23964086207389e-16,-1.36776098957717e-17,-6.47232949138528e-14,-1.37592478102378e-09,-6.3066132932099e-07,-6.18410201708029e-06,-1.29728650845979e-06,-5.82306876391262e-09,-1.03465990558226e-10,-5.83152159002353e-08,-1.19164797320623e-06,-2.7721370959479e-05,-3.4082695157823e-05,-9.02544842222934e-07,-5.11354628108298e-10,-1.93274354578619e-10,-2.57858491943768e-08,-7.36006041828299e-08,-4.49429288340691e-09,-7.33897017004723e-10,-1.07356609694431e-06,-3.39669124775771e-05,-2.29921731618365e-05,-3.35716690047933e-07,-1.07788846763976e-08,-2.79025753344023e-06,-5.55665803182428e-05,-5.8340772087546e-05,-3.17537119045862e-06,-2.44100206646297e-05,-7.41406444656339e-05,-2.41808693052564e-05,-8.25377612024336e-07,-1.16549080845061e-05,-6.80324297642878e-06,-8.79679224882249e-08,-2.44694920198999e-11,-1.10560757798639e-15,-8.46206380376887e-14,-1.60583829997361e-13,-6.52851721843461e-15,-6.17275648490889e-18,-7.51715781996581e-19,-2.45248725507858e-20,-1.71198423954152e-23,-2.55665174583656e-28,-8.16813440437194e-35,-6.71810031667544e-43,-8.85476176377901e-38,-1.48558491584462e-31,-5.33209167217075e-27,-9.17505143249225e-24,-6.26957329474657e-17,-1.65509233246704e-11,-9.34729058278595e-08,-1.12934873503447e-05,-2.91910155345427e-05,-1.61416953671467e-06,-1.90953621004954e-09,-4.83265128131576e-14,-5.27524128248468e-20,-5.51857073935211e-17,-2.45051309404816e-15,-2.32791034110074e-15,-4.73101451152713e-17,-2.05693761103087e-20,-1.9132281711279e-25,-3.80707316424818e-32,-1.62066960754452e-40,-1.47596670620047e-50,-2.87565938258974e-62,-1.29816569241783e-75,-3.09032794769283e-77,-2.12756383046202e-79,-3.13357025580715e-83,-9.87358984483227e-89,-6.65563561625243e-96,-9.59804541085401e-105,-2.9611122579739e-115,-1.95436534204847e-127,-1.92666572410405e-136,-1.04989821991243e-135,-2.32928947092712e-124,-1.55955483911488e-106,-2.23396558933898e-90,-6.85484544520361e-76,-4.66731159707187e-63,-1.35034471742697e-51,-6.37276366889697e-41,-1.13590455876688e-31,-4.45437115409703e-24,-3.74060223348429e-18,-6.72032965066789e-14,-2.58296762151194e-11,-2.12386141217683e-10,-3.73604583667803e-11,-1.4059731461861e-13,-1.13193285127698e-17,-1.94958920443454e-23,-7.18363680525517e-31,-5.66271143352581e-40,-9.54955872019891e-51,-3.44525192977244e-63,-2.65911717000004e-77,-4.39068997122614e-93,-1.55098243393345e-110,-1.17208685224622e-129,-1.89492278576175e-150,-6.55393379922616e-173,-4.84943777460767e-197,-7.79761477780341e-223,-2.67056942883885e-214,-1.25908221186906e-205,-1.2699397351117e-198,-2.74025478176941e-193,-1.26496230790443e-189,-1.24923180966902e-187,-2.63929109293283e-187,-1.19291735919551e-188,-1.15348574894228e-191,-2.38612349284973e-196,-1.05597201429784e-202,-9.99748379738081e-211,-2.02491975752639e-220,-8.77412334528131e-232,-8.13351854705454e-245,-1.61299119195092e-259,-6.84328045698018e-276,-5.00999576036608e-269,-3.26917846726984e-254,-4.56371704237106e-241,-1.36294270060881e-229,-8.70793733411962e-220,-1.19023248831639e-211,-3.48038360761441e-205,-2.17721459526421e-200,-2.91376262344883e-197,-8.34230199823973e-196,-5.10971238975913e-196,-6.69554313575133e-198,-1.87695550525903e-201,-1.12564371571287e-206,-1.44419798021486e-213,-3.96397880759732e-222,-2.32763416531921e-232,-2.9239970554778e-244,-7.85810716505646e-258,-4.51791204716488e-273,-5.5569489275635e-290,-1.46223046451151e-308,-1.36821599302816e-319,-0,0,0,0,0,0,0,0,0,0,0,0,0
0,0,0,0,0,0,0,0,0,0,0,0,0,0,0,0,0,0,0,0,0,0,0,0,0,0,0,0,0,0,-8.51816322188507e-312,-1.07573656276751e-292,-2.90632856743849e-275,-1.67981826895836e-259,-2.07710618068657e-245,-5.49457245245804e-233,-3.10948108527861e-222,-3.76461651262864e-213,-9.75062321783802e-206,-5.40284881800332e-200,-6.40460078646701e-196,-1.62420230279351e-193,-8.82934853524351e-193,-3.11489525828441e-175,-1.70879547404406e-156,-2.00562539235829e-139,-5.03603069371329e-124,-2.70523953644529e-110,-3.10886520324335e-98,-7.64322890796317e-88,-4.02004254738414e-79,-4.52338174700859e-72,-1.08886651205147e-66,-5.60744277209909e-63,-6.17780032466152e-61,-1.45606811863792e-60,-7.34189767000209e-62,-7.9197994756327e-65,-2.16922844207908e-61,-1.32754748071853e-53,-1.7380955508633e-47,-4.86828552153859e-43,-2.91713980534877e-40,-3.73953200009953e-39,-1.02554819128133e-39,-6.01715786732795e-42,-1.6608287971148e-35,-2.40574827733965e-26,-7.45511434655163e-19,-4.94239262757875e-13,-7.00969280528653e-09,-2.12686310179434e-06,-1.38057217337992e-05,-1.92687523693206e-06,-2.96035911897365e-07,-1.8551788067043e-07,-2.53595309598274e-09,-7.41621930263385e-13,-8.38350971538326e-14,-1.40893100436123e-11,-5.06590562356466e-11,-4.01218632773332e-12,-3.65414796960614e-12,-2.46582641841803e-12,-3.56599568823048e-14,-1.10326342831839e-17,-3.55533420529799e-18,-2.24510393213818e-13,-3.03305439098494e-10,-8.76602601048269e-09,-5.42006032150475e-09,-7.16942446476862e-11,-2.02932453099942e-14,-8.6629881286387e-15,-6.19217825497682e-13,-6.42259700772654e-09,-2.94371138122589e-06,-2.88652730365533e-05,-6.05529193041021e-06,-2.73682474861038e-08,-1.44182566130524e-09,-6.27585289500431e-07,-7.9379217760542e-06,-1.43152158232453e-05,-1.52127038841821e-05,-4.02558283954713e-07,-2.28063349650219e-10,-3.51311668562454e-12,-4.68351447929897e-10,-1.33681653954386e-09,-8.1895316079239e-11,-9.80419825521557e-10,-1.106406426113e-06,-3.48619015787553e-05,-2.35993352692888e-05,-4.62167784131308e-07,-2.6815785110259e-07,-3.40225384939409e-06,-5.74198949743317e-05,-4.11427525584884e-05,-1.73306686178544e-06,-9.99943541054333e-06,-3.01041900615672e-05,-9.73700154319889e-06,-1.66783310661651e-06,-8.01322492310398e-06,-1.4855598763592e-06,-1.24863409284291e-08,-3.18073284716154e-12,-1.99883417088805e-17,-1.16539543156938e-16,-2.25376389598476e-16,-1.45643862601067e-17,-1.69906710498659e-19,-2.92846277945237e-22,-6.26256250106763e-24,-4.37071005784767e-27,-6.52715268295307e-32,-2.08532812324221e-38,-5.06322989546135e-42,-3.97060946367017e-34,-6.66158791817545e-28,-2.39098672930029e-23,-1.83673745887387e-20,-1.00326605898847e-16,-2.6405436631732e-11,-1.49127201745844e-07,-1.80176934866084e-05,-4.65715110087908e-05,-2.57525519316798e-06,-3.04648485159385e-09,-7.71003915678238e-14,-1.33689589106908e-17,-2.76624734175351e-14,-1.22834800033311e-12,-1.16689195393039e-12,-2.37147568356028e-14,-1.03106374230624e-17,-9.59027725211467e-23,-1.90833940850356e-29,-8.12379365147293e-38,-7.39845364028918e-48,-1.44146785184371e-59,-3.25623448529401e-69,-1.04328204808329e-69,-7.18256828620491e-72,-1.05788047435771e-75,-3.33328346135131e-81,-2.24691530366171e-88,-3.24026078985218e-97,-9.99659361166607e-108,-6.59785728842113e-120,-9.31606706590528e-134,-2.45933611895212e-146,-4.07710083215086e-128,-2.72990233045502e-110,-3.91516955836145e-94,-1.24299656225239e-79,-1.62562930625236e-66,-3.47851006244822e-54,-2.89233262626067e-43,-5.30129805239927e-34,-2.08092979630371e-26,-1.74754202883395e-20,-3.13962085186649e-16,-1.20671749306399e-13,-9.92231068396002e-13,-1.74541555821039e-13,-6.56846171342945e-16,-5.28819317492296e-20,-9.10814127636932e-26,-3.35607002498599e-33,-2.64552017556044e-42,-4.46138754526922e-53,-1.609561708573e-65,-1.24229323796468e-79,-2.05125389839565e-95,-7.24591985496236e-113,-5.4757856753366e-132,-8.85274928752752e-153,-3.06188374574208e-175,-2.26557288384757e-199,-3.58629645862984e-225,-7.65215065590702e-227,-3.607727501615e-218,-3.63883824627716e-211,-7.85182448328492e-206,-3.62457611084735e-202,-3.57950252425942e-200,-7.56252687154316e-200,-3.41814118518508e-201,-3.3051553107104e-204,-6.83710981400102e-209,-3.02574306983736e-215,-2.8646419513162e-223,-5.80213001893416e-233,-2.51410478179554e-244,-2.33054825733327e-257,-4.6218051753949e-272,-1.96084821708536e-288,-7.47952513590623e-282,-4.8806233955607e-267,-6.8132665104451e-254,-2.03476503286651e-242,-1.30002577422688e-232,-1.77692242463747e-224,-5.19593586918354e-218,-3.25040819801969e-213,-4.35001581329775e-210,-1.24543932712999e-208,-7.6283941313467e-209,-9.99591328570879e-211,-2.80214526160283e-214,-1.68049652503752e-219,-2.15607270163668e-226,-5.91790503380666e-235,-3.4749726505607e-245,-4.36529500618959e-257,-1.17315289020078e-270,-6.74488329628975e-286,-8.29608270558934e-303,-2.18377015461831e-321,0,0,0,0,0,0,0,0,0,0,0,0,0,0
0,0,0,0,0,0,0,0,0,0,0,0,0,0,0,0,0,0,0,0,0,0,0,0,0,0,0,0,0,-2.95895915294323e-320,-1.7466349056941e-299,-2.20577955706943e-280,-5.95937738110346e-263,-3.44443883893615e-247,-4.25907095640029e-233,-1.12665275216526e-220,-6.37593816961631e-210,-7.7192822398809e-201,-1.99934873527587e-193,-1.10784497665749e-187,-1.31325251692062e-183,-3.33039924461607e-181,-1.80685485986828e-180,-1.25340351368165e-168,-6.77009231648346e-150,-7.94608319429184e-133,-1.99522398318404e-117,-1.07178830544279e-103,-1.23170067683263e-91,-3.02816931699196e-81,-1.5926998447355e-72,-1.79211770055218e-65,-4.313978034413e-60,-2.22161161908519e-56,-2.44758146261356e-54,-5.76879333774209e-54,-2.90878495469783e-55,-3.13774085207833e-58,-2.91925117770729e-56,-1.78655393906071e-48,-2.33905114352522e-42,-6.55152060570339e-38,-3.92575609214056e-35,-5.03249467311358e-34,-1.38013682180211e-34,-8.09729152462918e-37,-5.10859829502018e-35,-7.39990597805917e-26,-2.29313871861807e-18,-1.52024387153172e-12,-2.15613030601689e-08,-6.54207554978786e-06,-4.2465463428446e-05,-6.02714927176932e-06,-3.90395770899952e-06,-2.48330175588951e-06,-3.39457642391056e-08,-9.92706099926069e-12,-3.62548537427797e-16,-5.04950837727148e-14,-1.81558356014277e-13,-1.42510159609095e-14,-9.93486634996885e-15,-8.42758670339669e-15,-1.93188647838938e-16,-1.22796710869902e-19,-1.23174676062389e-16,-7.77832994238586e-12,-1.05082430477126e-08,-3.03705506088234e-07,-1.87782030420967e-07,-2.48390055324775e-09,-7.04156616733517e-13,-2.12002793202777e-12,-7.82724353939775e-11,-1.15260319787545e-08,-5.25489495201646e-06,-5.15281317728041e-05,-1.08096131443752e-05,-6.21888921952013e-08,-2.92307835211785e-08,-2.59108314465341e-06,-3.19256326753124e-05,-1.0494277361775e-05,-2.64035820314086e-06,-6.86738843491668e-08,-3.89029852677466e-11,-2.48559224714236e-14,-3.25335906696909e-12,-9.2863128243161e-12,-1.10861198539196e-11,-1.00212693600918e-08,-6.25012137097195e-07,-1.37641675061648e-05,-9.32618037175561e-06,-2.27756707306592e-06,-4.00688042997439e-06,-1.82509570443448e-06,-2.48127564052406e-05,-1.27376305179034e-05,-3.94326677639306e-07,-1.58828353222286e-06,-4.71267405219529e-06,-1.53264013474046e-06,-6.756529410562e-06,-2.9804212755815e-05,-2.85066368935072e-06,-6.22367704237091e-09,-3.98115523102286e-13,-1.16356141157291e-18,-7.4636169293922e-17,-4.74132732758358e-15,-6.44862714764132e-15,-1.87639151836088e-16,-1.16804300767573e-19,-1.55612161459362e-24,-8.69915691177298e-31,-6.37572679904883e-36,-2.03608953822257e-42,-8.68291810937562e-39,-6.8093774952992e-31,-1.14242564414869e-24,-4.1004101313652e-20,-3.14851336094136e-17,-5.78235559012341e-16,-1.61116150855275e-11,-9.09908444666967e-08,-1.09936022836332e-05,-2.84158829857004e-05,-1.57130719366565e-06,-1.85883078987502e-09,-4.70433121271817e-14,-2.55492309448796e-15,-5.30304249696172e-12,-2.35480809994934e-10,-2.23699360778529e-10,-4.54624434359503e-12,-1.97660374038009e-15,-1.83850688468703e-20,-3.65838760300672e-27,-1.55737422030385e-35,-1.4183227277974e-45,-2.91739621790441e-57,-4.18775047899958e-62,-1.34700312010247e-62,-9.27356308867796e-65,-1.36585145150357e-68,-4.30367150572824e-74,-2.90103901461592e-81,-4.18356800257329e-90,-1.29068096307154e-100,-8.51863057560933e-113,-1.2028167673665e-126,-3.63335615430435e-142,-2.72939469859538e-132,-1.8295937377872e-114,-2.70889831819279e-98,-1.60308877926667e-83,-1.55371002997213e-69,-6.02567184942369e-57,-5.16210263919478e-46,-9.47156714281152e-37,-3.71803259428785e-29,-3.12236707053894e-23,-5.60962142599276e-19,-2.15606553605325e-16,-1.7728384835601e-15,-3.11856781143542e-16,-1.17359978681244e-18,-9.44851725332246e-23,-1.62736925730266e-28,-5.99635536856125e-36,-4.72680217911286e-45,-7.97124760780861e-56,-2.87583510486278e-68,-2.21962940920096e-82,-3.66501510229319e-98,-1.29464254616235e-115,-9.78369241015253e-135,-1.58173787559804e-155,-5.47072704085423e-178,-4.04794298801409e-202,-6.40770540031496e-228,-8.38557509844253e-240,-3.95351205953548e-231,-3.98760463003785e-224,-8.60438676982257e-219,-3.97197553266528e-215,-3.92258184423895e-213,-8.28736127488045e-213,-3.74575474194621e-214,-3.62193967634249e-217,-7.49241623429699e-222,-3.31574702088844e-228,-3.13920508012575e-236,-6.35823825124833e-246,-2.75507048947403e-257,-2.55392089246509e-270,-5.06478454638484e-285,-2.14878675543843e-301,-4.27051641766553e-295,-2.78664513594941e-280,-3.89010879194822e-267,-1.16177127839752e-255,-7.42263888595323e-246,-1.014553230245e-237,-2.96667623028143e-231,-1.85585599640834e-226,-2.48368895220537e-223,-7.11097161527328e-222,-4.35551479357308e-222,-5.7072756653034e-224,-1.59991538592626e-227,-9.59497811639278e-233,-1.23103321437061e-239,-3.37889239568613e-248,-1.98407351877428e-258,-2.49241277395978e-270,-6.69824432300298e-284,-3.85106465031709e-299,-4.73673886695495e-316,0,0,0,0,0,0,0,0,0,0,0,0,0,0,0
0,0,0,0,0,0,0,0,0,0,0,0,0,0,0,0,0,0,0,0,0,0,0,0,0,0,0,0,0,-2.32031448472276e-308,-1.36970807051115e-287,-1.72976851157428e-268,-4.67333342961862e-251,-2.70112297692691e-235,-3.33995607372921e-221,-8.8351913858672e-209,-4.99999967911585e-198,-6.0534477743742e-189,-1.56788581835034e-181,-8.68770113580193e-176,-1.0298503511988e-171,-2.61169332440547e-169,-1.41693211933447e-168,-7.72753335854796e-162,-1.02638430200489e-143,-1.20399904218582e-126,-3.02318446176699e-111,-1.62398496538176e-97,-1.86628588021444e-85,-4.5883141460419e-75,-2.41327563389285e-66,-2.71543567616087e-59,-6.53658510108451e-54,-3.36620939973897e-50,-3.70860129434748e-48,-8.74093662089113e-48,-4.40742169882746e-49,-4.75433794441227e-52,-1.50248553579073e-51,-9.19500362665082e-44,-1.20385862846906e-37,-3.37192482199511e-33,-2.02050107278357e-30,-2.59011529171678e-29,-7.1032633296353e-30,-4.1674995710068e-32,-6.54848243113806e-35,-8.705063070337e-26,-2.69759064962843e-18,-1.78837661224015e-12,-2.53641740278026e-08,-7.69593295944144e-06,-4.99556694382252e-05,-7.60325617274348e-06,-1.99166146044038e-05,-1.27128646061233e-05,-1.73779949502771e-07,-5.08200122050218e-11,-3.18354537813529e-16,-6.92115374786025e-17,-2.50713303744483e-16,-7.85808893832766e-15,-7.07119074689973e-13,-1.36462024421109e-12,-5.63393555169657e-14,-4.97618212753975e-17,-1.63207940581724e-15,-1.03063757982994e-10,-1.39235417669069e-07,-4.02413255922896e-06,-2.4881332985802e-06,-3.2911965865937e-08,-9.43794681724157e-12,-2.01298373741269e-10,-7.27300305986624e-09,-1.35348831113331e-08,-3.58768287608207e-06,-3.51789472883658e-05,-7.38414447503064e-06,-4.03840174133761e-07,-6.77276239851654e-07,-4.11474065219728e-06,-5.03438807425731e-05,-1.33963330943255e-05,-2.43879739393724e-07,-4.48875976889755e-09,-2.54305262535096e-12,-1.9189500175465e-16,-8.64299264512452e-15,-2.8514252863924e-14,-1.66214421811754e-10,-1.53832006698508e-07,-3.10902973486416e-06,-3.34373930331646e-06,-2.00492549552879e-06,-1.58340201421132e-05,-2.38605685338694e-05,-1.65158375807574e-06,-4.31824395962188e-06,-1.75032529875258e-06,-3.6937989579414e-08,-9.65884471608191e-08,-2.82424791665273e-07,-1.44731013161981e-07,-1.16139545977886e-05,-5.12716338668815e-05,-4.8433509034408e-06,-9.79621637658736e-09,-4.293200623102e-13,-1.21367214030602e-17,-3.3045579278552e-14,-2.10086118950035e-12,-2.85742629065864e-12,-8.31441198107885e-14,-5.17567327102343e-17,-6.89256663422438e-22,-1.96369456450551e-28,-1.19710428350479e-36,-1.78564242852367e-45,-5.69491983756202e-36,-4.46610433847115e-28,-7.49288440982738e-22,-2.6893547727336e-17,-2.06502845096416e-14,-3.39235332430308e-13,-3.87883814310277e-12,-2.12328476208722e-08,-2.56537318624425e-06,-6.63088819556257e-06,-3.66667369172575e-07,-4.33780485999755e-10,-1.09948877949563e-14,-1.87317053080705e-13,-3.88802373437156e-10,-1.72647113194718e-08,-1.64009325697272e-08,-3.33316316440554e-10,-1.44918360741941e-13,-1.34793534231794e-18,-2.68221456610432e-25,-1.14181772738359e-33,-1.04001112407213e-43,-8.77825480338167e-53,-2.06695153743269e-55,-6.65127908526566e-56,-4.5791323937807e-58,-6.74434903484772e-62,-2.12508195777863e-67,-1.4324851840031e-74,-2.06577683021926e-83,-6.37316956979883e-94,-4.20635917892763e-106,-5.93931067332173e-120,-1.79409130031559e-135,-6.99535502007577e-137,-4.83092978635046e-119,-1.29495116556962e-102,-5.6788720615348e-87,-1.02710236418619e-72,-4.11263007603861e-60,-3.52723803934346e-49,-6.47213051806784e-40,-2.5406171304112e-32,-2.13358529064838e-26,-3.83318345044426e-22,-1.47328921218649e-19,-1.21142134555184e-18,-2.13098917321419e-19,-8.01947749929696e-22,-6.45638933869777e-26,-1.11201887463123e-31,-4.09744765603393e-39,-3.22993273729024e-48,-5.44693698400971e-59,-1.96512432724404e-71,-1.51672386991578e-85,-2.5043891859637e-101,-8.84659053729083e-119,-6.68542223890161e-138,-1.08083790110391e-158,-3.73827372004584e-181,-2.76605262505915e-205,-4.37853260177517e-231,-3.5144205360716e-253,-1.65692217728628e-244,-1.67121041905617e-237,-3.60610997163438e-232,-1.66466024350147e-228,-1.64395928280134e-226,-3.47324416386049e-226,-1.56985080838103e-227,-1.51795974924383e-230,-3.1400816370662e-235,-1.38963399894804e-241,-1.3156450361054e-249,-2.66474613162108e-259,-1.1546537168103e-270,-1.07035165241342e-283,-2.12265795872363e-298,-9.00559395073772e-315,-9.32516377105669e-309,-6.08496016009979e-294,-8.4944999677521e-281,-2.53686120740615e-269,-1.62081857216634e-259,-2.21539366699405e-251,-6.47807876083556e-245,-4.05247501927783e-240,-5.42342048841518e-237,-1.5527624389748e-235,-9.51076750093184e-236,-1.24624928370172e-237,-3.49359925930296e-241,-2.09517382827389e-246,-2.6881026107591e-253,-7.37820016900331e-262,-4.33245272629182e-272,-5.44246995658525e-284,-1.46263868772804e-297,-8.40924259383491e-313,0,0,0,0,0,0,0,0,0,0,0,0,0,0,0,0
0,0,0,0,0,0,0,0,0,0,0,0,0,0,0,0,0,0,0,0,0,0,0,0,0,0,0,0,-1.16891485215226e-318,-6.9589316620994e-297,-4.10793531505477e-276,-5.18780410844375e-257,-1.40159438699894e-239,-8.10102437600692e-224,-1.00169691640094e-209,-2.64979052767997e-197,-1.49956590745933e-186,-1.81550889752093e-177,-4.70229654175279e-170,-2.60555625470505e-164,-3.08865715110571e-160,-7.83281304271982e-158,-4.24956647101727e-157,-6.77186943855827e-154,-6.60878100542601e-138,-6.9771407525633e-121,-1.75189204550054e-105,-9.41075997411407e-92,-1.08148590265033e-79,-2.65886224531969e-69,-1.39845862037214e-60,-1.57355603150378e-53,-3.78785732306184e-48,-1.95067007138717e-44,-2.14908126397372e-42,-5.06524741556085e-42,-2.55403766638873e-43,-2.75507065254089e-46,-2.95805305095867e-47,-1.80991166477783e-39,-2.36963231650538e-33,-6.63717635781494e-29,-3.97708212939458e-26,-5.09829040851093e-25,-1.39818097744268e-25,-8.20315879528598e-28,-1.17901718056252e-31,-3.91640520132646e-26,-1.2136444384485e-18,-8.04589580556109e-13,-1.14113268997771e-08,-3.46239569963198e-06,-2.24757456618653e-05,-4.42522372170571e-06,-3.89630579469503e-05,-2.48901300313738e-05,-3.40238492080894e-07,-9.94989859783168e-11,-6.22898032597484e-16,-3.88361139647105e-20,-3.65073543200249e-16,-1.53882402104072e-12,-1.38813744474849e-10,-2.67888945754762e-10,-1.10600203331138e-11,-9.76868241617904e-15,-8.27065761153761e-15,-5.22270251196211e-10,-7.05568261671472e-07,-2.03920831501376e-05,-1.26084865272015e-05,-1.66780014342148e-07,-5.2525623967824e-11,-7.57752043785311e-09,-2.63781058691494e-07,-2.06174516807627e-07,-9.40150495257629e-07,-9.18526221848905e-06,-1.97233769689648e-06,-3.8515091468195e-06,-6.95120228068125e-06,-2.73724335826708e-06,-3.03933969408982e-05,-8.00878994386107e-06,-4.93300978479631e-08,-1.19770907326529e-10,-2.33057054574317e-12,-4.28896789066018e-14,-3.18701617287309e-17,-2.50116734973167e-14,-1.00484154980333e-09,-9.29722791531893e-07,-1.84068237752376e-05,-7.91403095029231e-06,-2.39747339771334e-06,-4.85896206433594e-05,-5.69856004327338e-05,-4.25609110158302e-06,-3.49038270772163e-07,-1.04029684224805e-07,-1.70130298554764e-09,-2.25720283789747e-09,-6.47889540231996e-09,-3.91021734242215e-08,-7.65785313074032e-06,-3.38093513732945e-05,-3.19419409995003e-06,-6.60252132653891e-09,-8.3981488980457e-13,-2.41431057879496e-15,-5.60151047965951e-12,-3.56020725052707e-10,-4.8423126530222e-10,-1.4089946066499e-11,-8.77090976637513e-15,-1.16804281954905e-19,-3.32775767217361e-26,-2.02825909137741e-34,-4.16148542367749e-43,-1.4285354907981e-33,-1.12028738207564e-25,-1.87952170753232e-19,-6.74597303782607e-15,-5.17989671043777e-12,-8.50896546049453e-11,-3.02383001396889e-11,-1.89513447844915e-09,-2.28945691053375e-07,-5.91839903722219e-07,-3.2844818346195e-08,-4.31698351917103e-11,-4.5231210456579e-15,-5.25231554360966e-12,-1.09019054084498e-08,-4.84097481312049e-07,-4.59877376531577e-07,-9.34609251688425e-09,-4.06346866349984e-12,-3.77957147451206e-17,-7.52085159005978e-24,-3.20162474499098e-32,-5.99395508563436e-42,-1.90630328073587e-47,-3.90314804723372e-49,-1.25606305731383e-49,-8.6474781175865e-52,-1.27363888354532e-55,-4.01311823893258e-61,-2.70518150976762e-68,-3.90112326942125e-77,-1.20354337143327e-87,-7.94351327423671e-100,-1.12161114081028e-113,-3.38805780795978e-129,-7.05006846750485e-142,-8.56856993004329e-124,-1.69853311590145e-106,-1.432429214384e-90,-2.68078054813804e-76,-1.07472217682497e-63,-9.21785456089078e-53,-1.6913870326024e-43,-6.63949387518958e-36,-5.57578169718919e-30,-1.00174078908396e-25,-3.8502041894103e-23,-3.1658546748354e-22,-5.56899716256081e-23,-2.09576134877508e-25,-1.68727342022875e-29,-2.9060823186608e-35,-1.07080198515399e-42,-8.44090926191833e-52,-1.42346929725805e-62,-5.13553608815127e-75,-3.96371367537684e-89,-6.54481798682409e-105,-2.31191402658318e-122,-1.7471274817792e-141,-2.82459586378729e-162,-9.76937658881231e-185,-7.22863326293409e-209,-1.14425901088402e-234,-3.87505269053922e-262,-2.65577241682988e-258,-2.67867410702219e-251,-5.77999831615934e-246,-2.66817525813113e-242,-2.63499503929984e-240,-5.56703638453461e-240,-2.51621140243576e-241,-2.43303861048101e-244,-5.03303191461452e-249,-2.22735364067563e-255,-2.10876156111935e-263,-4.27114765631498e-273,-1.85071908272535e-284,-1.71559680578571e-297,-3.40226990405313e-312,0,-7.90505033345994e-323,-5.08163553291301e-308,-7.0938760048915e-295,-2.11856835779363e-283,-1.35356831138066e-273,-1.85010630823921e-265,-5.40993438739745e-259,-3.38427869901856e-254,-4.52917447916437e-251,-1.29673368049395e-249,-7.94257526859658e-250,-1.04076024761047e-251,-2.91755371715324e-255,-1.74970903559871e-260,-2.24487217394109e-267,-6.16163839388768e-276,-3.61809200706819e-286,-4.54508295708244e-298,-1.22147007241036e-311,-0,0,0,0,0,0,0,0,0,0,0,0,0,0,0,0,0
0,0,0,0,0,0,0,0,0,0,0,0,0,0,0,0,0,0,0,0,0,0,0,0,0,0,0,-5.03946958758071e-322,-5.75144557835194e-305,-7.98332338165354e-286,-4.7118220509752e-265,-5.95043687867879e-246,-1.60763566915976e-228,-9.29191488236976e-213,-1.14895129962782e-198,-3.0393227938228e-186,-1.7200094859464e-175,-2.08239765256263e-166,-5.39355730702855e-159,-2.98858586472729e-153,-3.5427049736939e-149,-8.98427516130289e-147,-4.87427368477156e-146,-3.54977002694035e-146,-3.064163485519e-131,-1.55242022432489e-115,-3.88257669895758e-100,-2.08562916479256e-86,-2.39680806416994e-74,-5.8926172366017e-64,-3.09928857186368e-55,-3.4873425316861e-48,-8.39471596956644e-43,-4.32310929451596e-39,-4.76283166652987e-37,-1.1225690342223e-36,-5.66030316252156e-38,-6.10583599929121e-41,-2.24041157651874e-43,-1.3624875903007e-35,-1.78384099491971e-29,-4.99641534896126e-25,-2.99391685923633e-22,-3.83795383417118e-21,-1.05253989342996e-21,-6.17528039640828e-24,-1.31394823959655e-27,-7.63203757784816e-27,-2.08822165318888e-19,-1.38439342740314e-13,-1.96345644286158e-09,-5.95746953714054e-07,-3.8677619138856e-06,-1.51357874247169e-06,-2.91693604885669e-05,-1.86371988050962e-05,-2.54763366281203e-07,-7.45260916425323e-11,-8.39156283744939e-16,-1.89024880068653e-18,-2.74017957536592e-14,-1.15532263691376e-10,-1.04218975040768e-08,-2.0112641912571e-08,-8.30367329565973e-10,-7.33415691889571e-13,-1.60422397036253e-14,-1.01217197036205e-09,-1.36740780320376e-06,-3.95203343731126e-05,-2.44355445894359e-05,-3.23304710390211e-07,-2.40156731471494e-10,-1.18501504160276e-07,-3.7864551636885e-06,-2.82858568221086e-06,-1.40418299296323e-07,-9.17272516057751e-07,-3.72701198905891e-07,-1.52355090467025e-05,-2.75413380399588e-05,-1.63507598626262e-06,-7.01856918510265e-06,-1.84845301139953e-06,-1.04664816150535e-08,-4.38805173110843e-10,-3.85955309070878e-10,-7.30102905603543e-12,-5.40337671102488e-15,-8.03913819751335e-13,-2.32814685075547e-09,-2.14957124816263e-06,-4.25496564104887e-05,-1.8031353947326e-05,-3.42785536478137e-06,-6.16629693144067e-05,-5.99438034399306e-05,-1.34862008986512e-05,-4.13023813991568e-07,-1.06388982222525e-08,-1.72733326564697e-08,-8.38374560771075e-10,-5.85932035576351e-11,-9.37543866467699e-09,-1.93129366708084e-06,-8.53303769916132e-06,-8.58236441654928e-07,-1.08775432951924e-08,-3.46829433830847e-11,-3.96509075439259e-13,-3.63862042950637e-10,-2.3074054290707e-08,-3.13834237691021e-08,-9.13180908875212e-10,-5.68449823320237e-13,-7.57018088304353e-18,-2.15674691814942e-24,-1.31453127763544e-32,-3.91079649900217e-41,-1.37068491835057e-31,-1.07487601676928e-23,-1.80327586286279e-17,-6.47214393528591e-13,-4.9695341628644e-10,-8.16327004490572e-09,-2.86876460122365e-09,-8.62636909864792e-11,-7.89173412974343e-09,-2.63993058418387e-08,-1.17199100120313e-08,-3.89145880722433e-10,-3.0408631205422e-13,-5.63240723730899e-11,-1.16908372248096e-07,-5.19129880779642e-06,-4.93157053833551e-06,-1.0022435731117e-07,-4.35752732511063e-11,-4.05308551418971e-16,-8.06510866757362e-23,-3.44216696813732e-31,-2.5596591279715e-37,-1.601568279103e-42,-2.81895743442775e-43,-9.07167360666077e-44,-6.24547458399526e-46,-9.19861162781477e-50,-2.8983973851115e-55,-1.95376526365391e-62,-2.81751117457613e-71,-8.6923602867936e-82,-5.73704952903904e-94,-8.1006205252034e-108,-2.44695952287957e-123,-1.5812998102021e-140,-4.15729119574517e-128,-1.63449647959839e-110,-1.42972164181425e-94,-2.67920636274072e-80,-1.07414014225088e-67,-9.21287718947416e-57,-1.69047382763181e-47,-6.63590912684431e-40,-5.57277126114427e-34,-1.00119993638751e-29,-3.84812541480105e-27,-3.1641453893038e-26,-5.56599038958694e-27,-2.09462982035098e-29,-1.68636243967491e-33,-2.90451328755512e-39,-1.07022384543236e-46,-8.43635190677823e-56,-1.4227007479327e-66,-5.13276334636928e-79,-3.96157361554066e-93,-6.54128435567534e-109,-2.31066579455687e-126,-1.74618418525012e-145,-2.8230708282633e-166,-9.76410197712906e-189,-7.22473043114948e-213,-1.14364121077229e-238,-3.87290420020343e-266,-1.6279808920941e-272,-1.64201956264941e-265,-3.54312242849319e-260,-1.63558379832137e-256,-1.61524441912192e-254,-3.41257737379217e-254,-1.54243038962067e-255,-1.49144570614915e-258,-3.08523416177084e-263,-1.36536140822056e-269,-1.29266480280066e-277,-2.6182012915446e-287,-1.13448550192688e-298,-1.05165593281175e-311,-0,0,0,-1.63041663127611e-322,-2.26568259952075e-309,-6.76640451685231e-298,-4.32310371402538e-288,-5.9089751032464e-280,-1.72785571634231e-273,-1.08089024321935e-268,-1.44655359080992e-265,-4.14158202664117e-264,-2.53674501345028e-264,-3.32403946961895e-266,-9.31824955153415e-270,-5.58832056473315e-275,-7.16980085236834e-282,-1.96793923152084e-290,-1.15556687179589e-300,-1.45163453127124e-312,-0,0,0,0,0,0,0,0,0,0,0,0,0,0,0,0,0,0
0,0,0,0,0,0,0,0,0,0,0,0,0,0,0,0,0,0,0,0,0,0,0,0,0,0,-0,-1.21362567842536e-308,-1.37864441863715e-291,-3.83644873022001e-275,-2.06692096301636e-254,-2.61026042306508e-235,-7.05216750882909e-218,-4.07605662684124e-202,-5.04007044624498e-188,-1.33325067778834e-175,-7.54511438403706e-165,-9.13479176133156e-156,-2.3659757199534e-148,-1.31099406021445e-142,-1.55406783938219e-138,-3.9411052266607e-136,-2.13818311998829e-135,-2.48674456237401e-136,-4.95122486585834e-124,-2.35126611988053e-110,-3.29127065197218e-95,-1.76774329599328e-81,-2.03149311074067e-69,-4.99448057576495e-59,-2.62690345381914e-50,-2.95581128659732e-43,-7.11521623848802e-38,-3.66419275704066e-34,-4.03689384342911e-32,-9.51470121214229e-32,-4.79757517976145e-33,-5.17520111569576e-36,-7.60392016818137e-40,-3.92263079790236e-32,-5.13571622600142e-26,-1.43847862295921e-21,-8.61955041792905e-19,-1.10495508495052e-17,-3.03028477573629e-18,-1.7778839885853e-20,-9.6782216537431e-24,-1.2346648427096e-23,-1.37418518171934e-20,-9.10991564347873e-15,-1.29204041352413e-10,-3.92027635573694e-08,-2.54669971996364e-07,-3.14995634523878e-07,-8.35279446990646e-06,-5.33708161587304e-06,-7.29668269981663e-08,-2.95169450543298e-11,-1.30868983773028e-13,-2.14492513521902e-15,-7.90012780387081e-13,-3.31731969761384e-09,-2.99247704848606e-07,-5.77501546951776e-07,-2.3842636857312e-08,-2.10588293730408e-11,-1.22944639989355e-14,-7.50211778895755e-10,-1.01350705117034e-06,-2.92920206821827e-05,-1.81115914155697e-05,-2.47184893256022e-07,-5.93641645307986e-09,-8.30893478309378e-07,-2.25027453428804e-05,-1.54841973126715e-05,-2.51726443553083e-07,-3.51853766438731e-08,-2.80699581508808e-07,-2.30983145957303e-05,-4.17558804161338e-05,-1.66518476465757e-06,-6.21037523436278e-07,-1.6322647042858e-07,-1.60742978674791e-09,-2.84170232859426e-08,-2.51272957333931e-08,-4.75328120051122e-10,-5.93947552092502e-13,-1.22866440847971e-10,-2.85925644383834e-09,-1.90087787799081e-06,-3.76435980445738e-05,-1.61831756775618e-05,-2.03982584684961e-06,-3.19071218097335e-05,-4.05961210519872e-05,-3.42170849775583e-05,-1.21457773136765e-06,-2.35450585555156e-07,-5.20097428902635e-07,-2.467918058492e-08,-2.5337406883696e-11,-9.02693887013404e-10,-1.86673903662787e-07,-9.75084728676501e-07,-1.32592081566144e-06,-2.18470622235969e-07,-8.17217748133923e-10,-6.1287036047452e-11,-9.19536285440002e-09,-5.71940609353205e-07,-7.7788881567908e-07,-2.26346622473209e-08,-1.4089946066507e-11,-1.87639147696055e-16,-5.3458452284029e-23,-3.25827787165692e-31,-1.41656656821307e-39,-5.03513252838801e-30,-3.94749679958189e-22,-6.62121792605417e-16,-2.37604065679788e-11,-1.82417076931281e-08,-2.99619008169201e-07,-1.0528409480231e-07,-7.93021720576561e-10,-2.68324587585526e-09,-2.06542755683922e-07,-3.52695002692217e-07,-1.28999150244406e-08,-1.00965368298443e-11,-2.30997475019507e-10,-4.79466777540818e-07,-2.12906506417137e-05,-2.02254482614222e-05,-4.11041987045275e-07,-1.78711716230475e-10,-1.6622589239937e-15,-3.30769810732328e-22,-2.95598879003866e-29,-8.13827346458678e-33,-5.55073974422274e-38,-7.78634976487767e-38,-2.50572318777779e-38,-1.72508747143456e-40,-2.54078524543198e-44,-8.00577914304157e-50,-5.39657304360888e-57,-7.78236011134137e-66,-2.4009515411959e-76,-1.58465335699339e-88,-2.23750473898079e-102,-6.75884459900668e-118,-4.36777006021092e-135,-1.52597138913297e-132,-6.23864591464213e-115,-5.46467874146355e-99,-1.02409572566576e-84,-4.10578380978768e-72,-3.52152226533619e-61,-6.46165265530735e-52,-2.53650421154767e-44,-2.13013130585809e-38,-3.82697804733585e-34,-1.47090415716316e-31,-1.20946021901842e-30,-2.12753939133166e-31,-8.00649505502537e-34,-6.44593732174376e-38,-1.11021866719002e-43,-4.09081444509785e-51,-3.22470391511743e-60,-5.4381191332393e-71,-1.96194305800702e-83,-1.51426850008424e-97,-2.50033492020339e-113,-8.83226910941059e-131,-6.6745994488064e-150,-1.07908817142154e-170,-3.7322219629025e-193,-2.76157476174947e-217,-4.37144435250973e-243,-1.48037557883715e-270,-3.81660708840303e-287,-3.84951907761142e-280,-8.30642806763445e-275,-3.8344311955159e-271,-3.7867479461588e-269,-8.00038075249344e-269,-3.61604413600976e-270,-3.49651662479492e-273,-7.23296362283949e-278,-3.20092702202578e-284,-3.03049849863477e-292,-6.1380607454924e-302,-2.65966598831613e-313,-0,0,0,0,0,-4.94065645841247e-324,-8.26500529295035e-313,-5.28057035157469e-303,-7.21767526353006e-295,-2.11053545579234e-288,-1.32028222064955e-283,-1.7669314707426e-280,-5.05884584437477e-279,-3.09857486510787e-279,-4.06023667990882e-281,-1.13820244818031e-284,-6.82600322390857e-290,-8.7577445076982e-297,-2.40379186970645e-305,-1.41149798152806e-315,-0,0,0,0,0,0,0,0,0,0,0,0,0,0,0,0,0,0,0
0,0,0,0,0,0,0,0,0,0,0,0,0,0,0,0,0,0,0,0,0,0,0,0,0,0,-2.0963292535868e-314,-1.11313489295786e-295,-1.26448856903103e-278,-3.1317295463918e-263,-3.46761246469282e-244,-4.37913694531865e-225,-1.1831159454279e-207,-6.83824878470989e-192,-8.45553895815228e-178,-2.23674513427127e-165,-1.26581581147288e-154,-1.53251007969727e-145,-3.96930957364161e-138,-2.19940603376057e-132,-2.60720188331847e-128,-6.61184583382852e-126,-3.58715039076377e-125,-4.16347152348324e-126,-3.19575198733981e-117,-6.76107025802866e-104,-1.09694559092744e-90,-5.73024499143342e-77,-6.58517245690468e-65,-1.61898239873162e-54,-8.51522073293577e-46,-9.5813896447873e-39,-2.30642800157756e-33,-1.18776387037988e-29,-1.30857653341813e-27,-3.08423139463045e-27,-1.55515466619561e-28,-1.67756374043415e-31,-4.57710160394958e-36,-4.31908761843415e-29,-5.65477851634031e-23,-1.58386438334381e-18,-9.49072074446893e-16,-1.21663191674514e-14,-3.33655297425539e-15,-1.95761335365345e-17,-4.18143814201456e-20,-6.52520474862917e-20,-2.66023970353355e-21,-2.29265595500117e-16,-3.25162629543744e-12,-9.86600488290336e-10,-6.42607406064452e-09,-3.15174560539039e-08,-9.14788061145811e-07,-5.8455857017385e-07,-9.45892890422681e-09,-1.09697064785904e-09,-1.76573362810207e-11,-1.04184953822132e-12,-1.0259803972455e-11,-3.64285342977936e-08,-3.28612864209227e-06,-6.34171739171271e-06,-2.61823133845867e-07,-2.3125336614204e-10,-1.80212852895152e-14,-2.13424043679953e-10,-2.87294794363372e-07,-8.30324922992474e-06,-5.14270860470575e-06,-3.39115954765012e-07,-1.82575351973658e-07,-2.78786922985292e-06,-5.9682693609987e-05,-3.49786622027162e-05,-5.1824271331676e-07,-7.29885382405606e-10,-1.58610671645916e-07,-1.3393581006497e-05,-2.42121752969079e-05,-9.38074467218559e-07,-2.17033452999379e-08,-5.52135985225137e-09,-1.71495674974301e-08,-7.07548073234543e-07,-6.25640532000002e-07,-1.18351204980729e-08,-3.01788632340442e-11,-7.70520844696497e-09,-5.11042177511554e-08,-6.50390419516039e-07,-1.3027096707838e-05,-9.14249690146384e-06,-1.46016064491293e-06,-6.77681322468707e-06,-2.61283593864941e-05,-3.86112271794072e-05,-1.42132624270592e-06,-2.70543412707171e-06,-5.99830053093515e-06,-2.84624780641113e-07,-2.89347999004154e-10,-3.36276302571485e-11,-1.04775571629954e-08,-1.40848084852643e-06,-1.1269583558758e-05,-1.97051684103523e-06,-7.40266568395322e-09,-4.79779982884343e-09,-1.01626612060257e-07,-5.42278992715474e-06,-7.3740235861003e-06,-2.14566005167967e-07,-1.33566094634081e-10,-1.77873130528135e-15,-5.06761109166412e-22,-3.0886952578446e-30,-2.01725770562474e-38,-7.12007277553666e-29,-5.57334923432646e-21,-9.33662150232895e-15,-3.34712661201093e-10,-2.56765881132226e-07,-4.21467812353858e-06,-1.48025572466914e-06,-1.11322812287407e-08,-3.28366547999482e-08,-2.62407373256578e-06,-4.48644067454391e-06,-1.6409934109589e-07,-1.28411284515927e-10,-3.62319826859173e-10,-7.52040325274747e-07,-3.33942383162143e-05,-3.17234757481244e-05,-6.44716514509268e-07,-2.80308091196023e-10,-2.60724166861401e-15,-5.4414254652711e-22,-3.42359224329232e-25,-9.89703645993564e-29,-1.15888284248825e-33,-8.22525277653764e-33,-2.64696665184665e-33,-1.82232779369989e-35,-2.68400509959233e-39,-8.45705164762174e-45,-5.70076892386329e-52,-8.22103885531388e-61,-2.53628920115527e-71,-1.67397764092934e-83,-2.36362917353345e-97,-7.1398294695314e-113,-4.61397402103532e-130,-2.22729534412823e-137,-9.119512439645e-120,-7.98856311312783e-104,-1.49708129583923e-89,-6.00206834811096e-77,-5.14796159577547e-66,-9.44601147202935e-57,-3.70800616488045e-49,-3.11394713171323e-43,-5.59449423650926e-39,-2.15025138057309e-36,-1.76805775755524e-35,-3.1101581235976e-36,-1.17043499821384e-38,-9.42303790336602e-43,-1.62298081097785e-48,-5.98018529310897e-56,-4.71405564506236e-65,-7.94975193796508e-76,-2.8680799823299e-88,-2.2136438441674e-102,-3.6551318370269e-118,-1.29115134753107e-135,-9.75730920990028e-155,-1.5774724811672e-175,-5.45597440136053e-198,-4.03702710002544e-222,-6.39042605754192e-248,-2.16409724363057e-275,-3.4376413865154e-302,-3.45147178723654e-295,-7.44752826265742e-290,-3.4379440196552e-286,-3.39519130520952e-284,-7.17312679783153e-284,-3.24213858022595e-285,-3.13497043157176e-288,-6.4850619984013e-293,-2.86994533259467e-299,-2.71713942921688e-307,-5.50337400794029e-317,0,0,0,0,0,0,0,0,-2.46681048180784e-318,-3.37172556550659e-310,-9.85933294776965e-304,-6.16767747856626e-299,-8.25419237479969e-296,-2.36323182224923e-294,-1.44749433964014e-294,-1.89673313301168e-296,-5.3170947058857e-300,-3.18875659266313e-305,-4.09116647322469e-312,-1.12301121299715e-320,0,0,0,0,0,0,0,0,0,0,0,0,0,0,0,0,0,0,0,0
0,0,0,0,0,0,0,0,0,0,0,0,0,0,0,0,0,0,0,0,0,0,0,0,0,-2.96439387504748e-322,-7.35346850458235e-302,-3.90463585972053e-283,-4.43555173212503e-266,-1.07797515729393e-250,-2.23046557494288e-234,-2.80971918650332e-215,-7.59104730566711e-198,-4.38752179896325e-182,-5.42519915096155e-168,-1.43512883843629e-155,-8.12166190666692e-145,-9.83281186966466e-136,-2.54676786842349e-128,-1.4111715179875e-122,-1.67281938073601e-118,-4.24225830919874e-116,-2.30156887108662e-115,-2.67134296823294e-116,-7.8904207728195e-111,-1.65889665858746e-97,-8.78331200216617e-86,-7.11100763066211e-73,-8.16373186766887e-61,-2.00707512342898e-50,-1.05564382394894e-41,-1.18781827513247e-34,-2.85931105206808e-29,-1.47248748259273e-25,-1.62226063068961e-23,-3.82356479706728e-23,-1.92794699062225e-24,-2.07969923201207e-27,-4.82909489771793e-32,-1.81876378115457e-26,-2.38122197661886e-20,-6.66963819485369e-16,-3.99653368303945e-13,-5.12322569175419e-12,-1.40501935606497e-12,-8.24430429741705e-15,-8.05876074508859e-17,-1.3189387793927e-16,-4.67812780701404e-18,-2.21019802622292e-18,-3.12964341681869e-14,-9.49589826524157e-12,-6.25577968042874e-11,-1.29143776126174e-09,-3.83175372785329e-08,-2.66401449267042e-08,-7.54844581239779e-08,-5.6025209283e-08,-9.47967881402804e-10,-1.96270938741403e-10,-3.41710693408113e-10,-1.53000816625774e-07,-1.38009186432844e-05,-2.6633627367627e-05,-1.09959169855319e-06,-9.71246509304854e-10,-2.84951284608133e-12,-1.78718113528616e-10,-3.14778719635391e-08,-9.00251091726422e-07,-6.76259253776478e-07,-3.70103381599691e-06,-2.44489900766878e-06,-4.43654448404041e-06,-7.55456423693989e-05,-3.5102751618866e-05,-4.45059307694144e-07,-1.536728795836e-10,-3.51505869368415e-08,-2.97018442711007e-06,-5.3693347759535e-06,-2.07674066988044e-07,-4.4211809878184e-10,-1.55575261989288e-10,-1.63010583958508e-07,-6.73759556699386e-06,-5.95763718016337e-06,-1.12699602470884e-07,-6.80921034621703e-10,-1.86495455723257e-07,-1.21057214514684e-06,-2.58151151874861e-07,-3.40129206202041e-06,-2.24535902905327e-05,-6.49255325589056e-06,-8.02128543915863e-07,-1.0246649045026e-05,-1.69686563000234e-05,-7.29629968835341e-07,-1.19304927414074e-05,-2.64587466802848e-05,-1.25545194873113e-06,-1.37508710361611e-09,-3.15681005050711e-11,-1.25462502547352e-08,-4.75774897413844e-06,-3.88924712792929e-05,-6.80215526925463e-06,-2.6383479658859e-08,-1.49541403223613e-07,-8.21548794992294e-07,-1.96930504362452e-05,-2.67338784334673e-05,-7.77888794688774e-07,-4.84231265112276e-10,-6.4486224038267e-15,-1.83721455466992e-21,-1.12211208440409e-29,-2.19174260056305e-35,-4.00556354465536e-28,-3.10615323307287e-20,-5.16456908190095e-14,-1.84033449305858e-09,-1.40494077425619e-06,-2.2971883858929e-05,-8.04294381060891e-06,-6.03312704111106e-08,-1.59751553672182e-07,-1.27663305887241e-05,-2.18269067270875e-05,-7.98356944426454e-07,-6.2471565301699e-10,-2.17351544559734e-10,-4.51121410232426e-07,-2.00319788401566e-05,-1.90297496503789e-05,-3.86741792229422e-07,-1.68146543682298e-10,-1.56417518775469e-15,-1.18146320914132e-19,-1.59228876043545e-21,-4.6030722694416e-25,-2.49376966379046e-29,-3.32303051748658e-28,-1.06938367469726e-28,-7.36226726230265e-31,-1.08434733558349e-34,-3.41667809140283e-40,-2.3031303458802e-47,-3.32132810770062e-56,-1.02466960214035e-66,-6.76292751844546e-79,-9.54914354304963e-93,-2.88451577941587e-108,-1.86406144940674e-125,-1.27093632309495e-142,-5.09853375169119e-125,-4.46625177353351e-109,-8.36989375572038e-95,-3.35564104959087e-82,-2.87812638111483e-71,-5.28108345570234e-62,-2.07307497656339e-54,-1.74094798930956e-48,-3.12777419791846e-44,-1.20216421768834e-41,-9.88487109061948e-41,-1.73882962769926e-41,-6.54367711001192e-44,-5.26823937502982e-48,-9.07377376701118e-54,-3.34340665443752e-61,-2.63553790402642e-70,-4.44455350926119e-81,-1.60348839181126e-93,-1.23760572564071e-107,-2.04351395613855e-123,-7.21857901659981e-141,-5.45512403760734e-160,-8.81934544202811e-181,-3.05033042052546e-203,-2.25702425741267e-227,-3.57276438074545e-253,-1.20990517359743e-280,-8.76550831283057e-310,-1.18350986254622e-310,-2.55375784412945e-305,-1.17887119031082e-301,-1.16421128221474e-299,-2.45966556699727e-299,-1.11172949453869e-300,-1.07498153056805e-303,-2.22372811005269e-308,-9.84104409636064e-315,-9.38724727098368e-323,0,0,0,0,0,0,0,0,0,0,-0,-1.76144284055321e-319,-1.10191028832753e-314,-1.47468468173333e-311,-4.22212326707523e-310,-2.58607702926815e-310,-3.38868198072193e-312,-9.4994613379166e-316,-5.69657689654957e-321,-0,0,0,0,0,0,0,0,0,0,0,0,0,0,0,0,0,0,0,0,0,0
0,0,0,0,0,0,0,0,0,0,0,0,0,0,0,0,0,0,0,0,0,0,0,0,-7.13084946642671e-320,-4.0267580991991e-310,-9.86494528098703e-290,-5.23821093057174e-271,-5.95045387098538e-254,-1.44609238597532e-238,-1.29777455033949e-224,-6.89456804369279e-206,-1.86271233392239e-188,-1.0766223211625e-172,-1.33125048040967e-158,-3.52155912152893e-146,-1.99291602282624e-135,-2.41280276742434e-126,-6.24932993976741e-119,-3.46277198124272e-113,-4.10481079546828e-109,-1.04097716138982e-106,-5.64765380969783e-106,-6.55501578794597e-107,-7.45086900932856e-105,-1.56640080294887e-91,-7.05136773077557e-80,-4.04596565962547e-69,-3.870753479575e-57,-9.5160087776051e-47,-5.00505223393427e-38,-5.63172196585542e-31,-1.35566569367265e-25,-6.98140470960502e-22,-7.69151394574927e-20,-1.81284076077327e-19,-9.1408438844581e-21,-9.86033646096987e-24,-2.2759741390584e-28,-2.92907358263158e-24,-3.83489843931793e-18,-1.07412855060986e-13,-6.43631754378969e-11,-8.25082684541611e-10,-2.26274853534034e-10,-1.32835280663809e-12,-6.16639960188944e-14,-1.01958834242449e-13,-3.6163628947536e-15,-2.75221023666957e-18,-1.15201722540783e-16,-3.49550230294168e-14,-2.4976120711429e-13,-2.29524342497235e-11,-6.54458938430486e-10,-4.2609288554072e-08,-1.47049908654934e-06,-1.09831590668112e-06,-2.31055326003306e-08,-1.42088708122924e-08,-2.20737320662219e-08,-2.46472891473857e-07,-2.21667050623222e-05,-4.27782935254889e-05,-1.76613871992348e-06,-1.5725722389535e-09,-3.52113373866875e-10,-1.2538137203671e-08,-2.65443062145676e-08,-3.89507222751667e-08,-6.46517151109982e-07,-1.92394650750273e-05,-1.27062531480072e-05,-3.22112869053735e-06,-4.52229348934307e-05,-1.67759122566232e-05,-1.69037840500998e-07,-4.71132616553388e-11,-2.98113620973099e-09,-2.51906771379396e-07,-4.55383095966864e-07,-1.76114636857433e-08,-1.59095998581089e-11,-3.07624354464483e-10,-5.93658526900648e-07,-2.45375237861274e-05,-2.16974100073665e-05,-4.10462823117754e-07,-7.11143525896816e-09,-1.79244676165214e-06,-1.1250184421682e-05,-1.69427213860312e-06,-3.97368304808129e-06,-4.88995114166523e-05,-2.05938402984721e-05,-1.44513194709371e-06,-1.69872870060346e-06,-2.85785001983265e-06,-2.99533359849498e-07,-2.02093264908886e-05,-4.47150999834505e-05,-2.12016137812905e-06,-1.15589213596379e-08,-2.83983952893296e-09,-1.64540871036704e-08,-6.28058319893036e-06,-5.13455069605601e-05,-8.98015755214062e-06,-4.47748317919519e-08,-1.79113705093317e-06,-6.56965404476216e-06,-2.77031724038063e-05,-3.7067696152641e-05,-1.07855879688655e-06,-6.71396585385162e-10,-8.94114728686517e-15,-2.54735048824098e-21,-6.62015029304704e-28,-6.03743303073654e-31,-1.06713495852146e-27,-7.87143981666521e-20,-1.25830981753401e-13,-4.34286351445069e-09,-3.22960632954452e-06,-5.16815739698018e-05,-1.77785337852998e-05,-1.31441241383509e-07,-2.97241333335278e-07,-2.37534151281422e-05,-4.0611793102726e-05,-1.48544672201005e-06,-1.16236090656791e-09,-4.9880786879377e-11,-1.0349406658089e-07,-4.59563856825565e-06,-4.36571205148334e-06,-8.87244096306222e-08,-3.85753685415916e-11,-6.90634940444989e-16,-2.09598007685628e-16,-2.83226658369625e-18,-8.18766981560932e-22,-3.46389134966006e-25,-5.13439304440461e-24,-1.65229782807572e-24,-1.13753917280057e-26,-1.67541808413291e-30,-5.27908731284577e-36,-3.55855186339033e-43,-5.13176266715887e-52,-1.58321040256293e-62,-1.04493557500064e-74,-1.47543201841295e-88,-4.45684675215229e-104,-2.88014933940936e-121,-3.98181542218948e-140,-1.09015820938531e-130,-9.54965021571426e-115,-1.7896339473986e-100,-7.17496459745162e-88,-6.15395228106213e-77,-1.12919070517373e-67,-4.43260746454601e-60,-3.72246018115204e-54,-6.68774425133959e-50,-2.57044349344714e-47,-2.11356337217431e-46,-3.71793074271273e-47,-1.39915595583049e-49,-1.1264444095256e-53,-1.94013616419848e-59,-7.14880525838e-67,-5.63525444981628e-76,-9.5032554463537e-87,-3.42854681823326e-99,-2.64622381711154e-113,-4.36940068173486e-129,-1.54346213205641e-146,-1.16640371440917e-165,-1.88573480847029e-186,-6.52215551497653e-209,-4.82592413886231e-233,-7.63921336285152e-259,-2.58699505059477e-286,-1.87422343774025e-315,-0,-3.34976507880365e-321,-1.54597883613926e-317,-1.52675397605783e-315,-3.22562084824586e-315,-1.45792902587879e-316,-1.40971750727883e-319,-4.94065645841247e-324,0,0,0,0,0,0,0,0,0,0,0,0,0,0,0,-0,-0,-0,0,0,0,0,0,0,0,0,0,0,0,0,0,0,0,0,0,0,0,0,0,0,0,0,0
0,0,0,0,0,0,0,0,0,0,0,0,0,0,0,0,0,0,0,0,0,0,-0,-5.35562818440642e-314,-1.8337319502771e-304,-1.36359006166611e-296,-5.06135531787812e-278,-2.68754118694472e-259,-3.05296790664755e-242,-7.41938927402435e-227,-3.86250752315269e-213,-6.47067520236059e-197,-1.74807307986943e-179,-1.01036239602114e-163,-1.24931965337537e-149,-3.30482736779598e-137,-1.87026347894911e-126,-2.26430860414358e-117,-5.86471954682486e-110,-3.24965823861558e-104,-3.85218324848074e-100,-9.76910991265142e-98,-5.30007312954714e-97,-6.15159218537591e-98,-2.84344148677245e-99,-5.65678684180692e-86,-2.54422754212076e-74,-2.50910390730695e-64,-7.06883442972736e-54,-1.72550528912436e-43,-9.07547823336564e-35,-1.02117955451585e-27,-2.45817903925364e-22,-1.26591259200526e-18,-1.3946741036388e-16,-3.2871578741252e-16,-1.65747580268048e-17,-1.78793876111741e-20,-4.12610232210802e-25,-1.80407242891461e-22,-2.3619872766388e-16,-6.61576312948256e-12,-3.96425104533986e-09,-5.08184201980822e-08,-1.39367009451217e-08,-8.20015187091814e-11,-1.81916267454587e-11,-3.01435774220887e-11,-1.06915811751618e-12,-8.11275140389739e-16,-1.91914391577006e-19,-1.30112001746432e-16,-1.10016901254923e-12,-3.19996870113957e-10,-2.1881094071221e-09,-3.16180357862032e-07,-1.10051094911476e-05,-8.30074531979921e-06,-3.51863453820205e-07,-3.948898340863e-07,-6.06952932172922e-07,-1.71433534942101e-07,-1.36164671687813e-05,-2.62776363961006e-05,-1.085023743012e-06,-2.59914867874582e-09,-1.94317913525559e-08,-4.08573249904776e-07,-7.47431937388063e-07,-3.58739569496266e-08,-1.24231778310049e-06,-3.83251348156019e-05,-2.53040690965987e-05,-1.30372807975965e-06,-1.21025939060574e-05,-3.81373821705819e-06,-3.05130782313591e-08,-6.68936621991168e-12,-9.66958635836488e-11,-8.17082613209601e-09,-1.47707664978551e-08,-5.71240591870217e-10,-4.798834100798e-13,-4.28038833128478e-10,-8.27130235353813e-07,-3.42005200620989e-05,-3.02661241807263e-05,-5.73532196848543e-07,-4.22045453516809e-08,-7.60972628252581e-06,-4.21317191825395e-05,-7.86466338732614e-06,-3.46136056974754e-06,-4.4634961447049e-05,-4.37320921073509e-05,-5.61451308349692e-06,-1.28758647077194e-07,-1.84159343795454e-07,-1.66839217582718e-07,-1.45719575971496e-05,-3.03408753361684e-05,-1.42230986651761e-06,-3.37704084423748e-07,-1.01476273443274e-07,-8.953771238922e-09,-3.17107776161979e-06,-2.59244470881721e-05,-4.53410524940864e-06,-6.81844685120517e-08,-8.20931461671642e-06,-2.83753609418565e-05,-1.65160325193612e-05,-1.96587049035628e-05,-5.71926081112902e-07,-3.56020603186576e-10,-4.74121073970751e-15,-1.50759623619116e-21,-6.84580704167717e-24,-6.39315199328123e-27,-2.4930736363748e-27,-1.46535155915613e-19,-2.02004217867065e-13,-6.24704250189242e-09,-4.24474252996426e-06,-6.28242873772243e-05,-2.01797910945302e-05,-1.40473952343166e-07,-2.11520196276677e-07,-1.69026863759764e-05,-2.88989350911249e-05,-1.05702863924547e-06,-8.27123768860396e-10,-4.38861970287914e-12,-9.08044572336428e-09,-4.03215836054509e-07,-3.83042358241905e-07,-7.78457367823186e-09,-3.3922013440575e-12,-2.25767408566454e-13,-1.42583412165639e-13,-1.92670901631536e-15,-5.56986027984752e-19,-2.02038561338326e-21,-3.03398616199772e-20,-9.763663792593e-21,-6.72188139777673e-23,-9.90028468690471e-27,-3.11948807161461e-32,-2.10279910753815e-39,-3.03243183487519e-48,-9.3554163304581e-59,-6.17467351579579e-71,-8.71853846917407e-85,-2.63361438378224e-100,-1.70192136941805e-117,-2.35291157234961e-136,-8.91463352906981e-137,-7.80910802721583e-121,-1.46345096522579e-106,-5.86723831479579e-94,-5.03231815578606e-83,-9.23381694797614e-74,-3.62470978040438e-66,-3.04399564674058e-60,-5.46881991932859e-56,-2.10194828781865e-53,-1.72834023492975e-52,-3.04029175463143e-53,-1.14414243038081e-55,-9.21135945591229e-60,-1.58652228647247e-65,-5.84584683970227e-73,-4.60815943723747e-82,-7.77116928074489e-93,-2.80365163936247e-105,-2.16391670765851e-119,-3.57302321765865e-135,-1.26214701628717e-152,-9.53812171579675e-172,-1.54203625251795e-192,-5.33341178381902e-215,-3.94633961286631e-239,-6.24687198503406e-265,-2.11548311840161e-292,-1.53160350210786e-321,0,0,0,0,0,0,0,0,0,0,0,0,0,0,0,0,0,0,0,0,0,0,0,0,0,0,0,0,0,0,0,0,0,0,0,0,0,0,0,0,0,0,0,0,0,0,0,0,0,0,0
0,0,0,0,0,0,0,0,0,0,0,0,0,0,0,0,0,0,0,0,0,-4.44659081257122e-323,-3.29097297397751e-310,-5.26709244511196e-299,-1.80341789402627e-289,-1.32099730677937e-281,-9.9313588818043e-267,-5.27347603660085e-248,-5.99051399637223e-231,-1.45582779264098e-215,-7.56895265312162e-202,-2.4064107123975e-188,-6.27397931926687e-171,-3.62627445637034e-155,-4.4839118762903e-141,-1.18612995829476e-128,-6.71253077816764e-118,-8.12679142145469e-109,-2.10489649755149e-101,-1.16632930016313e-95,-1.38258052459533e-91,-3.50621458965908e-89,-1.90224021422992e-88,-2.20785746734865e-89,-5.51937026615389e-92,-7.8127963068408e-81,-3.51391058879264e-69,-3.38148992862236e-59,-1.18268923474673e-50,-1.19689917496937e-40,-6.29361462881944e-32,-7.08162162297497e-25,-1.70468491661423e-19,-8.77878326551271e-16,-9.67171174312587e-14,-2.27956074682514e-13,-1.14941749781593e-14,-1.2398902558506e-17,-2.86132772899088e-22,-4.24959333700684e-21,-5.56379273342627e-15,-1.55837989433477e-10,-9.33801438207843e-08,-1.19705622387879e-06,-3.28286767598556e-07,-1.9525915425728e-09,-2.05597183219644e-09,-3.40827342083432e-09,-1.20887549155981e-10,-9.17303778162147e-14,-4.03230960324181e-17,-4.20166910271009e-15,-5.67563174813761e-11,-1.65077552444361e-08,-1.03271816627236e-07,-9.17817075408426e-07,-3.15089283558997e-05,-2.49932900169315e-05,-3.7075362740728e-06,-4.23070659090365e-06,-6.40016151896132e-06,-2.51474257612363e-07,-3.19902548149831e-06,-6.17333369642571e-06,-2.61920280188682e-07,-8.54997309089931e-08,-4.58088533902346e-07,-5.53064412887251e-06,-8.70084932431574e-06,-3.84030922144288e-07,-9.4656416409528e-07,-2.91980688877806e-05,-1.92880837158242e-05,-1.7339569593683e-06,-4.68966134693223e-06,-5.62124353680709e-07,-2.82464810054793e-09,-4.59389794163163e-13,-1.19951124546066e-12,-1.01358879022845e-10,-1.8323096224214e-10,-7.08622182822844e-12,-8.39756927519415e-15,-2.29604850625855e-10,-4.47107121960044e-07,-1.87852899478399e-05,-1.71793657302789e-05,-3.47694264635326e-07,-1.6316093986848e-07,-1.8167786901922e-05,-7.33995847983692e-05,-2.40509151786028e-05,-2.18786764768956e-06,-1.97526389608672e-05,-5.59844504177883e-05,-8.84422589994579e-06,-3.43946434480426e-08,-4.65912043798369e-09,-2.72881329162165e-07,-1.42063945313614e-05,-1.78157779588503e-05,-8.86113360156356e-07,-4.59788741912227e-06,-1.3872554865461e-06,-1.0684558312734e-08,-6.12341452692114e-07,-5.00594720896085e-06,-8.7553527322173e-07,-9.30632481604507e-08,-1.43907209478735e-05,-4.93893431915246e-05,-6.55022963408888e-06,-3.9917877215028e-06,-1.15986178281305e-07,-7.2200605202129e-11,-9.61823803248092e-16,-6.35377683900157e-19,-2.77240558919679e-20,-2.5890930788181e-23,-1.32278067219952e-26,-4.27597988141311e-19,-3.75921807152442e-13,-8.6009950362656e-09,-4.82257744165549e-06,-6.23302611357762e-05,-1.79037900330495e-05,-1.12412603142753e-07,-5.75736046424933e-08,-4.59997117267017e-06,-7.86468289018327e-06,-2.87664407967145e-07,-2.25097098549078e-10,-1.5064264633615e-13,-3.04697345432647e-10,-1.35300374119891e-08,-1.28531098572816e-08,-2.61215321309168e-10,-2.1026985447008e-12,-5.87289717695259e-11,-3.70954554019851e-11,-5.0126552103736e-13,-1.44914951494474e-16,-4.55903314135688e-18,-6.85658370200058e-17,-2.20651560219762e-17,-1.51909534119438e-19,-2.23739091102518e-23,-7.04981167633898e-29,-4.7521700230912e-36,-6.85307103807581e-45,-2.11425470363602e-55,-1.39543041838616e-67,-1.97032503056756e-81,-5.95177317801137e-97,-3.84621606715232e-114,-5.31740564327828e-133,-2.78796400778508e-143,-2.44222177421079e-127,-4.5767990407108e-113,-1.83492110968279e-100,-1.57380803697808e-89,-2.88778548470755e-80,-1.13359235396403e-72,-9.51979716914056e-67,-1.71031967283888e-62,-6.57363665466532e-60,-5.40521419385523e-59,-9.50821361065118e-60,-3.57819298509692e-62,-2.88076212481525e-66,-4.96169250035265e-72,-1.82823113611926e-79,-1.44115656711055e-88,-2.43035680418793e-99,-8.76814491119169e-112,-6.76743679639656e-126,-1.11742788952939e-141,-3.94724072800675e-159,-2.98295380961487e-178,-4.82256680200914e-199,-1.66797210948139e-221,-1.23417892253751e-245,-1.95364780835941e-271,-6.61596550687851e-299,-0,0,0,0,0,0,0,0,0,0,0,0,0,0,0,0,0,0,0,0,0,0,0,0,0,0,0,0,0,0,0,0,0,0,0,0,0,0,0,0,0,0,0,0,0,0,0,0,0,0,0,0
0,0,0,0,0,0,0,0,0,0,0,0,0,0,0,0,0,0,0,0,-4.94065645841247e-323,-1.65457601284243e-308,-1.23781157759798e-295,-1.98107613170663e-284,-6.78307468983896e-275,-4.96856346555035e-267,-7.45289087745811e-256,-3.9573870406838e-237,-4.49547552539112e-220,-1.09250027876813e-204,-5.67997318962744e-191,-6.63632182838306e-179,-8.61186153207874e-163,-4.97752980907863e-147,-6.15474788079208e-133,-1.62811648591063e-120,-9.2138150172254e-110,-1.11550703178002e-100,-2.88924216510471e-93,-1.60093752654741e-87,-1.8977702480669e-83,-4.81273214342465e-81,-2.61107025523772e-80,-3.03056938743792e-81,-7.52505793679712e-84,-4.12679496253432e-76,-1.85608169257415e-64,-1.78591326916841e-54,-3.68913184717848e-46,-3.33545048993776e-38,-1.6691847352895e-29,-1.87816190935974e-22,-4.52110327703018e-17,-2.32827693864189e-13,-2.56509617878085e-11,-6.04576802564024e-11,-3.04844324332454e-12,-3.28839179853604e-15,-7.58870745751817e-20,-3.82834328917373e-20,-5.01226511509545e-14,-1.40390081994125e-09,-8.41235573898319e-07,-1.07839444048836e-05,-2.95744383605261e-06,-1.84984420096897e-08,-8.88967877528634e-08,-1.47381769085515e-07,-5.22746231995593e-09,-3.96766495060296e-12,-3.51366400955671e-14,-1.06783742810432e-13,-1.12021287098176e-09,-3.25817229400319e-07,-2.02794721426535e-06,-1.25952427252801e-06,-3.45605170541309e-05,-3.45240561161849e-05,-1.98136134986399e-05,-1.79393710788103e-05,-2.58520230955525e-05,-8.75446389416875e-07,-2.880434957899e-07,-5.54924121490652e-07,-1.69737945215196e-07,-1.73601783190263e-06,-4.49654394342665e-06,-3.19045808671204e-05,-4.03114176380846e-05,-1.66586305390864e-06,-2.79386683674488e-07,-8.52500592564713e-06,-5.6875256232375e-06,-8.00496288825002e-06,-1.98330410301928e-05,-1.0720929423607e-06,-1.30673168103117e-09,-4.42556607158403e-14,-5.6909054940789e-15,-4.80869760241517e-13,-8.69289425726886e-13,-3.36186498878166e-14,-6.17825977784014e-16,-6.08563528614183e-11,-1.48397912189153e-07,-8.81741649372255e-06,-1.27959775998078e-05,-4.41879418531826e-07,-3.87128610179964e-07,-2.76941670820482e-05,-7.79070488436694e-05,-4.79360693020904e-05,-3.03576416023894e-06,-5.6846574006507e-06,-3.23582994996531e-05,-5.36758498217854e-06,-1.93929162328843e-08,-3.53324184890975e-10,-6.42566941575292e-07,-2.94076713605124e-05,-2.90055039762273e-05,-2.32603880557146e-06,-2.40368715024353e-05,-7.25519402654896e-06,-5.84245601247253e-08,-4.63903539753229e-08,-3.69688285603273e-07,-6.46648287473383e-08,-6.04374509120185e-08,-9.6478629789659e-06,-3.30844293506443e-05,-2.65392041903586e-06,-3.12968870000783e-07,-8.99595148099639e-09,-5.59985322253524e-12,-5.56648527528726e-16,-9.83664553599686e-16,-4.2939709503092e-17,-4.01005196067939e-20,-8.76842987730285e-25,-1.99120620426655e-18,-1.17474512929257e-12,-1.63282515199377e-08,-5.70934575092967e-06,-5.2181500723889e-05,-1.21370930462995e-05,-6.77294487760029e-08,-5.99947508926295e-09,-4.78766978770424e-07,-8.18559579098454e-07,-2.99402478283297e-08,-2.3448452004483e-11,-6.58708891570449e-14,-3.96004076683277e-12,-1.73632982702761e-10,-1.64945072192079e-10,-3.49558836650997e-12,-1.97918998208059e-10,-5.84351004658027e-09,-3.69098357575749e-09,-4.98757269643604e-11,-1.44239399047078e-14,-3.93968127548613e-15,-5.92613677260229e-14,-1.90708869282945e-14,-1.31295221553671e-16,-1.93377418387878e-20,-6.09314347069769e-26,-4.10729464519261e-33,-5.9231007815465e-42,-1.82734771285999e-52,-1.20606877643828e-64,-1.70294947529572e-78,-5.1441101611819e-94,-3.32427976695007e-111,-4.59582708927298e-130,-4.69385432087886e-150,-2.9210464924026e-134,-5.47413135263813e-120,-2.19467778392377e-107,-1.88237059167823e-96,-3.45396791970037e-87,-1.35584573208211e-79,-1.13862591935546e-73,-2.04564685074458e-69,-7.8624711708045e-67,-6.46496650237699e-66,-1.13724045497006e-66,-4.27973748274218e-69,-3.44556755205371e-73,-5.934487452198e-79,-2.18667616670038e-86,-1.72371132704454e-95,-2.90685526315704e-106,-1.04872371576475e-118,-8.09426798393952e-133,-1.33651204476633e-148,-4.72114113671804e-166,-3.56779505227036e-185,-5.76808461465013e-206,-1.99499657700075e-228,-1.4761534151997e-252,-2.33668217123478e-278,-7.91309906487672e-306,0,0,0,0,0,0,0,0,0,0,0,0,0,0,0,0,0,0,0,0,0,0,0,0,0,0,0,0,0,0,0,0,0,0,0,0,0,0,0,0,0,0,0,0,0,0,0,0,0,0,0,0
0,0,0,0,0,0,0,0,0,0,0,0,0,0,0,0,0,0,0,-0,-6.80608929328745e-309,-2.38005312292234e-294,-1.78055120344119e-281,-2.84971279495052e-270,-9.75722963058827e-261,-7.14711496703055e-253,-2.25095307907458e-245,-1.135768395925e-226,-1.2901995619595e-209,-3.13547114903819e-194,-1.63014988009647e-180,-1.81330621879296e-168,-4.52515479083645e-155,-2.61298412091065e-139,-3.23097180654452e-125,-8.54689512167435e-113,-4.83684744330106e-102,-5.85592105394179e-93,-1.51672499971382e-85,-8.40421754472903e-80,-9.96245871571597e-76,-2.52647259790842e-73,-1.3706969875904e-72,-1.59091557253666e-73,-3.95031398679709e-76,-8.33660040359629e-72,-3.74949845757565e-60,-3.60774791604456e-50,-7.42652508336468e-42,-3.59227980232811e-35,-1.69613363199098e-27,-1.9050359727964e-20,-4.58579292000293e-15,-2.36159079901032e-11,-2.60179853772844e-09,-6.13227314386018e-09,-3.09206151349836e-10,-3.3354433427037e-13,-7.6972894709841e-18,-1.31903328494506e-19,-1.72689856072304e-13,-4.83692352595811e-09,-2.89834729096599e-06,-3.71544155069465e-05,-1.01894202811658e-05,-7.87514055447219e-08,-1.47013320585268e-06,-2.4373775966374e-06,-8.64509943142472e-08,-6.59715823936932e-11,-1.21169652788699e-11,-9.04690235551033e-12,-8.4559571012904e-09,-2.45940443972043e-06,-1.53034588199721e-05,-2.45141671866022e-06,-1.46312068203332e-05,-3.03503506228325e-05,-4.49806322447751e-05,-3.48251981046434e-05,-4.0512320958246e-05,-1.3963871092922e-06,-1.11155598921728e-08,-2.12214900215958e-08,-1.17056484947279e-06,-1.36829624450334e-05,-1.85556468629333e-05,-7.96992796007295e-05,-7.530478313366e-05,-2.84909276749714e-06,-9.81309778203225e-08,-1.50112369578662e-06,-8.77365771037842e-07,-1.75660345800017e-05,-4.38375248868351e-05,-2.34183542493906e-06,-2.67739971275264e-09,-6.56326882568222e-14,-1.75874295715239e-16,-1.14892526981365e-15,-1.58714591980942e-15,-6.10056087570592e-17,-2.94861518409698e-16,-5.2083698919463e-11,-2.04249028425692e-07,-1.74647721037882e-05,-3.22502482445256e-05,-1.28828231989672e-06,-1.32460678545035e-06,-2.4139721461904e-05,-5.21488357554967e-05,-4.52827482950269e-05,-2.92706684913435e-06,-1.02596803709249e-06,-7.467873119964e-06,-1.32351598938852e-06,-9.57697515227759e-09,-1.45656727530015e-09,-6.47499164995006e-07,-2.94540098493262e-05,-2.86906330759756e-05,-4.00560110429683e-06,-4.80622105907748e-05,-1.45857340927035e-05,-4.8995127742252e-07,-4.14453650251481e-08,-1.05282000921678e-08,-1.82818844236451e-09,-1.54409904916537e-08,-2.47371564886725e-06,-8.4820502686395e-06,-6.28927843917203e-07,-1.01468352000764e-08,-2.66870189502796e-10,-1.69098557328977e-13,-2.85554582623838e-13,-5.82665160460254e-13,-2.54349647718318e-14,-2.37531952436125e-17,-4.74770450784595e-22,-5.34180825567261e-18,-2.92740661935641e-12,-3.47473502408078e-08,-9.09036020232378e-06,-5.47111846169324e-05,-8.5324826432348e-06,-4.76044193467872e-08,-2.51288254098753e-10,-1.90573703126254e-08,-3.25829189998264e-08,-1.19653085361477e-09,-8.53356683897671e-12,-1.99576524476247e-11,-1.56270675966858e-11,-1.11627738334122e-12,-8.09723639208405e-13,-5.47358731106677e-12,-7.53139445205074e-09,-2.22364217618497e-07,-1.4045371164344e-07,-1.89793068147305e-09,-5.50515776991274e-13,-1.30222485652417e-12,-1.95886840404604e-11,-6.30382984302482e-12,-4.33992786485788e-14,-6.39203800842645e-18,-2.0140720142087e-23,-1.35765508210567e-30,-1.95786486545418e-39,-6.0402482009473e-50,-3.9866275618111e-62,-5.62905320759119e-76,-1.7003716330442e-91,-1.09883164219138e-108,-1.5191381537561e-127,-4.49305975410265e-148,-1.33616946260082e-141,-2.50402284478677e-127,-1.00390782644319e-114,-8.61049664372006e-104,-1.57994282908877e-94,-6.20202269261254e-87,-5.20839769830978e-81,-9.35736853329633e-77,-3.59651717503726e-74,-2.95725892747038e-73,-5.20206019150135e-74,-1.95767323363782e-76,-1.57610026281906e-80,-2.71460277350546e-86,-1.00024765991958e-93,-7.88474419536424e-103,-1.32967799209393e-113,-4.79715953633301e-126,-3.70254760763898e-140,-6.11358492670242e-156,-2.15958377653981e-173,-1.63201058595292e-192,-2.63848539892766e-213,-9.12567982438728e-236,-6.75234413636951e-260,-1.06886465830937e-285,-3.61967580883418e-313,0,0,0,0,0,0,0,0,0,0,0,0,0,0,0,0,0,0,0,0,0,0,0,0,0,0,0,0,0,0,0,0,0,0,0,0,0,0,0,0,0,0,0,0,0,0,0,0,0,0,0,0
0,0,0,0,0,0,0,0,0,0,0,0,0,0,0,0,0,0,0,-2.29064122197573e-311,-3.74427097620687e-295,-1.30935158884526e-280,-9.79544332348139e-268,-1.56772802249022e-256,-5.36779788505343e-247,-3.93188128769525e-239,-6.18493489712481e-233,-1.24663907213838e-216,-1.41614539598265e-199,-3.44154746510949e-184,-1.78928075586652e-170,-1.99013299585001e-158,-1.38118454594053e-147,-5.24601337478081e-132,-6.48672925242696e-118,-1.7159355736528e-105,-9.71079962271282e-95,-1.17567644272118e-85,-3.04508519808257e-78,-1.68729060652056e-72,-2.00013420873655e-68,-5.07232643538134e-66,-2.7519089543296e-65,-3.19403547923619e-66,-7.93093186910889e-69,-6.44076745383267e-68,-2.89680308044651e-56,-2.78728884998591e-46,-5.73751492517746e-38,-2.5278947654945e-31,-8.94801899050673e-26,-7.39045107899537e-19,-1.77891074427279e-13,-9.16103119051081e-10,-1.0092839777956e-07,-2.37881793759788e-07,-1.19946571522673e-08,-1.29387786018781e-11,-2.98591563518993e-16,-1.73945800252188e-19,-2.27546061576717e-13,-6.37340793207168e-09,-3.81902866874085e-06,-4.89567894206685e-05,-1.34261909502782e-05,-1.98752889618367e-07,-9.29830550894729e-06,-1.5416014214839e-05,-5.46790510168694e-07,-4.64158544955691e-10,-1.60074012431455e-09,-1.11488568435008e-09,-2.44273551148422e-08,-7.09995458896804e-06,-4.41782387217478e-05,-5.94719596381654e-06,-2.49247107213341e-06,-1.83871812496989e-05,-4.5866935511321e-05,-4.80092618112821e-05,-2.89873689050914e-05,-1.62247696884034e-06,-4.94833844259609e-09,-6.84041188720613e-09,-3.56408463790591e-06,-4.15474749769469e-05,-3.54196037569923e-05,-8.82031496356656e-05,-5.74288255916514e-05,-1.94316847158917e-06,-7.73718214231949e-07,-6.62458886498783e-06,-1.3579013330976e-06,-1.48872727934718e-05,-3.71569181086722e-05,-1.98477846642324e-06,-2.26811355464975e-09,-5.79278024324615e-14,-1.16093592216767e-13,-1.93367948061395e-13,-6.92559458535343e-15,-5.34740318707685e-18,-3.28735322984168e-16,-6.24225348893382e-11,-2.53834396330409e-07,-2.20925224161052e-05,-4.11450292557887e-05,-1.69233617218085e-06,-6.73391379590358e-06,-2.47933223560409e-05,-1.77803239147917e-05,-1.72332177631734e-05,-1.12865997505458e-06,-9.07030386172956e-08,-1.18378980253455e-06,-1.71225681198867e-06,-1.10144978141688e-07,-6.5997648748615e-08,-2.69054909622141e-07,-1.13915309048762e-05,-1.10928519992733e-05,-2.83673500419506e-06,-3.67581180464734e-05,-1.21940063261751e-05,-5.30089830517426e-06,-5.29840226781043e-07,-1.26116002218057e-09,-1.99802283596357e-11,-1.51353516198348e-09,-2.42570604944393e-07,-8.31734118830079e-07,-6.10944622494724e-08,-2.06828293642088e-10,-3.18335506954798e-12,-6.80179088263611e-13,-6.46885640239329e-11,-1.31996006360386e-10,-5.76199505244237e-12,-5.38100975177946e-15,-1.07506677426808e-19,-5.77763948610977e-18,-3.12982388145209e-12,-3.64948453828138e-08,-9.22249567898298e-06,-5.51755651736819e-05,-1.28552867330326e-05,-1.91626750444522e-07,-9.84853420714437e-11,-2.901199919042e-10,-5.05997650762698e-10,-7.11304973441078e-10,-1.09384008570788e-09,-2.39636001880291e-09,-1.86952036944715e-09,-3.16353614612582e-11,-1.42020366689517e-14,-7.94192465743109e-11,-1.09606473228946e-07,-3.23612816037431e-06,-2.0440618384805e-06,-2.76211118493917e-08,-8.21898037373052e-12,-1.64622151082596e-10,-2.47633019968889e-09,-7.96907244087435e-10,-5.48637897983398e-12,-8.08058199577451e-16,-2.54611659610805e-21,-1.71629818196833e-28,-2.47506156269604e-37,-7.63586211443684e-48,-5.03974958493086e-60,-7.11604435745786e-74,-2.14954798234765e-89,-1.38910300166765e-106,-1.9204392086145e-125,-5.67996274345572e-146,-2.3375145167636e-149,-4.38057440603656e-135,-1.7562511219466e-122,-1.50633295136554e-111,-2.76397523070378e-102,-1.08499097480199e-94,-9.11164756390942e-89,-1.63699181859103e-84,-6.29180006110538e-82,-5.1734722774874e-81,-9.10056063625582e-82,-3.42478235792081e-84,-2.75725298873629e-88,-4.74896603157221e-94,-1.74984797277864e-101,-1.37936875025983e-110,-2.32615824275055e-121,-8.39222147285325e-134,-6.47729125991116e-148,-1.06951954191626e-163,-3.77800763235733e-181,-2.85506333062822e-200,-4.61580517658093e-221,-1.59645985497377e-243,-1.18126501785364e-267,-1.86988755931499e-293,-6.33392157968478e-321,0,0,0,0,0,0,0,0,0,0,0,0,0,0,0,0,0,0,0,0,0,0,0,0,0,0,0,0,0,0,0,0,0,0,0,0,0,0,0,0,0,0,0,0,0,0,0,0,0,0,0,0
0,0,0,0,0,0,0,0,0,0,0,0,0,0,0,0,0,0,-6.30761258404373e-316,-4.81943805931239e-298,-7.87782996044425e-282,-2.75483511767889e-267,-2.0609308829384e-254,-3.29845111742231e-243,-1.12936802034883e-233,-8.2725562348307e-226,-1.29635249810345e-219,-5.23312844928085e-207,-5.94468027204485e-190,-1.44468918086947e-174,-7.51102396740057e-161,-8.35415798355348e-149,-1.99482554874179e-138,-4.02812175276622e-125,-4.98067353911173e-111,-1.31753840401101e-98,-7.45619569465756e-88,-9.02713882595704e-79,-2.33809284775108e-71,-1.2955440792486e-65,-1.5357532495097e-61,-3.89465955418644e-59,-2.11298476897516e-58,-2.45246061232301e-59,-6.08956855815848e-62,-1.93539850988498e-64,-8.55922553429943e-53,-8.23564226955125e-43,-1.69527159982167e-34,-7.46553584286324e-28,-7.13073917633596e-23,-1.11053291527069e-17,-2.6391530388306e-12,-1.3591074021306e-08,-1.49734816526834e-06,-3.52915408619583e-06,-1.77949697756979e-07,-1.91956444633639e-10,-4.42982886513405e-15,-8.97696271705729e-20,-1.14667810660455e-13,-3.21176613188157e-09,-1.92453190909429e-06,-2.46709076000158e-05,-6.76595474071688e-06,-3.29919984436531e-07,-2.24920579328172e-05,-3.72923444800649e-05,-1.32300540935978e-06,-3.4934566541617e-09,-8.0882047588648e-08,-5.62443242448818e-08,-2.77878170275371e-08,-7.83882386374407e-06,-4.87756808206175e-05,-6.49691000262613e-06,-2.13610905879469e-07,-5.59297875647651e-06,-2.72088328131527e-05,-5.4284341524951e-05,-2.92897035830881e-05,-5.16478554781004e-06,-2.5691997680341e-08,-7.68237003247642e-09,-4.15318222377278e-06,-4.86778899337707e-05,-4.2934128522171e-05,-5.39134759702892e-05,-1.84516406621461e-05,-6.22636230346115e-07,-3.50960946846677e-06,-2.99750056200232e-05,-5.54165387590164e-06,-4.89033376067925e-06,-1.20471053882654e-05,-6.43405334653556e-07,-7.35271095128122e-10,-9.99818426894199e-13,-3.12429392563865e-11,-5.17320499588644e-11,-1.85244683628179e-12,-1.41920703588038e-15,-1.61099181636592e-16,-3.06433200813911e-11,-1.24718231102085e-07,-1.0859446270737e-05,-2.02286534784522e-05,-9.33846500887812e-07,-1.60783042259702e-05,-4.41162370884283e-05,-4.69880975491976e-06,-2.5385410653853e-06,-1.66935650069075e-07,-3.23980182033138e-08,-4.21050647655461e-06,-1.28145185168879e-05,-9.47090999358862e-07,-1.44466784840587e-06,-4.50974811144008e-07,-1.70785144869549e-06,-1.64388932482327e-06,-7.96263142686202e-07,-1.07739360386704e-05,-8.81510898478817e-06,-2.64083671017779e-05,-2.67349032682262e-06,-5.79525957745574e-09,-3.57765460797175e-13,-5.67586131764134e-11,-9.09696912828972e-09,-3.12126872735737e-08,-3.27268342256217e-09,-1.00167362083613e-09,-2.16582530270199e-11,-5.87704070921654e-11,-5.60452683815509e-09,-1.14359496399432e-08,-4.99211203901308e-10,-4.66203169551811e-13,-9.31432258789333e-18,-1.44513080745824e-17,-1.31882029080573e-12,-1.52099118666828e-08,-4.14550389025472e-06,-4.17213169139866e-05,-2.75848939681855e-05,-6.34836493571839e-07,-3.35027266433624e-10,-1.86420235624317e-12,-5.59074049459819e-10,-3.86316181380522e-08,-6.03275826056731e-08,-1.1010082547001e-07,-8.56419344812721e-08,-1.44912549747406e-09,-5.31504141229899e-13,-4.42048691347151e-10,-6.1005186461307e-07,-1.80117630381048e-05,-1.13769157567895e-05,-1.53734616696145e-07,-5.57617091830541e-11,-7.95904851299115e-09,-1.19724091171962e-07,-3.85283818606695e-08,-2.65252080384154e-10,-3.90675014061603e-14,-1.2309808099307e-19,-8.29785301015458e-27,-1.19662755890013e-35,-3.69173970450401e-46,-2.43658716784185e-58,-3.44042140883734e-72,-1.0392502528517e-87,-6.71594985352917e-105,-9.28482150446896e-124,-2.746113492604e-144,-1.56392813975842e-157,-2.93084963757999e-143,-1.17503036979888e-130,-1.007821115537e-119,-1.84925424209788e-110,-7.25919733470092e-103,-6.0962025718913e-97,-1.09523921603237e-92,-4.20956665030177e-90,-3.46134272450889e-89,-6.08878479630218e-90,-2.291371222612e-92,-1.84475668570281e-96,-3.17732426901234e-102,-1.17074630435936e-109,-9.2287495361737e-119,-1.55633015463102e-129,-5.61486622126767e-142,-4.33367065183283e-156,-7.15568478300608e-172,-2.52769871567778e-189,-1.91019728287428e-208,-3.08823219856277e-229,-1.06812106214047e-251,-7.90332460668073e-276,-1.25105951127808e-301,0,0,0,0,0,0,0,0,0,0,0,0,0,0,0,0,0,0,0,0,0,0,0,0,0,0,0,0,0,0,0,0,0,0,0,0,0,0,0,0,0,0,0,0,0,0,0,0,0,0,0,0,0
0,0,0,0,0,0,0,0,0,0,0,0,0,0,0,0,0,-1.43279037293961e-322,-5.07544405583087e-303,-3.87797884981883e-285,-6.33892532554596e-269,-2.2166883752047e-254,-1.65833573885908e-241,-2.65411102147279e-230,-9.08750199229632e-221,-6.65654329774519e-213,-1.04311409059629e-206,-8.40175139434621e-198,-9.54374573796812e-181,-2.31934192953125e-165,-1.20583950181048e-151,-1.34119844931286e-139,-3.1913774497058e-129,-1.19907931993638e-118,-1.46258152911244e-104,-3.8689693595533e-92,-2.18952195956033e-81,-2.65083153673067e-72,-6.8658412993509e-65,-3.80438272714017e-59,-4.50976020744342e-55,-1.14367205048184e-52,-6.20480837862482e-52,-7.20168378826969e-53,-1.78821005085611e-55,-9.71413411159052e-60,-9.67207529464206e-50,-9.30642051802749e-40,-1.91568670382442e-31,-8.43616589129555e-25,-7.94830901578235e-20,-2.22391200445814e-16,-1.4981074349993e-11,-7.7113946789847e-08,-8.49575368886847e-06,-2.00239493668921e-05,-1.00966284007747e-06,-1.08913525284351e-09,-2.51342578796351e-14,-2.92909451655927e-20,-2.20995509757392e-14,-6.1899310855834e-10,-3.70908696330796e-07,-4.75474276765438e-06,-1.3040388526031e-06,-2.76197286286767e-07,-2.08259853304334e-05,-3.46238823356894e-05,-1.24362770350379e-06,-4.91100517268463e-08,-1.56298502137354e-06,-1.08684219241125e-06,-2.75480013401114e-08,-3.30991308108061e-06,-2.0595310407097e-05,-2.74166800103873e-06,-1.77813060581006e-08,-7.33437227220282e-07,-1.07368275993712e-05,-3.35111932913902e-05,-5.01944741885671e-05,-1.14871967331289e-05,-5.88625658377306e-08,-3.42971688203987e-09,-1.8519746490419e-06,-2.23892829580631e-05,-4.34452624165442e-05,-3.61442060513285e-05,-6.34057136251748e-06,-1.32586678727296e-06,-6.1181157835059e-06,-5.21921886628468e-05,-1.00506092255645e-05,-1.68855230740678e-06,-1.5400887302217e-06,-7.98117107313976e-08,-9.60059168200482e-11,-1.71970278460201e-10,-3.23811859910398e-09,-5.29333072455433e-09,-1.89527813677377e-10,-1.45202011646733e-13,-3.26693695846704e-17,-5.76257029312252e-12,-2.34541282615571e-08,-2.04221412402413e-06,-3.80420936384579e-06,-2.69748175589598e-07,-1.48633866110277e-05,-4.00420383520899e-05,-2.41657372331346e-06,-1.45866634301513e-07,-9.49656889417534e-09,-8.96842416738674e-08,-1.28133292388991e-05,-3.91943865493684e-05,-3.47822259800219e-06,-1.21267233912612e-05,-3.56854366896743e-06,-7.17941741699696e-07,-1.55007766734089e-07,-8.73143066944298e-08,-1.25081777512626e-06,-1.11154559502504e-05,-5.09259807950346e-05,-5.15941532269345e-06,-1.11830516186368e-08,-5.18798968185679e-13,-8.1415938548872e-13,-1.30981650387184e-10,-1.57128306877017e-09,-5.32800194117402e-08,-5.39686107219118e-08,-1.17064631644058e-09,-1.94754137046298e-09,-1.85703503833392e-07,-3.78925104491937e-07,-1.6541141187011e-08,-1.54474346511524e-11,-3.08648933154769e-16,-2.44100469206614e-15,-4.83953992735286e-12,-2.78676022090179e-09,-1.13910411851988e-06,-3.28257109084107e-05,-3.48441116419568e-05,-8.5829941918489e-07,-4.56124267936489e-10,-3.66050015816795e-12,-1.18549867682265e-08,-8.23415348916121e-07,-1.27475392940978e-06,-1.9358499609967e-06,-1.50041946266757e-06,-2.53881383438037e-08,-9.22899205364125e-12,-9.45686088744468e-10,-1.29859487354521e-06,-3.8340384112497e-05,-2.42172461708445e-05,-3.27244149527431e-07,-3.03898082730797e-10,-1.47164763103062e-07,-2.21372793804417e-06,-7.12399271505787e-07,-4.90457630726415e-09,-7.22367724706106e-13,-2.27611384096937e-18,-1.53429346212192e-25,-2.21259383357189e-34,-6.826117654223e-45,-4.50530969509214e-57,-6.36142393467768e-71,-1.92159931792913e-86,-1.24179567167539e-103,-1.71678636797285e-122,-5.07763149430463e-143,-3.61298311640724e-165,-7.49938616416338e-152,-3.00663888885736e-139,-2.57878795039468e-128,-4.73182639579583e-119,-1.85746560849639e-111,-1.55988136120578e-105,-2.80247124173334e-101,-1.07713358916848e-98,-8.85679886295441e-98,-1.55798331898255e-98,-5.86310448119981e-101,-4.72031815880885e-105,-8.1300594054921e-111,-2.99567692729114e-118,-2.36142979485147e-127,-3.98229942568711e-138,-1.43671819643977e-150,-1.10888901667542e-164,-1.83097907066625e-180,-6.46781347376747e-198,-4.88776595371133e-217,-7.90209280089507e-238,-2.73308197471412e-260,-2.02228331492193e-284,-3.20118039121626e-310,0,0,0,0,0,0,0,0,0,0,0,0,0,0,0,0,0,0,0,0,0,0,0,0,0,0,0,0,0,0,0,0,0,0,0,0,0,0,0,0,0,0,0,0,0,0,0,0,0,0,0,0,0
0,0,0,0,0,0,0,0,0,0,0,0,0,0,0,0,0,-4.373208644717e-310,-1.56189840143094e-290,-1.19339488322337e-272,-1.95071745917184e-256,-6.82155490557563e-242,-5.10330113201392e-229,-8.16766319568807e-218,-2.79655428739501e-208,-2.04846004042921e-200,-3.21004076183941e-194,-6.23451093649258e-189,-5.85974775747586e-172,-1.42404869571514e-156,-7.40371287187509e-143,-8.23480090675631e-131,-1.95945571778416e-120,-1.13030149299761e-111,-1.64256316933635e-98,-4.34507222452303e-86,-2.45895745542094e-75,-2.97703429821629e-66,-7.7107295394132e-59,-4.27253776986758e-53,-5.06471672313365e-49,-1.28440863669326e-46,-6.96835204390534e-46,-8.08789971958339e-47,-2.0082614002621e-49,-1.06681058485753e-53,-4.17998351957227e-47,-4.02195839119473e-37,-8.2790286538253e-29,-3.64586015747461e-22,-3.43478523763357e-17,-6.93623280040636e-14,-3.54780608377918e-11,-1.67335799005396e-07,-1.84353222757517e-05,-4.34508781973408e-05,-2.19091330489983e-06,-2.36336410688065e-09,-5.45399689992518e-14,-3.45795633259062e-20,-1.63249895448305e-15,-4.56244694053104e-11,-2.73387477581597e-08,-3.50460138731232e-07,-9.61382669152409e-08,-9.67143237957161e-08,-7.7198522931386e-06,-1.46756552181792e-05,-8.72030809791364e-07,-3.58486456368436e-07,-1.15512175503613e-05,-8.03228562221075e-06,-1.21327101332434e-07,-5.34541633032496e-07,-3.32585312161769e-06,-4.42726177873937e-07,-1.60801404088169e-09,-4.6205201395496e-08,-2.19036691711367e-06,-1.03433755866115e-05,-4.25551360357972e-05,-1.00996994398735e-05,-5.18192506402943e-08,-6.45019443528398e-10,-3.44145746137719e-07,-4.62085182695461e-06,-2.62573809213843e-05,-2.20598861869408e-05,-2.09117277586358e-05,-7.25120199628776e-06,-4.12233841099606e-06,-3.47964183907363e-05,-1.09134351810959e-05,-9.52276386761286e-06,-4.91313545065944e-07,-4.18193043264414e-09,-4.19685588113562e-10,-1.28603020456527e-08,-1.30270124232092e-07,-2.07166103519694e-07,-7.41600872847162e-09,-5.68158128903793e-12,-9.52996465579428e-17,-4.14460332617548e-13,-1.68688795798314e-09,-1.46881911584449e-07,-2.73615368218627e-07,-5.27040275495156e-08,-5.2584408518321e-06,-1.41525002643407e-05,-8.17034296691202e-07,-4.26352875434216e-09,-4.36014632966323e-09,-1.06987186341155e-07,-1.4992047129271e-05,-4.58627387251953e-05,-5.93493714809946e-06,-3.89469600435758e-05,-1.24954109107391e-05,-7.0155508932183e-06,-7.18224390997812e-07,-5.27130276045269e-09,-8.72774985720718e-08,-7.95165617843669e-06,-3.75848321236035e-05,-3.80796097830599e-06,-8.25376931927945e-09,-3.84014323110017e-13,-7.61149342837216e-14,-1.13008172382695e-11,-2.32550755675995e-08,-1.10163361095073e-06,-1.11655763560445e-06,-2.42160479933613e-08,-2.46839191820162e-08,-2.35326559281291e-06,-4.80180175508869e-06,-2.09612083869331e-07,-1.95752453295423e-10,-3.91302934610176e-15,-1.88761911192265e-13,-3.58311789657998e-10,-1.48061943309705e-08,-3.33177143662107e-07,-1.56539763019566e-05,-1.79927139270953e-05,-4.46876895828152e-07,-2.37676125532814e-10,-2.9769189067085e-11,-9.66387215357909e-08,-6.71222506478989e-06,-1.03169920254461e-05,-1.30272319927383e-05,-1.00533061161885e-05,-1.7010826610633e-07,-6.46338648942012e-11,-1.36979097762739e-09,-1.05971330556105e-06,-3.12125745644425e-05,-1.97149047235847e-05,-2.66404693672822e-07,-1.55705766454165e-09,-1.04067766377987e-06,-1.56544078781896e-05,-5.03774134870867e-06,-3.46827795160102e-08,-5.10823340404693e-12,-1.60955706577058e-17,-1.08497775395637e-24,-1.56463880426531e-33,-4.82709858548058e-44,-3.1859360119404e-56,-4.49848977591644e-70,-1.35886162813172e-85,-8.78137534956142e-103,-1.21402786594028e-121,-3.59065416761235e-142,-2.27194236373517e-164,-7.33884302295488e-161,-2.94227425405503e-148,-2.5235825363774e-137,-4.6305298021004e-128,-1.81770190558164e-120,-1.52648819433066e-114,-2.74247732670534e-110,-1.05407484727663e-107,-8.66719690362244e-107,-1.5246307844544e-107,-5.73759004707923e-110,-4.61926792774581e-114,-7.95601512418701e-120,-2.93154696072767e-127,-2.31087747647354e-136,-3.8970483337925e-147,-1.40596164553822e-159,-1.08515047033421e-173,-1.79178237842286e-189,-6.32935372931685e-207,-4.78313108326652e-226,-7.73292871564692e-247,-2.67457351071507e-269,-1.97899127625559e-293,-3.13267263402101e-319,0,0,0,0,0,0,0,0,0,0,0,0,0,0,0,0,0,0,0,0,0,0,0,0,0,0,0,0,0,0,0,0,0,0,0,0,0,0,0,0,0,0,0,0,0,0,0,0,0,0,0,0,0
0,0,0,0,0,0,0,0,0,0,0,0,0,0,0,0,-3.08301903661396e-319,-5.14693442778173e-298,-1.83823579163861e-278,-1.40453513870669e-260,-2.29584629162767e-244,-8.02845202387607e-230,-6.00619783449668e-217,-9.61271924384376e-206,-3.29133199678064e-196,-2.41088188617698e-188,-3.77797417272862e-182,-1.26775691060757e-177,-1.37596911131713e-163,-3.34391018077985e-148,-1.73851855785047e-134,-1.93367225935831e-122,-4.60113749374475e-112,-2.34278343069246e-103,-7.05748879699963e-93,-1.86624394357727e-80,-1.0561422736883e-69,-1.2786605012765e-60,-3.31182119869459e-53,-1.8350898039082e-47,-2.17533712255374e-43,-5.5166398056687e-41,-2.9929640121613e-40,-3.47381886594756e-41,-8.62564643710009e-44,-4.58199853141427e-48,-6.908745149655e-45,-6.64755862702287e-35,-1.36837140015156e-26,-6.0259373130987e-20,-5.67706726002345e-15,-1.1442120804011e-11,-5.20320356951253e-10,-1.39322466528642e-07,-1.52992277575554e-05,-3.60592824835589e-05,-1.81820863070478e-06,-1.96132316464465e-09,-4.52619656949944e-14,-5.94155865333764e-18,-3.36770414193452e-15,-1.32599251274222e-12,-7.70665103598016e-10,-9.87915815979468e-09,-2.7136525197502e-09,-2.129191571894e-08,-3.60968411678181e-06,-2.07436101781118e-05,-4.20906868870336e-06,-1.04020507506626e-06,-3.26506660364905e-05,-2.27041673652279e-05,-3.37865864130975e-07,-3.31182164169151e-08,-2.0540333668978e-07,-2.73425375081502e-08,-8.4236733680266e-11,-1.84266175926914e-09,-1.87758271556041e-07,-1.83708416892568e-06,-1.42161795437835e-05,-3.40070923661525e-06,-1.74498077878749e-08,-8.40004320519433e-10,-4.24686127260118e-07,-4.78095916339642e-06,-7.8189973588644e-06,-8.20837740700776e-06,-4.53091453954959e-05,-1.60140923876018e-05,-1.15718332381916e-06,-9.01087334191808e-06,-1.73052463422628e-05,-3.257013354637e-05,-1.44729247874981e-06,-1.45298978464566e-09,-1.36123469852078e-08,-3.93612516638011e-07,-2.06658856375794e-06,-3.10162897592967e-06,-1.10978297769313e-07,-8.50228239021342e-11,-1.3935979766832e-15,-1.14003927769786e-14,-4.64005432320058e-11,-4.04022122315211e-09,-7.52699340260517e-09,-5.95590867701495e-09,-7.11513438956799e-07,-1.91486170072501e-06,-1.10270936931462e-07,-7.36313684581448e-09,-1.73444003195357e-07,-1.36273798710526e-07,-6.70974481180412e-06,-2.05276469565573e-05,-4.94735584383797e-06,-4.78584872833379e-05,-1.99424776230219e-05,-3.0753503023229e-05,-3.16235185212553e-06,-7.0362850063214e-09,-1.09609001067939e-08,-2.2403722134086e-06,-1.06089707589009e-05,-1.07486572849369e-06,-2.32977554434845e-09,-4.90499626912973e-13,-2.12963249537931e-11,-1.08447827644673e-10,-1.83985548408193e-07,-8.71661133297911e-06,-8.83470975597888e-06,-1.915919463758e-07,-1.19663081902744e-07,-1.14049003358907e-05,-2.32715213167712e-05,-1.01586702800594e-06,-9.48697514395502e-10,-1.90167794870812e-14,-5.58337678347395e-12,-1.05980885183738e-08,-4.30390659162536e-07,-4.3143269228997e-07,-3.0931123701789e-06,-3.58214507119732e-06,-8.90538385858519e-08,-4.73692567081536e-11,-9.28004461434641e-11,-3.0128063379127e-07,-2.09259055543378e-05,-3.19733960991878e-05,-3.35582914343056e-05,-2.57617395859882e-05,-4.35902837708562e-07,-3.05490144935206e-10,-2.95400377287487e-08,-4.53503985000122e-07,-9.72904837212573e-06,-6.13812662174964e-06,-8.29434431050519e-08,-4.02671169672119e-09,-2.8144810862723e-06,-4.23368699466194e-05,-1.36244182446619e-05,-9.37985222553439e-08,-1.38150618641682e-11,-4.35299812649777e-17,-2.93428933381911e-24,-4.23151805453501e-33,-1.30547412986303e-43,-8.61626703771392e-56,-1.21660287684544e-69,-3.67499994080368e-85,-2.37489625298962e-102,-3.28330143636389e-121,-9.71081497942179e-142,-6.14439901697156e-164,-2.7466238159726e-170,-1.10117092217857e-157,-9.44472020222598e-147,-1.73301478110905e-137,-6.80290248557305e-130,-5.71301064246172e-124,-1.02639523924038e-119,-3.94496390002083e-117,-3.24377144445707e-116,-5.70605912955098e-117,-2.14734140249405e-119,-1.72879992977381e-123,-2.97760567326208e-129,-1.0971561422954e-136,-8.648653599517e-146,-1.45850316352478e-156,-5.26192988172741e-169,-4.06126703679455e-183,-6.70589647199521e-199,-2.36881394496105e-216,-1.79012709593685e-235,-2.89411370582292e-256,-1.00098166415622e-278,-7.40654154062702e-303,0,0,0,0,0,0,0,0,0,0,0,0,0,0,0,0,0,0,0,0,0,0,0,0,0,0,0,0,0,0,0,0,0,0,0,0,0,0,0,0,0,0,0,0,0,0,0,0,0,0,0,0,0,0
0,0,0,0,0,0,0,0,0,0,0,0,0,0,0,0,-1.3876917326435e-307,-2.31668387012569e-286,-8.27407317449021e-267,-6.32194551246485e-249,-1.03338213197199e-232,-3.61368219602669e-218,-2.70344645714838e-205,-4.32677585711105e-194,-1.48145966403076e-184,-1.08516074118543e-176,-1.70050191050987e-170,-5.70084280935427e-166,-1.23568610835938e-155,-3.00299126434815e-140,-1.56127280934141e-126,-1.73653016649228e-114,-4.13204151801133e-104,-2.10342011640279e-95,-1.38793764916055e-87,-3.06555796644213e-75,-1.73485642950507e-64,-2.10037269320435e-55,-5.44011393451915e-48,-3.01438302806626e-42,-3.57328523573254e-38,-9.06182649303963e-36,-4.91634790987227e-35,-5.70621699809331e-36,-1.41687900890301e-38,-7.5265518515872e-43,-4.36711197880754e-43,-4.20200419088852e-33,-8.64964520170626e-25,-3.80906965464469e-18,-3.58854456431248e-13,-7.23263590745901e-10,-3.11941243408342e-08,-7.28412712302214e-08,-4.85633065642457e-06,-1.14447237480555e-05,-5.77074573537223e-07,-6.22497170945144e-10,-1.4365609718862e-14,-2.090847688694e-15,-1.17329814332985e-12,-1.41002418495743e-11,-1.19262829744913e-11,-1.06532011421228e-10,-5.46914754755058e-11,-2.79385883095166e-08,-7.5982314010295e-06,-6.09010202146204e-05,-1.7472699888801e-05,-1.28287630572106e-06,-3.53762084520583e-05,-2.46052998504213e-05,-3.66155212310129e-07,-8.96429501535079e-10,-4.85156324806771e-09,-6.4609995186622e-10,-7.13400934141874e-11,-4.17519973985526e-10,-6.49066443468556e-09,-1.819133637193e-07,-1.82719898060652e-06,-4.37960777385138e-07,-2.24748596212076e-09,-4.36111129447008e-09,-2.20221503108896e-06,-2.38099436603684e-05,-6.20215696689202e-06,-2.9101186070541e-06,-3.82592269111815e-05,-1.35464437004598e-05,-2.06979602298347e-07,-1.07489404572015e-06,-2.07890956105564e-05,-4.28254827327891e-05,-1.90169287648876e-06,-1.94136214717316e-09,-1.70789928645312e-07,-4.78518991803152e-06,-1.33119566918316e-05,-1.77699843560926e-05,-6.3515200561358e-07,-4.86599515534822e-10,-8.00372221167861e-15,-1.20055194668271e-16,-4.8812336724117e-13,-4.25022264345671e-11,-7.92221010327169e-11,-2.95901340732549e-10,-3.6820161533435e-08,-9.90909049230302e-08,-5.80768039816202e-09,-1.15391486999089e-07,-2.77869892288113e-06,-1.43961060862295e-06,-1.16763857827507e-06,-3.57768862180955e-06,-1.94570132793201e-06,-2.25172771581442e-05,-1.71255566455612e-05,-5.18315462693295e-05,-5.34008402165528e-06,-1.17793802292068e-08,-1.0982129939242e-09,-2.41827254887203e-07,-1.14526138907757e-06,-1.16034102096203e-07,-2.51521068595459e-10,-4.35484363655422e-11,-2.42409807625517e-09,-3.1389096298252e-09,-5.56840325816703e-07,-2.63784970814708e-05,-2.67372674404697e-05,-5.79884394256364e-07,-2.21941240470459e-07,-2.11388713704642e-05,-4.31335324436731e-05,-1.88289939498438e-06,-1.75840137206269e-09,-3.58426396709763e-14,-6.31610388612983e-11,-1.19889141935136e-07,-4.86843529438972e-06,-4.23371845314587e-06,-3.13539164787424e-07,-2.73035105406334e-07,-6.78777274731496e-09,-3.61125418093345e-12,-1.10646440517575e-10,-3.59220372741445e-07,-2.49500902957654e-05,-3.79352298518424e-05,-3.30975455193756e-05,-2.52471060376743e-05,-4.271928219875e-07,-2.89574281757922e-09,-5.43856009459274e-07,-2.3474068143352e-06,-1.36670164702721e-06,-7.31282988802129e-07,-9.87636247624673e-09,-4.14293317356717e-09,-2.91105317050764e-06,-4.37895568367298e-05,-1.40919070740052e-05,-9.70169907855841e-08,-1.42890921663952e-11,-4.50236068728727e-17,-3.03497234728714e-24,-4.37671232163223e-33,-1.35026830468559e-43,-8.91191331915031e-56,-1.25834765041732e-69,-3.80109864016186e-85,-2.45638505120362e-102,-3.39595995266193e-121,-1.00440180157035e-141,-6.35522914944962e-164,-3.9313388337756e-180,-1.5761444610943e-167,-1.35185584122341e-156,-2.48052467898057e-147,-9.73723230067494e-140,-8.17723198000373e-134,-1.46911541036862e-129,-5.6465648293125e-127,-4.64292353917403e-126,-8.16728203640342e-127,-3.0735648657735e-129,-2.47449181482411e-133,-4.26195116008901e-139,-1.57039796620615e-146,-1.23791204364841e-155,-2.0876065980111e-166,-7.53158430786028e-179,-5.81303357738945e-193,-9.59838420006303e-209,-3.39056626316187e-226,-2.56227153304571e-245,-4.14244618645125e-266,-1.43274007135579e-288,-1.06012419961161e-312,0,0,0,0,0,0,0,0,0,0,0,0,0,0,0,0,0,0,0,0,0,0,0,0,0,0,0,0,0,0,0,0,0,0,0,0,0,0,0,0,0,0,0,0,0,0,0,0,0,0,0,0,0,0
0,0,0,0,0,0,0,0,0,0,0,0,0,0,0,-3.06118133506778e-319,-2.38880578775858e-296,-3.98799510523921e-275,-1.42431877502854e-255,-1.0882748433834e-237,-1.77888875443431e-221,-6.22067909026476e-207,-4.65377748661024e-194,-7.44821559908773e-183,-2.55022015085876e-173,-1.86802169258001e-165,-2.92728472063604e-159,-9.81356549135584e-155,-4.24472280890679e-148,-1.03139075985682e-132,-5.36226118366705e-119,-5.96419040306997e-107,-1.41916811134866e-96,-7.22428710681524e-88,-7.9402698222852e-81,-1.92585894170511e-70,-1.08986914056079e-59,-1.31949326933708e-50,-3.41758095801261e-43,-1.89369159559454e-37,-2.244804378397e-33,-5.69280828309781e-31,-3.08854138019626e-30,-3.58475186176322e-31,-8.90109798971097e-34,-4.7283201412801e-38,-1.06111463258019e-41,-1.01582872258543e-31,-2.09103980788949e-23,-9.20837339930985e-17,-8.67525703229644e-12,-1.74847967819209e-08,-7.53907795255521e-07,-7.00780018940982e-07,-6.03130761316304e-07,-1.38920085781845e-06,-7.0047052613439e-08,-7.55605844584602e-11,-1.7556173902741e-15,-2.82623841961248e-13,-1.58495195665477e-10,-1.90285327730242e-09,-4.88771416293795e-10,-3.44439537493134e-12,-1.06907351931095e-09,-1.38917517184617e-07,-1.06182120783318e-05,-8.53900882961768e-05,-3.26181895894835e-05,-9.89876375609979e-07,-1.61756899972558e-05,-1.13672324068172e-05,-1.73199733328959e-07,-7.92248228992308e-11,-4.38301674746154e-11,-2.61758860529299e-11,-5.08391827859993e-09,-2.71824006535154e-08,-3.2024928136824e-09,-8.27166926271343e-09,-8.99507492061521e-08,-2.1571692863441e-08,-1.11157030105095e-10,-9.08769685557791e-09,-4.58853427612552e-06,-4.95754683624176e-05,-1.1724155377438e-05,-1.19220630724164e-06,-1.2387858280295e-05,-4.41167538138488e-06,-1.93722891591829e-07,-1.57155423930662e-07,-1.0382863146652e-05,-2.15394090973633e-05,-9.56479546576625e-07,-1.55391815347165e-09,-8.23161917961387e-07,-2.29017266317604e-05,-3.66957132801348e-05,-3.89999498665214e-05,-1.39025578524371e-06,-1.06517944261033e-09,-3.99362875322538e-14,-9.78498403825748e-17,-1.96384781436251e-15,-1.70998869751407e-13,-3.5647567335735e-13,-1.97678957030457e-11,-8.4153647347589e-10,-1.98062345056567e-09,-7.41047904518323e-10,-7.07002004934952e-07,-1.70260869879487e-05,-8.77241404211939e-06,-2.53897654427381e-07,-1.61267047374106e-06,-8.17321239368501e-07,-4.07163071612222e-06,-8.08643946724924e-06,-3.34557478534464e-05,-3.44872645105944e-06,-7.60704533613396e-09,-4.54719312156663e-11,-9.98397974093083e-09,-4.72830788425006e-08,-4.79056545799551e-09,-1.11118054038638e-11,-1.89534252294397e-09,-1.05531257612992e-07,-1.25996360404167e-07,-6.482233900214e-07,-3.05910130693821e-05,-3.10701305301422e-05,-6.79624860044835e-07,-1.62241121880979e-07,-1.49847539072855e-05,-3.05755997594674e-05,-1.33471047613524e-06,-1.2464589138591e-09,-2.79850799332122e-14,-2.73256999905503e-10,-5.18682843152957e-07,-2.10625660284266e-05,-1.82979517244232e-05,-3.46916276778207e-07,-8.09336846711991e-09,-1.97869484367436e-10,-1.05581942011817e-13,-5.04541324518279e-11,-1.63802454242025e-07,-1.13770592555591e-05,-1.72281544888141e-05,-1.25007546135041e-05,-9.46276938553873e-06,-1.60115363390672e-07,-1.95144852772381e-08,-3.86012862839955e-06,-1.63856662316391e-05,-1.54037745439502e-06,-3.6172917927975e-08,-4.4991846319175e-10,-1.63781376643589e-09,-1.15152041935237e-06,-1.73217615408113e-05,-5.57431204205397e-06,-3.83768482988026e-08,-5.65231221827221e-12,-1.78099126434862e-17,-1.20053892024248e-24,-1.73128875112191e-33,-5.34123368205941e-44,-3.52527060189883e-56,-4.97762469194166e-70,-1.50359421273611e-85,-9.71668114112363e-103,-1.34333418174291e-121,-3.97309535760596e-142,-2.51392733373465e-164,-3.42446804184334e-188,-8.62793784066133e-178,-7.4001644237051e-167,-1.35785857646651e-157,-5.33023698677813e-150,-4.4762806312282e-144,-8.04205246048177e-140,-3.0909736742499e-137,-2.54157259589799e-136,-4.47083395441521e-137,-1.68249340499682e-139,-1.35455613952447e-143,-2.33302534106881e-149,-8.59648107897454e-157,-6.77642717939005e-166,-1.14277215115738e-176,-4.12284805447307e-189,-3.18209996668527e-203,-5.25423045241885e-219,-1.85602244497892e-236,-1.40260744263668e-255,-2.26760738544052e-276,-7.84293101464727e-299,-5.92878775009496e-323,0,0,0,0,0,0,0,0,0,0,0,0,0,0,0,0,0,0,0,0,0,0,0,0,0,0,0,0,0,0,0,0,0,0,0,0,0,0,0,0,0,0,0,0,0,0,0,0,0,0,0,0,0,0
0,0,0,0,0,0,0,0,0,0,0,0,0,0,0,-2.01531724426244e-308,-1.57267283940979e-285,-2.62550083303078e-264,-9.37701785397484e-245,-7.16466904414281e-227,-1.17113330969278e-210,-4.09539071701782e-196,-3.06381937424742e-183,-4.90354068747736e-172,-1.67894015759849e-162,-1.22981407463263e-154,-1.9271810194683e-148,-6.46077131281612e-144,-1.02083011014559e-140,-1.35475919036751e-125,-7.04347266086861e-112,-7.83412269737861e-100,-1.86411505353513e-89,-9.48929321919504e-81,-1.03343027132706e-73,-4.65109094036433e-66,-2.61851384161164e-55,-3.17020755933523e-46,-8.21106195803108e-39,-4.54977342508125e-33,-5.39335514246192e-29,-1.36775111115118e-26,-7.42051320635916e-26,-8.61270588838424e-27,-2.13857310144085e-29,-1.13602369964147e-33,-1.38861895886705e-39,-9.39191595617307e-31,-1.93328557266295e-22,-8.51366644164807e-16,-8.02076995205972e-11,-1.61656919316364e-07,-6.97029803001158e-06,-6.4298963872971e-06,-1.54244237084495e-07,-6.45433415220447e-08,-3.25175307039639e-09,-3.50770407746678e-12,-1.33847999724335e-15,-1.47159169754258e-11,-8.18870165945887e-09,-9.83062508772507e-08,-2.52494105340733e-08,-1.44448024516807e-10,-1.87489069573986e-08,-1.55961946560725e-06,-1.85833443523321e-05,-6.51973857227577e-05,-2.80874525710318e-05,-2.02247266369845e-06,-1.38003257137185e-05,-1.06564029447868e-05,-2.57737446358889e-07,-7.15414913663913e-10,-3.03667822061197e-13,-5.69473147545173e-10,-1.42318381675804e-07,-7.60926875740014e-07,-8.70376168795672e-08,-3.6594060320737e-10,-1.75191753473243e-09,-5.11733632972791e-10,-1.99049030857101e-11,-7.48890576005035e-09,-3.65740274516789e-06,-3.95523845740855e-05,-1.20980164541547e-05,-4.67799091775571e-06,-1.68202053211835e-06,-1.05020387720457e-06,-2.74488533362034e-06,-3.37488588765966e-07,-1.99694014540063e-06,-4.14324309161172e-06,-1.83985172176533e-07,-1.37162539193976e-09,-1.55506105372893e-06,-4.50004871723459e-05,-4.92892569424694e-05,-3.29978822702254e-05,-1.16402358206541e-06,-9.25270125011545e-10,-6.830140262596e-12,-2.95183903963779e-14,-5.75698312404611e-18,-4.56897447785422e-16,-3.42238860094137e-12,-1.29269351906876e-09,-1.04520995255057e-08,-1.82099139676042e-09,-1.47933333782727e-09,-1.65677603608949e-06,-3.9898639780828e-05,-2.05565355379644e-05,-9.1637688054389e-07,-1.15924996986419e-05,-4.19619136295089e-06,-3.17183897473993e-07,-1.7929574040912e-06,-8.26201872208576e-06,-8.51803314040347e-07,-1.87886847804709e-09,-8.00788781677933e-13,-1.57642883454621e-10,-7.46580396415263e-10,-7.56411607718793e-11,-1.22887348842256e-11,-3.15564882075523e-08,-1.75704218091008e-06,-2.09306066756905e-06,-3.50519127649698e-07,-1.46403231580377e-05,-1.59750864212603e-05,-5.44737671750196e-07,-2.51037233106065e-07,-4.07385956735158e-06,-8.28906262395298e-06,-3.61840125419534e-07,-3.3791668129938e-10,-1.51543314860911e-14,-4.52130154761251e-10,-8.58210089559252e-07,-3.48500186886225e-05,-3.02755198138951e-05,-5.62801443295191e-07,-3.14446421650072e-10,-2.20959612263901e-12,-1.23139468622407e-15,-8.79884935255144e-12,-2.8566007912783e-08,-1.98407413794359e-06,-2.9944226260737e-06,-1.80856835073972e-06,-1.35642334975491e-06,-2.29566463194115e-08,-5.28255053553303e-08,-1.04788038620729e-05,-4.44761495694682e-05,-4.03942484509934e-06,-8.42466986938074e-09,-8.16638489147004e-12,-2.477565913616e-10,-1.74205896640688e-07,-2.62049456518731e-06,-8.43300744929689e-07,-5.80577917315677e-09,-8.55100874921201e-13,-2.69434371202702e-18,-1.81621580944817e-25,-2.61915207203136e-34,-8.08039863743348e-45,-5.33314838177694e-57,-7.53031868152851e-71,-2.27468808725878e-86,-1.46997232712053e-103,-2.03224130189872e-122,-6.01063279103971e-143,-3.80315414215012e-165,-5.14809399452624e-189,-1.80629091343033e-188,-1.54925197692498e-177,-2.84272749026554e-168,-1.11590496054271e-160,-9.37126017766068e-155,-1.68363362752108e-150,-6.47106848074138e-148,-5.32087686603274e-147,-9.3598573569434e-148,-3.52236259170759e-150,-2.8358137155596e-154,-4.88427542270317e-160,-1.79970532324073e-167,-1.41867026231578e-176,-2.39243605004761e-187,-8.63133591801427e-200,-6.66184476708087e-214,-1.09999270956108e-229,-3.88565209833662e-247,-2.93641090783558e-266,-4.74732049673064e-287,-1.64194681139877e-309,0,0,0,0,0,0,0,0,0,0,0,0,0,0,0,0,0,0,0,0,0,0,0,0,0,0,0,0,0,0,0,0,0,0,0,0,0,0,0,0,0,0,0,0,0,0,0,0,0,0,0,0,0,0,0
0,0,0,0,0,0,0,0,0,0,0,0,0,0,-1.38338380835549e-322,-5.07423605588802e-298,-3.959730533031e-275,-6.61057758010925e-254,-2.36097826418185e-234,-1.80394536372855e-216,-2.94872029860943e-200,-1.03115176027019e-185,-7.71419129260923e-173,-1.23463057882074e-161,-4.227294093582e-152,-3.09646877547705e-144,-4.85232359473409e-138,-1.62671553759937e-133,-1.16696146577249e-130,-6.80566672139176e-119,-3.53830613076268e-105,-3.93549115669658e-93,-9.36442865607306e-83,-4.76697021351012e-74,-5.19137514111356e-67,-1.63464561067932e-61,-2.40605307202792e-51,-2.9129827798781e-42,-7.54483157351114e-35,-4.18061322217888e-29,-4.95574827884539e-25,-1.25677431504766e-22,-6.81842648577694e-22,-7.9138868580196e-23,-1.96505323434211e-25,-1.04384883722972e-29,-1.18629403717935e-35,-3.32091384692364e-30,-6.83595856082345e-22,-3.01037114323544e-15,-2.83608649407416e-10,-5.71607225099976e-07,-2.46464717036598e-05,-2.27347768229884e-05,-4.49133304053443e-07,-1.33436258804981e-09,-5.77334743561232e-11,-6.22960800679934e-14,-1.78978967225702e-13,-3.18270210326881e-10,-1.61898319538531e-07,-1.94235427928038e-06,-4.98884689007768e-07,-2.79249840455853e-09,-1.26809213109164e-07,-9.4408911262753e-06,-4.27873587150435e-05,-4.75035234134201e-05,-2.35279581094599e-05,-9.42984678247815e-06,-3.22014394092478e-05,-2.8265791105762e-05,-1.71567854584722e-06,-9.77662183199983e-09,-2.03620560349116e-12,-6.09665317034432e-09,-1.5236828175546e-06,-8.14660191163289e-06,-9.31831177745479e-07,-2.34212355150259e-09,-5.20064469044029e-09,-9.47387916248333e-09,-1.40922346288386e-09,-2.1331462197502e-08,-1.12243518211022e-06,-1.22408016470866e-05,-1.68561352184979e-05,-2.15604988412475e-05,-7.91423960093046e-07,-3.42209489812205e-06,-1.83287502744921e-05,-2.1178182431932e-06,-1.52075805792502e-07,-3.04843635134983e-07,-1.35432195536729e-08,-9.07348260803243e-10,-1.27693275232923e-06,-4.49639288539454e-05,-4.81747551757783e-05,-1.15596388412635e-05,-3.7662209013242e-07,-4.19071591976473e-09,-7.90275172617505e-10,-3.42270047526915e-12,-3.17142658180276e-16,-6.86157793004026e-15,-1.21157418786648e-10,-4.57682884029729e-08,-3.69877706917484e-07,-6.39485756797199e-08,-1.55557993899375e-09,-1.48483007427975e-06,-3.57578202343525e-05,-1.84251131869511e-05,-2.40839446337479e-06,-3.71436824409747e-05,-1.33841474001125e-05,-1.1117531411483e-07,-1.64010797950664e-07,-7.80402026655593e-07,-8.04617852556352e-08,-1.77478899430087e-10,-1.26751894054409e-14,-9.51951672493197e-13,-4.50834509278456e-12,-4.57413688399892e-13,-7.72059410341165e-11,-2.00937114964973e-07,-1.11880468942903e-05,-1.33268955937639e-05,-4.68118718079086e-07,-9.83792747668111e-06,-1.7677668025535e-05,-3.5056186481699e-06,-3.46316594670365e-06,-6.08611058000672e-07,-8.5966045624259e-07,-3.75159770046884e-08,-3.58162671911811e-11,-1.65758807495204e-12,-2.86387274908784e-10,-5.43069276241032e-07,-2.20528663687076e-05,-1.91608108277391e-05,-3.61191003673939e-07,-3.50655550989463e-10,-1.92137273979194e-13,-1.22479543675659e-17,-5.868467886551e-13,-1.90523434664107e-09,-1.3232920429598e-07,-1.99164765096267e-07,-1.00259496845733e-07,-7.4360576384223e-08,-1.26409570586847e-09,-5.48351126432277e-08,-1.08790630110085e-05,-4.61749742700569e-05,-4.19277222603796e-06,-8.1485295824485e-09,-3.91081831844602e-13,-1.4334502461211e-11,-1.0079146578068e-08,-1.51615699232228e-07,-4.87914128134949e-08,-3.35908832103666e-10,-4.94741407929617e-14,-1.55888438502346e-19,-1.05082007634856e-26,-1.51538025711642e-35,-4.67513005279622e-46,-3.08563517648261e-58,-4.35686662933349e-72,-1.31608143541527e-87,-8.5049167889603e-105,-1.17580738418351e-123,-3.47761184300164e-144,-2.20041621993917e-166,-2.97856702723933e-190,-1.44623240707684e-199,-1.24043054144677e-188,-2.27607003409134e-179,-8.93465114149188e-172,-7.50323221099696e-166,-1.34802511359655e-161,-5.18115264583191e-159,-4.2602354363329e-158,-7.49410238106159e-159,-2.82022950551657e-161,-2.27053442243509e-165,-3.91066430599897e-171,-1.44095956100254e-178,-1.13587844187338e-187,-1.91553781382139e-198,-6.91080137102182e-211,-5.33390038195486e-225,-8.80724744993723e-241,-3.11110239522202e-258,-2.35107898945277e-277,-3.80100940446679e-298,-1.31470868358356e-320,0,0,0,0,0,0,0,0,0,0,0,0,0,0,0,0,0,0,0,0,0,0,0,0,0,0,0,0,0,0,0,0,0,0,0,0,0,0,0,0,0,0,0,0,0,0,0,0,0,0,0,0,0,0,0
0,0,0,0,0,0,0,0,0,0,0,0,0,0,-1.3395269576142e-312,-4.88615922303752e-288,-3.81296290744336e-265,-6.36555616587428e-244,-2.27346847759209e-224,-1.73708203161145e-206,-2.83942582184166e-190,-9.92932064709363e-176,-7.42826437664892e-163,-1.18886892988526e-151,-4.07060921020415e-142,-2.98169799345253e-134,-4.67247195921488e-128,-1.56642123853826e-123,-1.12343836674708e-120,-1.3075220111534e-112,-6.79788289344721e-99,-7.56096477317916e-87,-1.79911762904207e-76,-9.15842328798405e-68,-9.97380042044719e-61,-2.3251907826333e-55,-8.45638020510636e-48,-1.02366496439198e-38,-2.65136471018613e-31,-1.46912893365814e-25,-1.7415227856414e-21,-4.41648966596485e-19,-2.3960952855273e-18,-2.78105616160155e-19,-6.90548589244017e-22,-3.66823824075341e-26,-4.16869037280455e-32,-4.49087247349016e-30,-9.24426815594435e-22,-4.07092551094005e-15,-3.83524034433519e-10,-7.72984567077728e-07,-3.33294287101713e-05,-3.07442374015342e-05,-6.0670943559556e-07,-2.63910920937958e-10,-3.94309570503038e-13,-2.26750528772076e-15,-1.54737091246317e-11,-4.92566776448259e-09,-1.23299503367831e-06,-1.46780013986654e-05,-3.77032785515847e-06,-2.25550965411616e-08,-3.28893799414216e-07,-2.35770610953675e-05,-5.94116426127114e-05,-3.24715174621018e-05,-3.88173109224422e-05,-2.23776999165945e-05,-3.52213753752977e-05,-4.76106476526585e-05,-7.85447381511354e-06,-5.44547970292205e-08,-1.1098017971545e-11,-2.49631365770047e-08,-6.23875531414194e-06,-3.33564460192532e-05,-3.81540428762752e-06,-1.14263747569445e-08,-1.78308310577518e-07,-3.25484182822087e-07,-4.35493771480863e-08,-5.67612164665569e-07,-3.53407323976055e-07,-1.76288062087834e-06,-2.58620134598833e-05,-3.90947729736221e-05,-1.31604696355386e-06,-8.6920025027909e-06,-4.68910524735088e-05,-5.41348861606019e-06,-1.80139876850698e-08,-1.32410373121991e-08,-1.29114803448157e-09,-3.30250512348285e-10,-6.34287126374302e-07,-3.32147854037023e-05,-4.63177354423105e-05,-4.58528547483713e-06,-1.16755707962848e-07,-1.73168842842993e-07,-3.50446547009372e-08,-1.51780125034983e-10,-1.40634000308074e-14,-9.291114851998e-14,-1.64060317878077e-09,-6.19752386417149e-07,-5.00854609785595e-06,-8.65932332367987e-07,-3.65494827054641e-09,-5.08931830726678e-07,-1.2256139268605e-05,-6.31775706971104e-06,-2.77335898399407e-06,-4.55385423570062e-05,-1.64084718703986e-05,-1.26583296115203e-07,-5.89133630721192e-09,-2.81924880243404e-08,-2.90676365848114e-09,-6.41160546079241e-12,-3.12485348727495e-16,-2.19882902987492e-15,-1.07968105379223e-14,-1.20512642706133e-14,-1.88024057517014e-10,-4.89361831745067e-07,-2.72488269499957e-05,-3.2461184713805e-05,-1.03568757229057e-06,-1.94614111548892e-05,-4.02694310905731e-05,-2.19746665572758e-05,-2.2112742298103e-05,-1.18234134861696e-06,-3.569362443963e-08,-1.48923332787215e-09,-1.50613194751687e-10,-3.16277171446323e-10,-1.36401289276632e-10,-1.31483889535876e-07,-5.33819203939364e-06,-4.74397485017684e-06,-2.9054478834535e-07,-8.34331948383363e-09,-7.22722020886776e-12,-1.34579114467643e-16,-1.49690171832379e-14,-4.85978386121711e-11,-3.37538560801821e-09,-5.06865462227778e-09,-2.13041327738061e-09,-1.55905306909724e-09,-2.87266153413516e-11,-2.17723249209359e-08,-4.31957457165782e-06,-1.83339542767898e-05,-1.66475422011177e-06,-3.23388242620697e-09,-1.3453488532994e-13,-3.17185251787779e-13,-2.23025423666858e-10,-3.35486296323875e-09,-1.07962766785362e-09,-7.43279294661477e-12,-1.09473467078194e-15,-3.4494076232013e-21,-2.32519282173396e-28,-3.3531442492879e-37,-1.03448526385297e-47,-6.82771192170034e-60,-9.64061806563564e-74,-2.91214754582762e-89,-1.88191793364396e-106,-2.60175738071678e-125,-7.69505482063331e-146,-4.8689515118593e-168,-6.59079782226479e-192,-4.42851754884777e-211,-3.79832869636567e-200,-6.96956567623991e-191,-2.73588408933908e-183,-2.2975685675464e-177,-4.12779458527632e-173,-1.58652339791328e-170,-1.30452886884127e-169,-2.29477291765877e-170,-8.63583917294287e-173,-6.95261505151463e-177,-1.19748651448101e-182,-4.41236963133385e-190,-3.47817917827035e-199,-5.86557812316165e-210,-2.11616001745808e-222,-1.63329636020619e-236,-2.69687173987785e-252,-9.52652253412088e-270,-7.19925098155491e-289,-1.16390903107752e-309,0,0,0,0,0,0,0,0,0,0,0,0,0,0,0,0,0,0,0,0,0,0,0,0,0,0,0,0,0,0,0,0,0,0,0,0,0,0,0,0,0,0,0,0,0,0,0,0,0,0,0,0,0,0,0,0
0,0,0,0,0,0,0,0,0,0,0,0,0,0,-4.93307942987702e-303,-1.79942713487359e-278,-1.40420084707228e-255,-2.3442450338968e-234,-8.37250830789756e-215,-6.397156540551e-197,-1.04567608996296e-180,-3.65667351137457e-166,-2.73560886459338e-153,-4.37825071716324e-142,-1.49908431836861e-132,-1.09807069980845e-124,-1.72073247034303e-118,-5.76866359159641e-114,-4.1372892130835e-111,-9.61355009000429e-107,-4.99484084774731e-93,-5.55552607913531e-81,-1.32192718884639e-70,-6.72928137433473e-62,-7.32839128378266e-55,-1.70737111672235e-49,-1.22145571058012e-44,-1.37577516905902e-35,-3.56335503828191e-28,-1.97446543944871e-22,-2.34055464669074e-18,-5.93563029721058e-16,-3.22028055027097e-15,-3.73765647823384e-16,-9.28076693940904e-19,-4.93000271391914e-23,-5.60259596441686e-29,-2.32259792046323e-30,-4.78096264651074e-22,-2.10540655855128e-15,-1.98351459708218e-10,-3.99773165293974e-07,-1.72373573553868e-05,-1.59003447317791e-05,-3.13777078973222e-07,-1.3248931601125e-10,-2.21452650397868e-15,-6.46569633093405e-14,-5.3979874534397e-10,-1.02629722114515e-07,-3.90092704381367e-06,-4.24459590765679e-05,-1.09247815145843e-05,-1.50706399326227e-07,-3.33571299972761e-07,-2.312177442361e-05,-4.26866034400621e-05,-1.41453637137342e-05,-3.772347774196e-05,-2.1254950416393e-05,-1.73140470770971e-05,-6.16860719191858e-05,-1.69429751847253e-05,-1.24700630343344e-07,-6.18651938899593e-11,-3.9140706908471e-08,-9.76977620509344e-06,-5.22339761148578e-05,-5.97467101699429e-06,-4.2089706154711e-08,-2.34360090947548e-06,-4.27799411163964e-06,-5.17970229399364e-07,-6.43791959284839e-06,-2.54072763604475e-06,-3.32394011284303e-07,-1.77382027064627e-05,-2.71317400910662e-05,-9.23578523288503e-07,-8.66822035612017e-06,-4.6319501200191e-05,-5.32150867403114e-06,-3.49525765152128e-08,-1.98920448237827e-07,-3.88093303617108e-08,-2.51257335394097e-10,-2.40262374210945e-07,-1.62753718408802e-05,-3.45533555315725e-05,-1.37234703336875e-05,-6.56496252536704e-07,-2.93600315327511e-06,-5.94343585587723e-07,-2.57413086324398e-09,-2.38508372513608e-13,-4.81162047796156e-13,-8.49624032427408e-09,-3.20953005860609e-06,-2.59379061754993e-05,-4.48442940008651e-06,-1.66458993829577e-08,-6.67145375074558e-08,-1.60659379445668e-06,-8.29322064660142e-07,-1.27687302866751e-06,-2.13522642585766e-05,-7.69365870452597e-06,-5.93069293450908e-08,-9.06806856766296e-11,-3.89512862368337e-10,-4.01605375580766e-11,-8.85951161214679e-14,-5.06500916037659e-18,-1.45127439009164e-16,-1.64317293468164e-13,-4.03512551537855e-12,-1.77490956492889e-10,-4.56992250966918e-07,-2.55011605819123e-05,-3.04966478882517e-05,-9.83470503302055e-07,-1.88992751423464e-05,-4.17520981099474e-05,-5.86417617811202e-05,-5.45810922263853e-05,-2.90990782408044e-06,-9.07734285502145e-09,-1.36679169112711e-10,-1.09060156251045e-08,-2.31406169562468e-08,-6.18669463620042e-09,-1.76182800589698e-08,-5.12522089729396e-07,-2.06656868856148e-06,-3.11976039170839e-06,-1.26515203060542e-07,-1.10035543775845e-10,-2.04744836622997e-15,-1.46027269457282e-16,-4.74083902382547e-13,-3.29276656144673e-11,-4.93533781925267e-11,-1.73592145993335e-11,-1.25011493066529e-11,-5.68019464453162e-13,-3.30615958256596e-09,-6.55934028514481e-07,-2.78403909633562e-06,-2.52795481087749e-07,-4.91068525985543e-10,-2.04078934516325e-14,-2.68420712730698e-15,-1.88735974192873e-12,-2.83906345402248e-11,-9.13638348075977e-12,-6.29002467381804e-14,-9.26422697357472e-18,-2.91907217325002e-23,-1.96770182152756e-30,-2.83760898687458e-39,-8.75436445098334e-50,-5.77797293180047e-62,-8.15840370359323e-76,-2.46441412381834e-91,-1.59257903748178e-108,-2.20174545928257e-127,-6.511964618927e-148,-4.12036570441085e-170,-5.57748362156011e-194,-1.6156938722089e-219,-4.44817987227773e-212,-8.16197971208533e-203,-3.20396298264741e-195,-2.69065662145474e-189,-4.83401365676766e-185,-1.85795964742281e-182,-1.52771903672718e-181,-2.68738266742017e-182,-1.0113333800223e-184,-8.14212902675734e-189,-1.40236294350601e-194,-5.1672762817837e-202,-4.0732563845149e-211,-6.8691123471449e-222,-2.47821111563702e-234,-1.91273493573233e-248,-3.15827606044685e-264,-1.11564030331604e-281,-8.43096158114777e-301,-1.36362118252184e-321,0,0,0,0,0,0,0,0,0,0,0,0,0,0,0,0,0,0,0,0,0,0,0,0,0,0,0,0,0,0,0,0,0,0,0,0,0,0,0,0,0,0,0,0,0,0,0,0,0,0,0,0,0,0,0,0
0,0,0,0,0,0,0,0,0,0,0,0,0,-4.0750534468986e-320,-6.94791442320575e-294,-2.53437349258488e-269,-1.97772354107309e-246,-3.30171328357205e-225,-1.17921213428144e-205,-9.00996970095561e-188,-1.47276525560347e-171,-5.15018154314762e-157,-3.85292322102985e-144,-6.16647506665954e-133,-2.11136060248973e-123,-1.54655958034902e-115,-2.42353728925718e-109,-8.12477916490264e-105,-5.82709680735858e-102,-1.16403982448036e-100,-1.403586986005e-87,-1.56114365657958e-75,-3.7147125509468e-65,-1.89097752062338e-56,-2.05933180812099e-49,-4.79783268282802e-44,-2.44975564054187e-40,-7.0714480690273e-33,-1.83154849545805e-25,-1.01486637343291e-19,-1.20303458275359e-15,-3.0508873305225e-13,-1.65520974851934e-12,-1.92113865323582e-13,-4.77027254987248e-16,-2.53399926650271e-20,-2.87975287333819e-26,-5.56082940123758e-31,-9.45644428999108e-23,-4.1643621380685e-16,-3.92326748246504e-11,-7.90726250502004e-08,-3.40944120028589e-06,-3.14498868454354e-06,-6.20632016545712e-08,-2.62020092435732e-11,-2.39942160128999e-16,-8.6846752691306e-13,-7.25390045955088e-09,-1.30352236742066e-06,-8.86526337352695e-06,-4.72902785040715e-05,-1.26493715868968e-05,-1.87476999939828e-06,-2.85115278061682e-07,-9.35826303079141e-06,-1.487229469255e-05,-1.75447244779061e-05,-2.26955235020858e-05,-7.95094387562574e-06,-7.58317823986263e-06,-6.60615872005698e-05,-1.8430530096951e-05,-2.78111242568963e-07,-1.32270540131969e-09,-2.72489099230226e-08,-5.87435353935393e-06,-3.1285181225707e-05,-3.57820265387794e-06,-1.46837825017295e-07,-1.17805751866944e-05,-2.15059084392371e-05,-2.41867440883044e-06,-2.79707701442319e-05,-1.10508477651006e-05,-2.01656421230845e-07,-4.70532039412856e-06,-7.20149981281858e-06,-2.64915794632333e-07,-5.27080690690321e-06,-2.28385680509384e-05,-2.31187403338644e-06,-3.60610749330896e-07,-3.24112432207186e-06,-6.33135357153961e-07,-3.29772073223387e-09,-5.71251853249815e-08,-4.63996925528269e-06,-3.27998441747785e-05,-3.28061424731812e-05,-2.89274509975282e-06,-1.90448461246748e-05,-3.85499900623498e-06,-1.6696139611201e-08,-1.54699285462866e-12,-9.52983271257701e-13,-1.68275050720198e-08,-6.35673913150619e-06,-5.13721635767265e-05,-8.88178247983725e-06,-3.28542052716232e-08,-3.35550045323438e-09,-8.05851084385731e-08,-4.17887900756143e-08,-2.27793412082255e-07,-3.82893974796519e-06,-1.37964583359827e-06,-1.06351078624281e-08,-2.18333810126299e-12,-2.05819318201479e-12,-2.15395009384696e-13,-1.24572311197101e-14,-9.6492254437517e-16,-2.33734997680545e-14,-2.68198890034846e-11,-6.5841594392758e-10,-4.11976007913133e-10,-1.80144139714711e-07,-1.08243555562035e-05,-1.45973985020642e-05,-5.25258255772624e-07,-7.07399387597664e-06,-1.85060167856078e-05,-6.27550068754111e-05,-5.34602281763629e-05,-4.96989493681661e-06,-8.50129289129017e-08,-3.1456573822719e-09,-3.04832904597921e-07,-6.4775456400789e-07,-2.19983093637833e-07,-2.0285719006424e-07,-1.29412473547872e-07,-9.55008639222125e-06,-1.81203293138214e-05,-7.36684671907729e-07,-6.40741161476009e-10,-1.19223670499309e-14,-5.49548937500584e-19,-1.76873661283479e-15,-1.22848064709755e-13,-1.83846165114422e-13,-5.4266288888196e-14,-3.83363349108921e-14,-2.13526632613276e-14,-1.92005067445109e-10,-3.80933397199817e-08,-1.6168294749182e-07,-1.46810863921586e-08,-2.85187823932105e-11,-1.1851755608749e-15,-8.6883193080311e-18,-6.10836110883863e-15,-9.18851049050869e-14,-2.95695241821132e-14,-2.03574025860705e-16,-2.99832843160084e-20,-9.44745537422118e-26,-6.36838489949288e-33,-9.18380316823029e-42,-2.83331355210205e-52,-1.8700168473692e-64,-2.64043334114496e-78,-7.97597355479277e-94,-5.15431565016006e-111,-7.12585737433382e-130,-2.10757019643417e-150,-1.33353917983305e-172,-1.80512931807616e-196,-5.22744736190097e-222,-1.99224084027649e-224,-3.65556919612563e-215,-1.43498376595453e-207,-1.2050852623632e-201,-2.16504721166657e-197,-8.32138806312714e-195,-6.84231381110325e-194,-1.20361893116164e-194,-4.52953729540525e-197,-3.64667851563286e-201,-6.28087174791396e-207,-2.31430812987551e-214,-1.82432094815272e-223,-3.076522655866e-234,-1.10993564495197e-246,-8.56671439781171e-261,-1.41452160954696e-276,-4.99670480768223e-294,-3.77604019328571e-313,0,0,0,0,0,0,0,0,0,0,0,0,0,0,0,0,0,0,0,0,0,0,0,0,0,0,0,0,0,0,0,0,0,0,0,0,0,0,0,0,0,0,0,0,0,0,0,0,0,0,0,0,0,0,0,0,0
0,0,0,0,0,0,0,0,0,0,0,0,0,-2.19494259613687e-311,-3.74248884995371e-285,-1.36513836525362e-260,-1.06529928981808e-237,-1.77846536339632e-216,-6.35181724394667e-197,-4.8532133659601e-179,-7.93303891206062e-163,-2.77414139358027e-148,-2.07537417937564e-135,-3.32156713148521e-124,-1.13728279189195e-114,-8.33053148425973e-107,-1.30543652814709e-100,-4.37640615310821e-96,-3.13876128875512e-93,-4.81619350203996e-92,-1.50843539020785e-82,-1.67776159512502e-70,-3.99220278584889e-60,-2.03223415601462e-51,-2.21316456350641e-44,-5.156232332543e-39,-2.57009666686888e-35,-1.39280762656281e-30,-3.60037262572703e-23,-1.99497699247742e-17,-2.36486928385431e-13,-5.9972920478635e-11,-3.25373413925486e-10,-3.7764847795678e-11,-9.37717933509929e-14,-4.98121759593975e-18,-5.67338414494223e-24,-2.74618801778235e-27,-7.15337292386038e-24,-3.15014620631892e-17,-2.96776949412374e-12,-5.98148212148428e-09,-2.57912359397704e-07,-2.37961144293913e-07,-4.71241965090789e-09,-2.09789849515352e-12,-4.57009032478806e-17,-4.50623778603705e-12,-3.77964466577196e-08,-6.79704451285045e-06,-2.7845229986446e-05,-2.20427650127175e-05,-9.7296365684351e-06,-1.3813267375806e-05,-1.41378781715378e-06,-8.29766132248015e-06,-5.76618452976196e-06,-4.26422031742053e-05,-2.57562632687505e-05,-1.4247627423862e-06,-6.92714062779734e-06,-6.59772720098549e-05,-1.97442425998072e-05,-2.09003464844199e-06,-1.63804593112259e-08,-1.1689387811116e-07,-2.02517942727304e-06,-7.25683945812737e-06,-8.23159571918792e-07,-2.67577542058946e-07,-2.26474966687395e-05,-4.13862932572191e-05,-5.4291163215879e-06,-4.71594431844128e-05,-1.94284687096932e-05,-1.05750601166076e-06,-4.92269975382548e-07,-7.31053797776052e-07,-1.02286389730076e-07,-1.01766975957048e-05,-2.887095020461e-05,-1.82418055944714e-06,-2.2177001954473e-06,-2.02068303047471e-05,-3.9808182115272e-06,-5.4526408198776e-08,-6.78787045943124e-08,-6.26270087174298e-06,-3.6159492443853e-05,-3.20058219768669e-05,-6.2206255261576e-06,-4.73229895499292e-05,-9.56306749099318e-06,-4.14163298445192e-08,-3.83745424492936e-12,-7.21856879836668e-13,-1.27462482899793e-08,-4.81500822243283e-06,-3.89126224796789e-05,-6.72764050680327e-06,-2.4887672547811e-08,-9.99073053142469e-10,-6.22505823176275e-09,-1.31779695213751e-09,-1.56008756200946e-08,-2.62594597584021e-07,-9.46757074151286e-08,-7.70082306578997e-10,-7.31664981599729e-13,-1.20160822543517e-14,-1.34692839499775e-12,-5.06320192363696e-12,-4.07335186662398e-13,-1.45971881099055e-12,-1.67426691717211e-09,-4.11025163583365e-08,-2.16193076619804e-08,-1.18696923923262e-07,-1.08908620224803e-05,-2.21871188566572e-05,-9.98981625991704e-07,-1.0155262487701e-06,-4.0970110522309e-06,-2.91135939284364e-05,-2.98804849793834e-05,-1.62295283573898e-05,-5.11116501806205e-07,-3.33647568823562e-08,-3.25857939404209e-06,-6.93784511309449e-06,-3.02257137475953e-06,-2.87506942368327e-06,-3.04477417506839e-07,-2.12344086956742e-05,-4.03532761316252e-05,-1.64059357347412e-06,-1.42692800529041e-09,-2.65510637923379e-14,-1.13465140773124e-20,-2.52371799752318e-18,-1.75285301984689e-16,-2.61987478184977e-16,-6.51173164857762e-17,-4.49626456490717e-17,-4.60608093297019e-16,-4.26453104654192e-12,-8.46072618041394e-10,-3.5910612112935e-09,-3.26074460543695e-10,-6.3341678774147e-13,-2.63233506245407e-17,-1.07762339549952e-20,-7.56074205487822e-18,-1.13732565002994e-16,-3.66002502214438e-17,-2.51977686187982e-19,-3.71123898263612e-23,-1.16937705362734e-28,-7.88259152877739e-36,-1.1367429921143e-44,-3.50698862531821e-55,-2.31464950570391e-67,-3.26824741526977e-81,-9.87241546624614e-97,-6.37985384392072e-114,-8.82016772866108e-133,-2.60868575610726e-153,-1.65061390103507e-175,-2.2343337118565e-199,-6.47037403397638e-225,-3.41248726258673e-237,-6.26158397473299e-228,-2.45796779402396e-220,-2.06417719434698e-214,-3.70848538155967e-210,-1.42536134178043e-207,-1.17201235186866e-206,-2.06166553187794e-207,-7.75859424899535e-210,-6.24635522661983e-214,-1.07584356290597e-219,-3.96415275464661e-227,-3.12485913981028e-236,-5.26974157137838e-247,-1.9011964688788e-259,-1.46738301784296e-273,-2.42291839302071e-289,-8.55880030486477e-307,-0,0,0,0,0,0,0,0,0,0,0,0,0,0,0,0,0,0,0,0,0,0,0,0,0,0,0,0,0,0,0,0,0,0,0,0,0,0,0,0,0,0,0,0,0,0,0,0,0,0,0,0,0,0,0,0,0,0
0,0,0,0,0,0,0,0,0,0,0,0,0,-4.5216706224428e-303,-7.70967856628353e-277,-2.81224030760635e-252,-2.19455967156431e-229,-3.66371065961195e-208,-1.30850007110139e-188,-9.99781604308807e-171,-1.63423813718412e-154,-5.71484359724719e-140,-4.27535484252639e-127,-6.84256278289268e-116,-2.34284860048706e-106,-1.71612321652586e-98,-2.68925210580745e-92,-9.01557387843308e-88,-6.46597534496198e-85,-9.92095605129616e-84,-6.19989056076455e-78,-6.89584246153623e-66,-1.64085300114818e-55,-8.35277588040498e-47,-9.09642598551544e-40,-2.11928595597081e-34,-1.05629974313649e-30,-2.17136842259407e-28,-2.70673801778732e-21,-1.49981130284336e-15,-1.77789402837531e-11,-4.50872688444801e-09,-2.4461371017826e-08,-2.83913778392897e-09,-7.04970513875746e-12,-3.74484856117659e-16,-5.63286082340693e-22,-3.00440667649656e-23,-3.47174320858514e-25,-9.11358063917573e-19,-8.58779798881749e-14,-1.73664309531432e-10,-7.87668350845018e-09,-1.28462993602938e-08,-1.9677584149639e-09,-1.20961894388149e-11,-1.71666631625947e-15,-9.38418462256674e-12,-8.02639509085193e-08,-1.47993698979338e-05,-5.93757578836103e-05,-9.14769671067041e-06,-1.44078150733654e-05,-4.01901901349679e-05,-4.7847079185109e-06,-3.0257693987811e-05,-1.24099312529553e-05,-6.17014755225407e-05,-2.78854074657884e-05,-4.18533725123585e-07,-5.9806779915846e-06,-5.77983233317815e-05,-3.7610786400963e-05,-9.61651878084627e-06,-8.00371437401957e-08,-1.23990330798971e-06,-7.7318338971364e-06,-1.7131095655249e-06,-2.1875925574712e-07,-2.00572098276202e-07,-1.66529957267202e-05,-3.08103964395482e-05,-1.33247978194025e-05,-3.59476104716481e-05,-2.11774805332363e-05,-7.38319322390466e-06,-1.37869754241694e-07,-2.84454834913169e-08,-1.37025623887386e-07,-1.72983579155449e-05,-4.70704061706241e-05,-2.75632473832279e-06,-5.28483156740556e-06,-4.81948966947056e-05,-1.02567004991827e-05,-9.04214980692222e-07,-2.19353556642818e-07,-1.78388288913917e-05,-4.26897502553581e-05,-1.35100546033853e-05,-1.01863741116608e-05,-4.59720966714072e-05,-9.07760287758379e-06,-3.92918410369268e-08,-3.64055924665502e-12,-2.09119174875393e-13,-3.69245082397619e-09,-1.39485601362023e-06,-1.12725675563e-05,-1.94892499841623e-06,-7.37789724739246e-09,-3.97219322757848e-08,-1.99292844425648e-07,-2.13955205538989e-08,-4.58220124047664e-10,-7.06296349362793e-09,-8.23129120372115e-09,-4.04805523964986e-09,-6.04007851768682e-11,-1.25666553147144e-12,-2.17476578988882e-10,-8.1777050445103e-10,-6.57860011612058e-11,-3.49467878774021e-11,-3.99725787974115e-08,-9.81319922661533e-07,-5.15972096505338e-07,-2.06712967130511e-07,-2.0043462670459e-05,-4.29332390812968e-05,-1.96924608956557e-06,-5.9469804717556e-08,-1.60742734747448e-06,-2.27804283614181e-05,-3.23011891056792e-05,-3.6757686194902e-05,-1.21616453556486e-06,-1.35785010653103e-07,-1.33218557936507e-05,-2.84370714540942e-05,-1.6002379701895e-05,-1.56185298065784e-05,-5.57804758174246e-07,-1.80854205531191e-05,-3.43690793382321e-05,-1.39730156624441e-06,-1.21532155846834e-09,-2.26136708423564e-14,-9.00223206710047e-21,-1.3771720823091e-21,-9.56516509359414e-20,-1.42815025570282e-19,-3.00114893560434e-20,-2.01761814160142e-20,-3.90642918341672e-18,-3.62242642043072e-14,-7.18680617384376e-12,-3.05036002036321e-11,-2.76977873553348e-12,-5.38044085540933e-15,-2.23598793391232e-19,-5.28896187031673e-24,-3.57910007846592e-21,-5.38386615191169e-20,-1.73258071084163e-20,-1.19281063930001e-22,-1.75682434839518e-26,-5.53559091688538e-32,-3.73145701233534e-39,-5.38110796894976e-48,-1.66013642218419e-58,-1.09570755983306e-70,-1.54712123433431e-84,-4.67339881633152e-100,-3.02009184120005e-117,-4.17528633837393e-136,-1.2348982846654e-156,-7.81366736204642e-179,-1.05768771178441e-202,-3.0629422409331e-228,-2.2354946141207e-250,-4.10188151809013e-241,-1.61018245655607e-233,-1.35221540072327e-227,-2.4293801230026e-223,-9.33735516131753e-221,-7.6776991644653e-220,-1.35057004358944e-220,-5.08255330995115e-223,-4.09190536498261e-227,-7.04771004405268e-233,-2.59686446509174e-240,-2.04705422844239e-249,-3.45213857132212e-260,-1.24544886556196e-272,-9.6126336485107e-287,-1.58722205376112e-302,-5.60665694900647e-320,0,0,0,0,0,0,0,0,0,0,0,0,0,0,0,0,0,0,0,0,0,0,0,0,0,0,0,0,0,0,0,0,0,0,0,0,0,0,0,0,0,0,0,0,0,0,0,0,0,0,0,0,0,0,0,0,0,0
0,0,0,0,0,0,0,0,0,0,0,0,-4.44659081257122e-323,-3.5624139441038e-295,-6.07409710312835e-269,-2.21563331841562e-244,-1.72899147857967e-221,-2.88646720001689e-200,-1.03090633714344e-180,-7.87681418139918e-163,-1.28754020670898e-146,-4.50245942686609e-132,-3.36835319923787e-119,-5.39093691393413e-108,-1.84582142756537e-98,-1.35205365158777e-90,-2.11873663539029e-84,-7.1029512718623e-80,-5.09424118970341e-77,-7.81625967531112e-76,-9.7713013198638e-74,-1.08396214520574e-61,-2.57926794153535e-51,-1.31297849570211e-42,-1.4298733591962e-35,-3.33131994234505e-30,-1.66040458224311e-26,-1.77348179829388e-24,-7.7828229696521e-20,-4.31226116268946e-14,-5.1118053020208e-10,-1.29635026753235e-07,-7.03313943733124e-07,-8.16309596940276e-08,-2.02693296286821e-10,-1.07672539494523e-14,-5.88462912104099e-19,-1.25714054731465e-19,-5.86752232104178e-22,-1.06178315111104e-20,-1.73370453919794e-15,-2.65033232102915e-11,-1.65859628336625e-08,-2.37044552866551e-07,-7.27939020215046e-08,-4.78366780236678e-10,-6.72750029716055e-14,-9.12316388850943e-12,-8.35559446792699e-08,-1.67055205168101e-05,-7.48686839526797e-05,-1.53939545710325e-05,-1.58418076971168e-05,-4.48038140769391e-05,-6.50705915490005e-06,-4.95709623935092e-05,-1.91757417463437e-05,-6.2882252446637e-05,-2.00362349787682e-05,-9.72113645694946e-07,-6.2813702505793e-06,-6.21222203397295e-05,-6.28810779087814e-05,-1.74506477825612e-05,-1.5771707927805e-07,-5.26776918432429e-06,-3.23794784703005e-05,-5.69164445631438e-06,-2.41903805312989e-06,-1.42135979305718e-07,-4.72345631259816e-06,-1.0665518976514e-05,-3.38643958160085e-05,-2.74143421087181e-05,-3.26147451999736e-05,-2.26494963324781e-05,-3.70820499132741e-07,-5.66772784050875e-10,-9.24273785456901e-08,-1.17379826966434e-05,-3.18962460166555e-05,-1.86560871371761e-06,-4.81825135585575e-06,-4.4087561457425e-05,-1.60063221846112e-05,-7.55539679992723e-06,-4.08007118268365e-07,-2.16426685035977e-05,-4.21012505535468e-05,-5.77147798041125e-06,-2.78179190603256e-05,-2.21428887437629e-05,-3.31995728992778e-06,-1.42587026546275e-08,-1.32088372084615e-12,-2.31702114066432e-14,-4.09088026356213e-10,-1.54536626448156e-07,-1.24889203225998e-06,-2.15922389153316e-07,-3.55645808445878e-09,-6.46748903641622e-07,-3.24476838567839e-06,-3.4826559514619e-07,-8.08119775420138e-10,-6.710424989402e-09,-2.17557794286013e-07,-1.52432048923166e-07,-2.28511001019234e-09,-7.71601143768933e-11,-1.34334780434108e-08,-5.05134952301385e-08,-4.06355191740874e-09,-3.25050423998277e-10,-3.64980512301258e-07,-8.96086960883095e-06,-4.73982682691879e-06,-2.42209777387251e-07,-1.5806132238247e-05,-3.39022545900166e-05,-1.55695896920757e-06,-8.46730180996907e-09,-2.89170390934161e-06,-4.48752529388442e-05,-3.62826268740982e-05,-3.34822368341294e-05,-1.10887056144042e-06,-2.11740137747215e-07,-2.08291329583079e-05,-4.46149349276716e-05,-3.25941732123642e-05,-3.24497616571314e-05,-8.02259034962021e-07,-5.89127952148414e-06,-1.11950681403608e-05,-4.55144174362147e-07,-3.95867678523502e-10,-7.3659693737653e-15,-2.93216627965936e-21,-2.87437203809609e-25,-1.9962237184499e-23,-2.97795033531611e-23,-5.31600107163483e-24,-3.48883037055401e-24,-1.26894272237089e-20,-1.17678620081369e-16,-2.33471528521032e-14,-9.90943959342578e-14,-8.99793954933102e-15,-1.74789707728763e-17,-7.26385974124004e-22,-1.56733371525277e-27,-6.47967114051783e-25,-9.74705410955735e-24,-3.13669721000629e-24,-2.15948716325063e-26,-3.18058835447003e-30,-1.00217395219043e-35,-6.75550104339149e-43,-9.7420606424436e-52,-3.00554268618482e-62,-1.98368989358175e-74,-2.80093783158911e-88,-8.4608104757858e-104,-5.46763195098306e-121,-7.55901813208605e-140,-2.23568344026523e-160,-1.41460126279156e-182,-1.91485803452156e-206,-5.54520913307321e-232,-3.43546214122244e-259,-1.02766535629547e-254,-4.03407246313603e-247,-3.38777440412116e-241,-6.08645027573769e-237,-2.33933534559538e-234,-1.92353324019277e-233,-3.38365220673999e-234,-1.27335807607456e-236,-1.02516597963314e-240,-1.76569884370038e-246,-6.50605736416322e-254,-5.12858965757656e-263,-8.64881932652916e-274,-3.12028674287855e-286,-2.40830227293695e-300,-3.97654861469336e-316,0,0,0,0,0,0,0,0,0,0,0,0,0,0,0,0,0,0,0,0,0,0,0,0,0,0,0,0,0,0,0,0,0,0,0,0,0,0,0,0,0,0,0,0,0,0,0,0,0,0,0,0,0,0,0,0,0,0,0
0,0,0,0,0,0,0,0,0,0,0,0,-1.34679347460681e-315,-1.07339493810824e-287,-1.83019300574763e-261,-6.67594958364628e-237,-5.20964360195005e-214,-8.69724667073575e-193,-3.10623543843099e-173,-2.3733717090143e-155,-3.87950182706803e-139,-1.35664109608468e-124,-1.01492227757732e-111,-1.62434924348293e-100,-5.56166523062213e-91,-4.07388801087308e-83,-6.38398910204323e-77,-2.14019820842722e-72,-1.53495152229042e-69,-2.35512596291214e-68,-8.31646399328013e-69,-6.51644302380164e-58,-1.55057560436683e-47,-7.89321803954213e-39,-8.59595357426843e-32,-2.00268585894421e-26,-9.98183553077619e-23,-1.06435902001681e-20,-8.80041136889207e-19,-4.74179955058384e-13,-5.62098516505866e-09,-1.42547792648491e-06,-7.73370073883676e-06,-8.97621067978155e-07,-2.22883295482901e-09,-1.18487453611999e-13,-9.2225656646633e-16,-2.01177218664754e-16,-9.38961999431305e-19,-8.25801755649292e-21,-1.19142917642401e-14,-3.73671750405275e-10,-2.50795322517367e-07,-3.60110390074753e-06,-1.10619377419403e-06,-7.26951790016966e-09,-1.02203063810628e-12,-5.63481007811217e-12,-5.77644866652753e-08,-1.29252252422285e-05,-7.03669104965628e-05,-3.94943935770058e-05,-9.33916391922355e-06,-1.91087124649044e-05,-3.5147931449398e-06,-3.1201611649534e-05,-1.25140317624885e-05,-3.87600699428635e-05,-1.01428525264531e-05,-7.11659133556414e-06,-1.22089505278699e-05,-6.75586752336514e-05,-6.08084133224872e-05,-1.24868562093036e-05,-2.28674891520372e-07,-8.56513453208604e-06,-5.27094879488273e-05,-1.59637061472077e-05,-1.53651175498452e-05,-5.62814139260517e-07,-8.81644815080013e-07,-1.11096512019329e-05,-4.32701032251713e-05,-2.47827337732094e-05,-3.5659922383506e-05,-2.68757053830203e-05,-4.40106907371132e-07,-1.60641743602427e-10,-2.40553092223817e-08,-3.0537886052679e-06,-8.29496664486069e-06,-4.86034343096772e-07,-1.68031756498669e-06,-1.58427700419388e-05,-2.77052660572305e-05,-2.50147817127139e-05,-6.55866197109334e-07,-1.01192815795284e-05,-1.91905583690548e-05,-5.78763441306914e-06,-5.07788261780026e-05,-1.36665039742433e-05,-5.11863491173765e-07,-1.98382816910764e-09,-1.83297493960708e-13,-9.82004262893246e-16,-1.73335899525544e-11,-6.54791717900575e-09,-5.29171742724126e-08,-9.15046747207338e-09,-1.72071013544559e-08,-4.0273746207739e-06,-2.02055217095204e-05,-2.16868720406057e-06,-5.042473570429e-09,-9.60973697458765e-08,-3.147611997488e-06,-2.20562648833307e-06,-3.30646898482896e-08,-1.81608951778032e-09,-3.1734681923729e-07,-1.19330950557738e-06,-9.59955171894017e-08,-1.2758688010452e-09,-1.27452734519023e-06,-3.13073481538924e-05,-1.72361515348233e-05,-9.93171529280858e-07,-4.80659471933839e-06,-1.02567695989843e-05,-5.30193411097203e-07,-9.19180489751837e-08,-2.6712377819119e-06,-4.13088869620325e-05,-2.11105687724487e-05,-1.17346267329334e-05,-3.86720779581295e-07,-1.26416485314173e-07,-1.24551169793072e-05,-2.67995540414886e-05,-2.55084906050317e-05,-2.57843173369071e-05,-5.93044959731929e-07,-7.34151719839489e-07,-1.39462213702866e-06,-5.66993130292603e-08,-4.93149553027247e-11,-9.17610690884993e-16,-3.65272627637962e-22,-2.60506009103571e-29,-1.59329323480807e-27,-2.37518239578557e-27,-3.62150806493923e-28,-2.63339087741586e-28,-1.57655025273399e-23,-1.46206022930725e-19,-2.9006920398132e-17,-1.23116650367373e-16,-1.11792010746671e-17,-2.17161859975755e-20,-9.02474929702975e-25,-8.6615892891981e-31,-4.48643923318902e-29,-6.74873230489194e-28,-2.17180796924859e-28,-1.49520056181271e-30,-2.20219762146676e-34,-6.93892087829587e-40,-4.67742023536778e-47,-6.74527489381739e-56,-2.08099829876785e-66,-1.37348084018283e-78,-1.93933258352438e-92,-5.85815409883859e-108,-3.78571658309335e-125,-5.23376491890512e-144,-1.54795786370323e-164,-9.79451343291672e-187,-1.32582256460303e-210,-3.83943000552925e-236,-2.37863010722344e-263,-9.84668450196914e-269,-3.86528927527274e-261,-3.24603194190353e-255,-5.83179682325382e-251,-2.24145894879811e-248,-1.84305375569973e-247,-3.24208221480428e-248,-1.22008153299426e-250,-9.82273645964705e-255,-1.69182305629972e-260,-6.23384780115224e-268,-4.91401252254524e-277,-8.28695787993179e-288,-2.98973580500542e-300,-2.30754034092135e-314,0,0,0,0,0,0,0,0,0,0,0,0,0,0,0,0,0,0,0,0,0,0,0,0,0,0,0,0,0,0,0,0,0,0,0,0,0,0,0,0,0,0,0,0,0,0,0,0,0,0,0,0,0,0,0,0,0,0,0,0
0,0,0,0,0,0,0,0,0,0,0,0,-1.55197909131048e-308,-1.23692795807011e-280,-2.10902512868531e-254,-7.69303859512602e-230,-6.00333911969998e-207,-1.00222827435964e-185,-3.57947417277299e-166,-2.73495776582149e-148,-4.47054863305209e-132,-1.56332701155789e-117,-1.16954691682836e-104,-1.87182081972106e-93,-6.40899167021178e-84,-4.69454978758967e-76,-7.35659758024347e-70,-2.46625999977318e-65,-1.7688032473393e-62,-2.71393225818365e-61,-8.90848503451057e-62,-1.49822414338073e-54,-3.56499672773098e-44,-1.81476455601305e-35,-1.97633358074839e-28,-4.60446334490376e-23,-2.29496781090446e-19,-2.44710716173485e-17,-5.9421182274649e-17,-1.99412152096448e-12,-2.36385196849901e-08,-5.99471214320074e-06,-3.25233445356167e-05,-3.77486021791333e-06,-9.37314559249526e-09,-5.53247772102568e-13,-5.64356453238162e-13,-1.23124213179275e-13,-5.74662271572925e-16,-1.04581703138508e-19,-6.92207973916584e-14,-2.17167948278636e-09,-1.45758437139359e-06,-2.09290968918106e-05,-6.42903933275113e-06,-4.22493941404709e-08,-5.93983014362079e-12,-2.28657521492601e-12,-2.50236850610887e-08,-5.95189137568538e-06,-4.21164400944711e-05,-5.4139958274642e-05,-5.54497844642845e-06,-3.12381522966877e-06,-8.16546065495043e-07,-8.97131215870558e-06,-6.40595590503187e-06,-2.02512822045537e-05,-3.81268253781136e-06,-2.39046727868122e-05,-2.75312385790987e-05,-5.23071603119596e-05,-4.45157121760785e-05,-5.28446014452623e-06,-1.88721370033137e-06,-5.37332825282336e-06,-3.29740975261522e-05,-2.63884889842078e-05,-3.74650238883351e-05,-1.35984060270658e-06,-1.3630301135934e-06,-3.19822709016341e-05,-3.32718664308563e-05,-1.11256673723632e-05,-1.60890876215682e-05,-1.22072225015437e-05,-1.99915291735243e-07,-7.08173563004571e-11,-3.88582885410849e-09,-4.35616207810273e-07,-1.07541460868078e-06,-6.09852437129348e-08,-2.26139648300108e-07,-2.7079645240052e-06,-3.18275518677874e-05,-3.17950753577613e-05,-7.08600922142483e-07,-1.81343991331033e-06,-3.94212916079312e-06,-6.24061846942478e-06,-3.77497234777375e-05,-8.58248576400505e-06,-6.51242534623069e-08,-1.09201898758193e-10,-9.73593522967005e-15,-1.59264945170683e-17,-2.80885920774377e-13,-1.06107145202681e-10,-8.57507843994318e-10,-1.5198708133256e-10,-4.08992596831407e-08,-9.59131396921742e-06,-4.81200579230174e-05,-5.16479383303062e-06,-1.22066185877401e-08,-5.31784413204977e-07,-1.74183538555349e-05,-1.22055653079531e-05,-1.82975191154961e-07,-1.63707625535788e-08,-2.86714417324155e-06,-1.07812342481441e-05,-8.67293827561668e-07,-2.97589813303762e-09,-1.70221241356172e-06,-4.19540286930395e-05,-2.92169435577036e-05,-7.48194840385005e-06,-1.00042629060717e-06,-1.20712519263237e-06,-1.18244400098452e-06,-1.66349819857863e-06,-1.04651504417195e-06,-1.48866107942363e-05,-5.86313918804479e-06,-1.58649349197624e-06,-5.15837167556439e-08,-2.88838104717618e-08,-2.84835904571842e-06,-6.16565821793774e-06,-7.66243667423219e-06,-7.83558088926141e-06,-1.78183136480655e-07,-3.64961604332395e-08,-6.70164694784061e-08,-2.70617004207902e-09,-2.35038660629275e-12,-4.37210468553791e-17,-1.7402932099329e-23,-1.4890233104752e-31,-4.86353406816319e-32,-7.24603999527086e-32,-9.4953805761491e-33,-2.29758634846179e-32,-7.49109176170938e-27,-6.94708579476713e-23,-1.37828497491713e-20,-5.84997742036771e-20,-5.31187891072481e-21,-1.0318604133823e-23,-4.28817543804678e-28,-3.82933517937611e-34,-1.18801060971705e-33,-1.78706656156876e-32,-5.75095473438675e-33,-3.95929606648859e-35,-5.83142663465379e-39,-1.83742855913624e-44,-1.23858243584084e-51,-1.78615103796494e-60,-5.51049042457023e-71,-3.63698183830302e-83,-5.13535913887854e-97,-1.55124115605575e-112,-1.00245901179371e-129,-1.38590269329663e-148,-4.098997577569e-169,-2.59359041847211e-191,-3.51078256587222e-215,-1.01668234394061e-240,-6.29862044443233e-268,-3.60826172623633e-283,-1.41641334705205e-275,-1.18949000709527e-269,-2.13702889214382e-265,-8.21369927538609e-263,-6.75376602627834e-262,-1.1880426519862e-262,-4.47091962529209e-265,-3.59948610186159e-269,-6.19958969985229e-275,-2.2843581942309e-282,-1.80071203701101e-291,-3.03670874588431e-302,-1.09557174031714e-314,0,0,0,0,0,0,0,0,0,0,0,0,0,0,0,0,0,0,0,0,0,0,0,0,0,0,0,0,0,0,0,0,0,0,0,0,0,0,0,0,0,0,0,0,0,0,0,0,0,0,0,0,0,0,0,0,0,0,0,0,0
0,0,0,0,0,0,0,0,0,0,0,0,-6.83975319800756e-302,-5.45128604134294e-274,-9.2947201733399e-248,-3.39041199897744e-223,-2.64574169668915e-200,-4.41693711150257e-179,-1.57751609267746e-159,-1.20532784429451e-141,-1.9702230191741e-125,-6.88976480849796e-111,-5.15432991938212e-98,-8.24933306735149e-87,-2.82451751558867e-77,-2.06894294534353e-69,-3.24213851253895e-63,-1.08690959917022e-58,-7.79532258866998e-56,-1.19606165740381e-54,-3.92601409403078e-55,-1.31738765933541e-51,-3.13469308906495e-41,-1.59571813005139e-32,-1.73778538674904e-25,-4.04869359734573e-20,-2.01795970260201e-16,-2.15173545741463e-14,-4.90902542924793e-14,-3.20961403395077e-12,-3.80187484002422e-08,-9.64152813824376e-06,-5.23085569414045e-05,-6.07125415525342e-06,-1.50752207265591e-08,-1.37539669288664e-11,-1.32095320732998e-10,-2.88189291212026e-11,-1.34507675526416e-13,-1.35360299599408e-17,-1.53858372667526e-13,-4.82703339281596e-09,-3.2398005916938e-06,-4.65195029866281e-05,-1.42899483907049e-05,-9.39085344728216e-08,-1.32025646462262e-11,-4.48632181339686e-13,-5.00230714277557e-09,-1.23110092290355e-06,-1.34268891639882e-05,-3.08224151920602e-05,-2.72487898649569e-06,-1.99829928976812e-07,-5.94717547052708e-07,-1.25054711422374e-05,-1.53740700989514e-05,-3.77425270203036e-05,-3.90512043296285e-06,-3.09708709916692e-05,-3.33131951816535e-05,-2.63827533224549e-05,-2.36026742722251e-05,-1.05342793930774e-05,-1.25342975379741e-05,-1.60951060047808e-06,-8.03350848120489e-06,-2.16422007555943e-05,-3.4961948992338e-05,-1.26973041555737e-06,-1.82677483476498e-06,-4.27381498331502e-05,-2.43585185803049e-05,-2.12759389963255e-06,-2.79361985449393e-06,-2.12067310942952e-06,-3.47300643201478e-08,-1.82670390594393e-11,-2.18361735494415e-08,-1.91905518184953e-06,-3.70168378930487e-06,-2.6291908884059e-07,-9.41663184928491e-08,-4.28878939426955e-07,-1.53049778511834e-05,-1.54620375055729e-05,-3.36027885932037e-07,-1.39575102695444e-07,-3.79441255469174e-06,-1.85298585984762e-05,-1.2471286215931e-05,-2.40668669817478e-06,-1.20886176986409e-08,-3.32922982577553e-12,-2.00058434908522e-16,-9.89751666085176e-20,-1.7407689258907e-15,-6.5759088512257e-13,-5.31439916245059e-12,-4.54193310220469e-12,-3.72709372014508e-08,-8.73586288138436e-06,-4.3828028185761e-05,-4.70412405093001e-06,-1.1536593791763e-08,-1.12546233366368e-06,-3.68640241038063e-05,-2.58317322893308e-05,-3.87249462562109e-07,-5.64872401572012e-08,-9.90682784293483e-06,-3.7252340732658e-05,-2.99675618917165e-06,-5.9155872451723e-09,-8.69699342588369e-07,-2.19228151925186e-05,-3.64808421920147e-05,-2.91491781703217e-05,-4.0135843774231e-06,-2.17473491247139e-07,-8.17301866093694e-06,-1.20414931625177e-05,-1.22870601460147e-06,-5.56057485491783e-06,-1.08714488125205e-06,-8.46845311646337e-08,-2.63187830896414e-09,-2.52498984846223e-09,-2.49122173312818e-07,-5.43543645722041e-07,-8.82727443238787e-07,-9.10667795860421e-07,-2.48661827461106e-08,-7.84650876148405e-08,-3.20196373390442e-08,-3.10167842409029e-10,-9.00932934326913e-14,-9.79862541112105e-19,-3.32290936682524e-25,-2.72733060262661e-33,-5.67777698665065e-37,-8.45510635640699e-37,-9.58885723633287e-38,-3.19496646633343e-36,-1.36129488434742e-30,-1.26243714128257e-26,-2.50464467405564e-24,-1.06306860017469e-23,-9.65284354476493e-25,-1.87511562251647e-27,-7.79255086413793e-32,-6.92974566410911e-38,-1.20311902156818e-38,-1.80979322329783e-37,-5.824091351499e-38,-4.00964762267759e-40,-5.90558663706978e-44,-1.8607956895011e-49,-1.25433386035309e-56,-1.8088660567056e-65,-5.58056898489573e-76,-3.6832344277317e-88,-5.2006670420738e-102,-1.57096875533609e-117,-1.01520758386612e-134,-1.40352763373101e-153,-4.15112575979665e-174,-2.6265738861124e-196,-3.55543024128322e-220,-1.02961179839604e-245,-6.37872189072421e-273,-5.05764501590427e-298,-1.98503295606509e-290,-1.66701116584963e-284,-2.99493985127837e-280,-1.15110915798593e-277,-9.46506764259022e-277,-1.66498276955109e-277,-6.26577179507323e-280,-5.04450099398206e-284,-8.68841704570414e-290,-3.20141455066297e-297,-2.52360848285583e-306,-4.25579649398541e-317,0,0,0,0,0,0,0,0,0,0,0,0,0,0,0,0,0,0,0,0,0,0,0,0,0,0,0,0,0,0,0,0,0,0,0,0,0,0,0,0,0,0,0,0,0,0,0,0,0,0,0,0,0,0,0,0,0,0,0,0,0,0
0,0,0,0,0,0,0,0,0,0,0,-0,-1.15282848388432e-295,-9.1880476390451e-268,-1.56660889002262e-241,-5.71448034947042e-217,-4.45935153015732e-194,-7.44467054037701e-173,-2.6588758874429e-153,-2.03155907983087e-135,-3.32077656949667e-119,-1.16125785369179e-104,-8.6875332696673e-92,-1.39041071479906e-80,-4.76067505790876e-71,-3.48716728495137e-63,-5.46456797160711e-57,-1.83196719100275e-52,-1.31388803968871e-49,-2.01594108328142e-48,-6.61722832835003e-49,-4.47661632446502e-49,-1.05414564630111e-38,-5.3661371997958e-30,-5.84388598053665e-23,-1.36150896039473e-17,-6.78606605007648e-14,-7.2359318759827e-12,-1.65063009451055e-11,-2.77830068848309e-12,-2.33854145246378e-08,-5.93052463738255e-06,-3.21751055682169e-05,-3.73444145288211e-06,-9.27521635635544e-09,-1.1600170080064e-09,-1.18247373650692e-08,-2.579775488264e-09,-1.20406939496927e-11,-1.20387596339908e-15,-1.30790270524366e-13,-4.10331240235973e-09,-2.75405468892668e-06,-3.95447965703019e-05,-1.21474449602993e-05,-7.98287525344625e-08,-1.12230928801783e-11,-3.57648475316398e-14,-4.03818564836867e-10,-1.14611128515739e-07,-2.80752924940098e-06,-7.77476599045694e-06,-6.29301087393208e-07,-7.34911537830582e-09,-1.61879263707254e-06,-3.58719221645336e-05,-2.98351877765399e-05,-4.98614977662605e-05,-4.41443133069236e-06,-1.53579576927477e-05,-1.62868435018786e-05,-6.57459922579428e-06,-6.29988981887033e-06,-2.54974928538387e-05,-3.25614910605269e-05,-1.00971517182322e-06,-8.00199329144381e-07,-7.45497783464294e-06,-1.25020287773596e-05,-4.64245203197255e-07,-9.50895019526017e-07,-2.22022808862908e-05,-1.12918709623843e-05,-2.44727371383017e-07,-1.85623827657556e-07,-1.40897306193335e-07,-2.31180219243129e-09,-1.09599456597443e-10,-1.32400802825217e-07,-1.07337867069777e-05,-2.14855369275379e-05,-2.89685835263864e-06,-1.46543000080457e-06,-8.73022827593039e-08,-2.84324421554921e-06,-2.87581906161296e-06,-6.227767590819e-08,-4.38767853874349e-08,-9.34706079640705e-06,-4.60799999138175e-05,-5.99288157433e-06,-2.71265650625134e-07,-1.26224108957601e-09,-1.46561046799338e-13,-1.81980259461379e-18,-2.36711853085202e-22,-4.12593120759329e-18,-1.55863677584998e-15,-1.84311725079324e-14,-2.5686782140155e-11,-1.51773690441012e-08,-3.04721440591019e-06,-1.52669521893737e-05,-1.63860503408489e-06,-4.3575101337817e-09,-9.10953445246456e-07,-2.9837887752589e-05,-2.09083068843798e-05,-3.13445116316706e-07,-7.45823783498027e-08,-1.30914997735719e-05,-4.92275674817076e-05,-3.96022416565718e-06,-7.09056690454501e-09,-1.72262304174042e-07,-4.98549398973981e-06,-3.64117391009801e-05,-5.68997215469949e-05,-1.59312946888961e-05,-5.2849752212191e-07,-2.26347488394485e-05,-3.33673583100885e-05,-5.36614943489183e-06,-2.14466535936632e-05,-2.29703809331804e-06,-6.91449473138448e-09,-5.22766446044551e-11,-1.17758252231969e-10,-8.36918200217495e-09,-1.83725189300335e-08,-3.89745890799147e-08,-4.0577587650623e-08,-8.74143811156913e-08,-1.6007265888431e-06,-6.33751219058858e-07,-5.36805278613585e-09,-9.72919757722637e-13,-3.77586432501697e-18,-3.14882278997709e-25,-5.73546666556231e-34,-2.55945805474081e-42,-3.77349738914066e-42,-3.73218970540555e-43,-2.18448566640874e-40,-9.46082512738012e-35,-8.77377647782178e-31,-1.74069597668882e-28,-7.38819064610835e-28,-6.70860265970231e-29,-1.30318134693953e-31,-5.41572306756931e-36,-4.81496160345482e-42,-4.65980057083933e-44,-7.00949755890978e-43,-2.25572477483422e-43,-1.55297383488e-45,-2.28728865726661e-49,-7.20703485640215e-55,-4.8581517595593e-62,-7.00590655642329e-71,-2.16140629622172e-81,-1.42655096713384e-93,-2.01426673869912e-107,-6.08450817137324e-123,-3.93199343952071e-140,-5.43599312664718e-159,-1.6077696338701e-179,-1.01729650691546e-201,-1.37705121647747e-225,-3.98778230273783e-251,-2.47053834363038e-278,-3.27439390840196e-307,-1.06393509427189e-305,-8.93482234877595e-300,-1.60522353206916e-295,-6.16969822479279e-293,-5.0730732725824e-292,-8.92395057961609e-293,-3.35831930906216e-295,-2.70374435053539e-299,-4.6568052083729e-305,-1.71588954297208e-312,-1.35373986960502e-321,0,0,0,0,0,0,0,0,0,0,0,0,0,0,0,0,0,0,0,0,0,0,0,0,0,0,0,0,0,0,0,0,0,0,0,0,0,0,0,0,0,0,0,0,0,0,0,0,0,0,0,0,0,0,0,0,0,0,0,0,0,0,0
0,0,0,0,0,0,0,0,0,0,0,-1.99469123195486e-319,-7.43119517347202e-290,-5.92266553293684e-262,-1.00984461999315e-235,-3.6835851460575e-211,-2.8745222755134e-188,-4.7988751632274e-167,-1.71392587343533e-147,-1.30955404378933e-129,-2.14059065684033e-113,-7.48553135019201e-99,-5.60003124535959e-86,-8.96266316923752e-75,-3.06875706207377e-65,-2.24784701794541e-57,-3.52249026662577e-51,-1.18089602556213e-46,-8.46939383915905e-44,-1.2994865981805e-42,-4.26550140829965e-43,-3.05232350072402e-45,-1.35573845419435e-36,-6.90139790243507e-28,-7.51583139724454e-21,-1.75103891935166e-15,-8.72757073869308e-12,-9.30614392354842e-10,-2.12287765294995e-09,-1.04063918762704e-10,-5.50136600107792e-09,-1.39511515994794e-06,-7.56897244269417e-06,-8.78501688369444e-07,-2.26463487487764e-09,-3.96967494846183e-08,-4.04823092823764e-07,-8.83193157316261e-08,-4.12228052252139e-10,-4.28547965368199e-14,-4.25258125071585e-14,-1.3340084012736e-09,-8.95357636060427e-07,-1.28562209450804e-05,-3.94919812144465e-06,-2.59527466153162e-08,-3.64871159297106e-12,-1.33836390667233e-15,-4.39409046570453e-11,-9.75528183302187e-08,-6.13355255700402e-06,-8.72966568491303e-06,-2.89169609712675e-07,-2.10609526379058e-09,-1.88059914287955e-06,-4.16639316245333e-05,-2.63924766271923e-05,-2.59160217848082e-05,-2.17892817656234e-06,-2.91427216905178e-06,-3.07399317270242e-06,-6.85587413596428e-07,-1.00944882565503e-06,-2.52273149282003e-05,-3.23809911346124e-05,-9.2416044123418e-07,-3.93370828570197e-08,-1.03601538423221e-06,-2.33120267445092e-06,-3.64770873562513e-07,-1.92431600696036e-07,-4.41984761025143e-06,-2.2131961025316e-06,-2.68063019113305e-08,-4.72133035827935e-09,-3.58128967385675e-09,-5.62201226447522e-10,-5.86025815586022e-09,-5.25624625221107e-07,-2.59102457586285e-05,-5.60744124102081e-05,-1.62543626068063e-05,-9.94793627967778e-06,-1.75078729234124e-07,-2.02283282848689e-07,-2.04563438361789e-07,-4.43122457476574e-09,-4.07940940121228e-08,-9.37677190925686e-06,-4.61521751576157e-05,-4.90660696876456e-06,-2.17446004583638e-08,-5.27222477892326e-11,-5.44361161745525e-15,-1.64765241024995e-20,-2.21385879982856e-25,-3.74014290840338e-21,-2.65019411258208e-18,-2.42961656693166e-13,-1.02065477111375e-09,-9.34320289265737e-08,-5.81676323335283e-07,-2.04107080410067e-06,-2.18299186874783e-07,-6.85417465041591e-10,-2.81988351799065e-07,-9.23640808437632e-06,-6.4722324053432e-06,-9.71143215952419e-08,-3.77248325636195e-08,-6.61628099606742e-06,-2.4879214221424e-05,-2.01168799480072e-06,-1.38792085530572e-08,-5.9797298054067e-08,-1.83969547041318e-06,-2.07175062903589e-05,-6.90374398217069e-05,-2.70641577098222e-05,-7.03197755284865e-07,-2.39892151649152e-05,-3.53745241516223e-05,-1.09681754581605e-05,-4.8819377269728e-05,-5.17418252877079e-06,-1.17458650356859e-08,-7.03483928232125e-11,-3.52440294388401e-09,-3.9335390341044e-09,-3.27185791695271e-10,-6.59255901985676e-10,-1.47470205521711e-09,-6.80476025551439e-07,-1.25927694828208e-05,-4.98561166269573e-06,-4.22274111115515e-08,-7.65154791198306e-12,-2.96608158076513e-17,-2.45978043029836e-24,-4.36406819474666e-33,-1.65650169761705e-43,-6.44123466484881e-48,-5.60483006537086e-49,-5.80120020309895e-45,-2.51463826657699e-39,-2.33202429779853e-35,-4.62667965496907e-33,-1.9637427676719e-32,-1.78311180439208e-33,-3.46378845321948e-36,-1.4394711120855e-40,-1.2797751968311e-46,-6.90254783962778e-50,-1.0382800805142e-48,-3.34128670585772e-49,-2.30033862593488e-51,-3.38804062811507e-55,-1.06754024351748e-60,-7.19612519681065e-68,-1.03774816416505e-76,-3.20157769427073e-87,-2.11307506788506e-99,-2.98362759107501e-113,-9.01266257812284e-129,-5.82425549143353e-146,-8.05205128295664e-165,-2.38150476674457e-185,-1.50686791775016e-207,-2.03975368548206e-231,-5.90689260615656e-257,-3.65947876974023e-284,-4.85018380872216e-313,-2.1788294981599e-321,-1.83148361217682e-315,-3.29042982400999e-311,-1.2646811262373e-308,-1.03989203135933e-307,-1.82925508806269e-308,-6.88397210252735e-311,-5.54220696988398e-315,-9.54534827765288e-321,0,0,0,0,0,0,0,0,0,0,0,0,0,0,0,0,0,0,0,0,0,0,0,0,0,0,0,0,0,0,0,0,0,0,0,0,0,0,0,0,0,0,0,0,0,0,0,0,0,0,0,0,0,0,0,0,0,0,0,0,0,0,0,0,0
0,0,0,0,0,0,0,0,0,0,0,-4.91748006425999e-314,-1.83198679659326e-284,-1.46009421145509e-256,-2.4895349499669e-230,-9.08101482221224e-206,-7.08646016195792e-183,-1.18305006560948e-161,-4.22528206725405e-142,-3.22839820734614e-124,-5.27712397359993e-108,-1.84538210596224e-93,-1.38055629848524e-80,-2.2095342949641e-69,-7.56530045091733e-60,-5.54153936413712e-52,-8.68387319798039e-46,-2.91122205308567e-41,-2.08793031622671e-38,-3.2035792825296e-37,-1.05155928197819e-37,-7.38435390560926e-40,-6.66838878683972e-35,-3.39454886502588e-26,-3.69676655366565e-19,-8.61272927663641e-14,-4.29277745985123e-10,-4.57735679414698e-08,-1.04416721381598e-07,-5.09576874885422e-09,-5.00256227945813e-10,-1.25515310316647e-07,-6.80963085559682e-07,-7.90368299990038e-08,-1.28659791883883e-09,-5.19753194070676e-07,-5.30040136907217e-06,-1.15637702657084e-06,-5.40229891912156e-09,-1.25956605847841e-12,-7.46625835203325e-15,-1.65864043646894e-10,-1.11324364793536e-07,-1.59847928105713e-06,-4.91023881825717e-07,-3.22693839075268e-09,-4.74054449832529e-13,-8.89869249612632e-16,-1.08475115154104e-10,-3.22418956289139e-07,-2.05271071710813e-05,-2.79698028759603e-05,-8.16101618212464e-07,-1.32608247364494e-09,-8.49927117103801e-07,-1.91164587052806e-05,-1.0657338849355e-05,-5.24724577105886e-06,-4.35201302085398e-07,-2.12170100827409e-07,-2.43714472062938e-07,-5.82394187114585e-08,-1.83404516113616e-07,-9.58984606034403e-06,-1.26612891647597e-05,-1.15188818485664e-06,-4.12681246687759e-08,-3.51889661746779e-07,-6.84142717449819e-06,-3.26198486517053e-06,-4.80603481857844e-08,-3.36593152562971e-07,-1.68204756990609e-07,-1.82839124966471e-09,-4.6261936846429e-11,-8.73049637082464e-11,-2.25132254418907e-08,-2.40006550728035e-07,-2.25883112991057e-06,-3.95252935917123e-05,-7.96316637541785e-05,-4.01544369021753e-05,-2.58373899778012e-05,-4.43687656583508e-07,-5.66423945385953e-09,-5.56499109096947e-09,-1.21891521906861e-10,-1.56485422591423e-08,-3.5998927185589e-06,-1.7717021343253e-05,-1.8661381652364e-06,-4.3730465275527e-09,-1.03040854532668e-12,-8.58434204826079e-17,-1.94412345839867e-22,-9.26212397917697e-29,-3.44420553427193e-24,-1.97110905445273e-17,-3.87004522761047e-12,-1.62559082126858e-08,-1.46086808265492e-06,-2.82891446108885e-06,-2.19117424588545e-07,-1.12234003401717e-08,-4.73438385086102e-11,-3.33838148609257e-08,-1.09347420619723e-06,-7.66514798525472e-07,-1.9374304045747e-08,-1.2081632583207e-08,-1.27888176903102e-06,-4.81561358342354e-06,-7.12832737144869e-07,-3.29537461486106e-07,-4.12513383500509e-07,-9.9475309542526e-06,-1.49881136642239e-05,-7.00238438267517e-05,-2.20592536134261e-05,-1.04916053738832e-06,-9.95778521704006e-06,-1.43551318236605e-05,-9.07156714371656e-06,-4.27036788870573e-05,-4.52564516553339e-06,-1.02619771949884e-08,-2.80607124623826e-09,-1.42443193830606e-07,-1.54718467933543e-07,-3.59634908112259e-09,-6.11496408110445e-12,-2.3711473003583e-09,-2.04728361813085e-06,-3.78875370558134e-05,-1.5000079713454e-05,-1.27048507739643e-07,-2.30210102534895e-11,-8.92396784506457e-17,-7.40065951618919e-24,-1.31299073272762e-32,-4.98346842809791e-43,-4.60987230484055e-54,-3.27372710221988e-55,-5.89676876745622e-50,-2.55618173521281e-44,-2.37055086425217e-40,-4.70311542853941e-38,-1.99618508240596e-37,-1.81256997748707e-38,-3.52101250365082e-41,-1.4632521162158e-45,-1.30091697775808e-51,-3.91260657670923e-56,-5.88182173051751e-55,-1.89282767947065e-55,-1.30313409372853e-57,-1.91931361915894e-61,-6.0475795696798e-67,-4.07658071771582e-74,-5.87880844229222e-83,-1.81368299435886e-93,-1.19704991800919e-105,-1.69021499403758e-119,-5.10564303377254e-135,-3.29942114430547e-152,-4.56145996635873e-171,-1.34911443947116e-191,-8.53635606613351e-214,-1.15551360151593e-237,-3.34623479182227e-263,-2.07308241332789e-290,-2.74759786965234e-319,0,0,-0,-0,-9.88131291682493e-324,-0,-0,0,0,0,0,0,0,0,0,0,0,0,0,0,0,0,0,0,0,0,0,0,0,0,0,0,0,0,0,0,0,0,0,0,0,0,0,0,0,0,0,0,0,0,0,0,0,0,0,0,0,0,0,0,0,0,0,0,0,0,0,0,0,0,0,0,0,0
0,0,0,0,0,0,0,0,0,0,0,-4.63634757632706e-309,-1.72725203474668e-279,-1.37662056426796e-251,-2.34720813266744e-225,-8.56185282470317e-201,-6.68132693786549e-178,-1.1154150438371e-156,-3.98372251460237e-137,-3.04383054669411e-119,-4.97543057513323e-103,-1.73988153371822e-88,-1.30162983711191e-75,-2.08321512683175e-64,-7.13279190746134e-55,-5.2247293267252e-47,-8.18741580375242e-41,-2.74478736644948e-36,-1.96856325264904e-33,-3.02043052084828e-32,-9.91441593810116e-33,-6.96216366661411e-35,-1.25440920535168e-33,-6.38552727368404e-25,-6.95403265405925e-18,-1.6201510097875e-12,-8.07519609894739e-09,-8.61052316391809e-07,-1.96420339704201e-06,-9.58650187136602e-08,-1.17326375647291e-10,-4.31872465046293e-09,-2.34305353669342e-08,-2.71973809368716e-09,-5.46656577467093e-09,-2.60261849273024e-06,-2.65412927752974e-05,-5.79057724269547e-06,-2.78553535994235e-08,-1.19879276428506e-10,-3.54455830181266e-13,-7.88709180223215e-12,-5.29363035323498e-09,-7.60099490869515e-08,-2.33522322563667e-08,-1.84704437387497e-10,-6.38480168266811e-12,-3.54095196972163e-14,-1.42286325675066e-10,-4.23414744992625e-07,-2.69556472772484e-05,-3.67124872027434e-05,-1.06969666629019e-06,-8.72605524558978e-10,-2.79495056556556e-07,-9.18017973827259e-06,-7.39204105226385e-06,-1.770586896695e-06,-2.9203628916417e-07,-1.53958558082946e-08,-5.44248252947906e-07,-7.43704351817572e-07,-4.55329041605427e-08,-1.42694361182176e-06,-5.33110462114517e-06,-8.14450606621502e-06,-3.97040151001401e-07,-1.23351580045523e-06,-2.77938715739096e-05,-1.34125083049705e-05,-1.38906653095329e-07,-9.87043641638207e-09,-4.90043198486986e-09,-5.24655637075325e-11,-3.17270948935826e-12,-1.24855617094164e-09,-3.89323952820203e-07,-4.23011684328899e-06,-6.74926990825924e-06,-5.72018042658426e-05,-6.83506173804315e-05,-4.00413334252827e-05,-2.56668283352033e-05,-4.4059830658228e-07,-2.19200772109394e-10,-5.79001932351706e-11,-1.46668967322585e-12,-2.2976197555344e-09,-5.28565288391273e-07,-2.60134614360549e-06,-2.73894690863587e-07,-6.17966148590668e-10,-3.4751895160636e-14,-5.49942664376075e-19,-1.15120133115144e-24,-9.90010638280021e-32,-1.30838982730071e-23,-1.20079486350748e-16,-2.35768075372185e-11,-9.90330112074461e-08,-8.89925930890673e-06,-1.71086836594379e-05,-7.05638450752311e-07,-8.35791747877533e-10,-1.50038137503749e-12,-1.5124570432572e-09,-4.97434318916608e-08,-4.58329676620907e-08,-2.81231737421802e-07,-1.71392635210959e-07,-9.67945524521534e-08,-4.39207793408456e-07,-3.97343972442794e-06,-3.97652667486583e-06,-1.42932128067593e-06,-3.26895027922144e-05,-2.43802974341742e-05,-5.6849591026349e-05,-1.19838981696211e-05,-7.45073321187966e-06,-4.09917733976646e-06,-2.25048042061097e-06,-2.95484409391907e-06,-1.42965629565086e-05,-1.51627835928399e-06,-3.46150978649675e-09,-4.33792546669608e-08,-2.2024223484829e-06,-2.39221170526198e-06,-5.55875384430242e-08,-2.77113144221512e-11,-2.72323461132603e-09,-2.35571535813767e-06,-4.35954532862248e-05,-1.72599045821917e-05,-1.4618889784409e-07,-2.64892219200091e-11,-1.02684009963247e-16,-8.51559987889792e-24,-1.51079828300485e-32,-5.73424872356327e-43,-4.65614352048828e-55,-8.38566375766521e-62,-2.29244514816895e-55,-9.93751132636548e-50,-9.21584554756737e-46,-1.82840140810364e-43,-7.76044660388021e-43,-7.04661739538243e-44,-1.36884248695233e-46,-5.68859571990234e-51,-5.05749513081201e-57,-8.56765752919784e-63,-1.27432116143642e-61,-4.10088995792996e-62,-2.82329425798651e-64,-4.15827284876153e-68,-1.31023328726983e-73,-8.83208181562885e-81,-1.27366831999901e-89,-3.92941970317912e-100,-2.59345847545812e-112,-3.66192114103581e-126,-1.10615881588489e-141,-7.14833324999177e-159,-9.88259289127227e-178,-2.92291259100396e-198,-1.84943707494342e-220,-2.50346831679541e-244,-7.24975696598933e-270,-4.49141934206872e-297,-0,0,0,0,0,0,0,0,0,0,0,0,0,0,0,0,0,0,0,0,0,0,0,0,0,0,0,0,0,0,0,0,0,0,0,0,0,0,0,0,0,0,0,0,0,0,0,0,0,0,0,0,0,0,0,0,0,0,0,0,0,0,0,0,0,0,0,0,0,0,0,0,0,0,0
0,0,0,0,0,0,0,0,0,0,-0,-1.98960341276716e-304,-6.22814605946363e-275,-4.96383490516436e-247,-8.4635911746793e-221,-3.08724313781712e-196,-2.4091608630465e-173,-4.02197691365179e-152,-1.43645543178326e-132,-1.09754806119145e-114,-1.79404671106311e-98,-6.27368565608657e-84,-4.69343244374334e-71,-7.51168203493521e-60,-2.57195064206801e-50,-1.88393915325722e-42,-2.95222818870007e-36,-9.89718713382817e-32,-7.09826893492571e-29,-1.08911045186829e-27,-3.57495196390839e-28,-2.51042530488573e-30,-9.40157535307966e-33,-4.59389607004408e-24,-5.00289199611804e-17,-1.1655741308308e-11,-5.80948373276388e-08,-6.19462959558234e-06,-1.41319848929097e-05,-6.90857071394646e-07,-7.50238803138335e-10,-6.34750389335353e-11,-3.45273495371781e-10,-4.06718647866625e-11,-1.04564225556252e-08,-4.98433280619941e-06,-5.08294403360107e-05,-1.10970776839591e-05,-1.03332488274167e-07,-7.29225896592315e-09,-2.20264863790411e-11,-1.44857229834693e-13,-9.62691147840197e-11,-1.38321518349592e-09,-8.19386970353598e-10,-3.69062252225886e-09,-7.74087671640137e-10,-5.35094417898292e-12,-7.14780132781637e-11,-2.1269642754076e-07,-1.35407735371953e-05,-1.84418969169818e-05,-5.37336890095483e-07,-7.59751897731739e-10,-5.35735286611816e-07,-2.31558473757595e-05,-2.28404641340209e-05,-1.17088211502642e-05,-2.33386763319672e-06,-9.08847046475189e-08,-5.19490173115831e-06,-7.17509606717362e-06,-2.13332145264655e-07,-2.03750211462211e-07,-1.35728160350742e-05,-3.07966562288009e-05,-1.50759190887914e-06,-1.94578164493182e-06,-4.37546959066387e-05,-2.11125415152712e-05,-2.1920210054151e-07,-4.30325530228836e-09,-3.5478239689002e-10,-1.07408829707219e-12,-1.66560203714333e-10,-2.84494009009417e-08,-2.65729489615383e-06,-2.95530920678662e-05,-1.45211118224175e-05,-5.15822668365264e-05,-3.1676077333015e-05,-1.55863151958473e-05,-9.75178448479436e-06,-1.67374622524789e-07,-6.17554914006325e-11,-2.30864678215654e-13,-1.69839642497204e-14,-1.29019943793253e-10,-2.96809273310077e-08,-1.46075338868387e-07,-1.53799684128549e-08,-3.46451494721705e-11,-1.6810103014762e-15,-2.92594608423467e-21,-2.70301544723921e-27,-7.43796066655427e-32,-3.04838797178645e-23,-2.79774084579645e-16,-5.49317785239095e-11,-2.30737746029189e-07,-2.07344461990074e-05,-3.98607141344816e-05,-1.63938304624169e-06,-1.44401918604412e-09,-1.21681782081376e-12,-1.02249404556069e-10,-1.38437169875382e-08,-2.07497312945015e-07,-3.82615310716366e-06,-2.32473935709659e-06,-3.31627717508669e-08,-3.97634446552321e-07,-1.82571547259564e-05,-1.8398782721092e-05,-2.10124856813061e-06,-4.1449331398952e-05,-2.47862049186699e-05,-2.40871906552679e-05,-5.79069593335527e-06,-3.0274955517788e-05,-1.07593159246806e-05,-2.13650219095813e-07,-4.07789900618848e-07,-2.18587929063219e-06,-2.72856941046867e-07,-9.21584288157983e-10,-2.56512851883489e-07,-1.30235453319001e-05,-1.41458233911748e-05,-3.28704799833633e-07,-1.63433641572112e-10,-1.19839060796053e-09,-1.03666238104621e-06,-1.91847314044954e-05,-7.59543962767319e-06,-6.43322761445924e-08,-1.1656917621958e-11,-4.51873991938459e-17,-3.74739758644483e-24,-6.64845920410266e-33,-2.52342878155588e-43,-2.04899031071188e-55,-2.6642785999214e-68,-3.40843101709644e-61,-1.47751959111278e-55,-1.37022156735296e-51,-2.71848636159428e-49,-1.15383132823168e-48,-1.047698453951e-49,-2.03520934487258e-52,-8.45786369045585e-57,-7.51953670844866e-63,-8.44953451893088e-70,-1.05588260390519e-68,-3.39793334531488e-69,-2.33933750997086e-71,-3.44547991208636e-75,-1.08563883026088e-80,-7.31812499670742e-88,-1.05534166968489e-96,-3.25585577134311e-107,-2.14889917160731e-119,-3.03421064224802e-133,-9.16545911806515e-149,-5.92299724273256e-166,-8.1885620604115e-185,-2.42187970423534e-205,-1.53241466400714e-227,-2.07433473217894e-251,-6.00703534912637e-277,-3.72151989123609e-304,0,0,0,0,0,0,0,0,0,0,0,0,0,0,0,0,0,0,0,0,0,0,0,0,0,0,0,0,0,0,0,0,0,0,0,0,0,0,0,0,0,0,0,0,0,0,0,0,0,0,0,0,0,0,0,0,0,0,0,0,0,0,0,0,0,0,0,0,0,0,0,0,0,0,0
0,0,0,0,0,0,0,0,0,0,-2.59658576627624e-316,-7.29406061784407e-294,-8.63261609595112e-271,-6.84526249321864e-243,-1.16715209777046e-216,-4.2573917268248e-192,-3.32229794319876e-169,-5.54641486700936e-148,-1.98091086390775e-128,-1.51354844011836e-110,-2.47403890275324e-94,-8.65158208038225e-80,-6.4723701906203e-67,-1.03588125464856e-55,-3.5467894482339e-46,-2.59800301008681e-38,-4.07120246290596e-32,-1.36484885515658e-27,-9.78870470814224e-25,-1.50191274881607e-23,-4.92995537944617e-24,-3.46194434539664e-26,-5.22569967489633e-30,-1.26396564390698e-23,-1.37649688566849e-16,-3.20696377039461e-11,-1.59842696043173e-07,-1.7044960538177e-05,-3.89375492966827e-05,-1.9624131888485e-06,-3.54789964233211e-09,-7.56111946920126e-10,-4.2198163778741e-09,-5.04736966450206e-10,-7.68490298914417e-09,-3.6595580555841e-06,-3.72968006153103e-05,-8.31870296262463e-06,-1.2645657586536e-06,-1.73313095472419e-07,-5.23856836531178e-10,-3.48843282672483e-14,-6.7847451459202e-13,-5.19147880836165e-11,-1.77762191947204e-08,-1.67044612038167e-07,-3.75841020171203e-08,-3.81255965978848e-10,-1.40200113870704e-11,-4.0865407378612e-08,-2.60141846077204e-06,-3.54299159526843e-06,-1.0323630988509e-07,-7.03187417754431e-09,-9.41101460945793e-07,-3.35024047503875e-05,-3.54142074111514e-05,-3.93097660868687e-05,-8.00499706195093e-06,-3.35202793485227e-07,-1.91817574935555e-05,-2.64920453799363e-05,-7.82904640943056e-07,-1.85672577553207e-07,-1.96029368669519e-05,-4.47988711103516e-05,-2.19398140946359e-06,-1.34498043410932e-06,-2.66130372170114e-05,-1.27193234064631e-05,-1.84200104100295e-07,-1.79342988601166e-07,-1.29852928046691e-08,-2.06740164330286e-11,-3.58636779418751e-09,-5.09305426508208e-07,-8.16707011028641e-06,-8.10353022990538e-05,-2.78047748650329e-05,-2.02143937945468e-05,-7.17069579850955e-06,-2.34560924364399e-06,-1.41703137080344e-06,-2.43168499915877e-08,-8.9393364387701e-12,-4.20883482188503e-16,-2.65256999581589e-16,-2.77080122208925e-12,-6.37420453994798e-10,-3.13707881054077e-09,-3.30296281219387e-10,-7.43981219146317e-13,-3.58609589331936e-17,-3.80276847838262e-23,-4.59919416604209e-29,-1.06899237458632e-28,-2.72668896427253e-23,-2.49296325715077e-16,-4.89476701388921e-11,-2.05601846228988e-07,-1.84756958487099e-05,-3.55184010613923e-05,-1.46078005571733e-06,-1.28541203464742e-09,-1.35735209272234e-10,-4.24311652367416e-09,-2.81040949547255e-07,-2.27516402451031e-06,-2.00550275476375e-05,-1.20979345316366e-05,-1.61278080558403e-07,-6.86639185735309e-07,-3.23125524713033e-05,-3.25645944855921e-05,-1.52944415312623e-06,-2.01086689544335e-05,-1.10247972429458e-05,-4.25506175363396e-06,-3.53907571966236e-06,-4.76112964247898e-05,-1.67922212058152e-05,-1.32121436384335e-07,-4.8932884338206e-07,-4.95802944136027e-06,-1.08582945083469e-06,-5.35669644614967e-09,-5.80106508765051e-07,-2.9452865147405e-05,-3.19909070933806e-05,-7.43368867388294e-07,-3.69544593882776e-10,-2.01692827016717e-10,-1.744703236335e-07,-3.22879112637118e-06,-1.27831281833702e-06,-1.08271248617141e-08,-1.96185974069976e-12,-7.60504124163523e-18,-6.30687176118745e-25,-1.11893597203124e-33,-4.24693173239221e-44,-3.44845158045506e-56,-5.99044215978165e-70,-1.93811623454483e-67,-8.40153346632962e-62,-7.79141097258306e-58,-1.54579704269733e-55,-6.56096377804179e-55,-5.95746660581464e-56,-1.1572692182752e-58,-4.80934569507141e-63,-4.27579029607497e-69,-1.03568712854767e-76,-3.34597026081334e-76,-1.07676590925339e-76,-7.41309091435649e-79,-1.09183286819538e-82,-3.44026431183076e-88,-2.31902945564679e-95,-3.34425610231006e-104,-1.03174316378566e-114,-6.80961377185298e-127,-9.61506377272259e-141,-2.90442834453942e-156,-1.8769295520084e-173,-2.59486092763225e-192,-7.67465761336614e-213,-4.8560454292548e-235,-6.5733276583257e-259,-1.90356025921984e-284,-1.17930675568313e-311,0,0,0,0,0,0,0,0,0,0,0,0,0,0,0,0,0,0,0,0,0,0,0,0,0,0,0,0,0,0,0,0,0,0,0,0,0,0,0,0,0,0,0,0,0,0,0,0,0,0,0,0,0,0,0,0,0,0,0,0,0,0,0,0,0,0,0,0,0,0,0,0,0,0,0
0,0,0,0,0,0,0,0,0,0,-2.27905791265274e-305,-6.40209213428016e-283,-3.84744482431861e-262,-3.6107056546071e-239,-6.15559353690053e-213,-2.24536057020777e-188,-1.75218943493941e-165,-2.92519506014192e-144,-1.04473805379231e-124,-7.98249775121292e-107,-1.30481519151753e-90,-4.56286912731307e-76,-3.41354654546793e-63,-5.46326735674826e-52,-1.87058689660036e-42,-1.37019421618517e-34,-2.14716382003201e-28,-7.19825188824558e-24,-5.16259085265374e-21,-7.92113078257674e-20,-2.60007256371208e-20,-1.82583934676014e-22,-2.74295622915043e-26,-1.33002278151182e-23,-1.44843523169149e-16,-3.37457283950384e-11,-1.68204816487893e-07,-1.79565281249179e-05,-4.2064001581171e-05,-3.29227751837716e-06,-3.33793068896156e-08,-3.29783867776159e-08,-1.84169419775568e-07,-2.20140065592679e-08,-2.76523639343306e-09,-1.22282234023089e-06,-1.19551963897952e-05,-4.21174916598101e-06,-1.11684769835886e-05,-1.57637518997667e-06,-4.76485857143153e-09,-3.18962296188423e-13,-1.12212431358155e-12,-9.29131737227415e-10,-3.07093987340203e-07,-2.92158839957029e-06,-7.60379395053323e-07,-1.23461318160039e-08,-1.38079988212079e-11,-3.40103667485004e-09,-1.93062103711185e-07,-2.60517009156722e-07,-7.66531079816715e-09,-1.03108715101174e-07,-3.25221718021306e-06,-2.0260739877214e-05,-2.34186116573796e-05,-5.20927372177258e-05,-1.05901411196833e-05,-5.90689780774407e-07,-2.71451377477599e-05,-3.7409420806799e-05,-1.10942610475836e-06,-1.08927974213211e-07,-1.0911413649737e-05,-2.49525662217191e-05,-1.25584146054407e-06,-2.65272385048095e-06,-9.83476904928513e-06,-3.05941204093745e-06,-9.06544432978899e-07,-2.96603716184763e-06,-2.14786260045202e-07,-3.37325055660485e-10,-2.95695866485215e-08,-4.10034250185952e-06,-1.88349387465175e-05,-8.76949780645048e-05,-2.96560540679256e-05,-3.31231185857386e-06,-7.68630573783819e-07,-1.36524366801329e-07,-7.87513996181135e-08,-1.35112269164914e-09,-4.96678908008647e-13,-4.1100907113669e-18,-2.12073849668684e-18,-2.27574502421549e-14,-5.23533199228948e-12,-2.57658017588968e-11,-2.7128257801945e-12,-6.11053176358925e-15,-2.94455718680892e-19,-3.1116057258662e-25,-7.39434048022864e-25,-1.67481455498582e-24,-4.82085470001417e-22,-8.50343503403465e-17,-1.66805397040944e-11,-7.0065637289283e-08,-6.29620515449141e-06,-1.2104071295897e-05,-4.97809419099054e-07,-4.48500935638796e-10,-6.04122967128365e-09,-1.50681510339968e-07,-2.38368092458983e-06,-1.44605179539415e-05,-4.11136834948131e-05,-2.40999980162004e-05,-4.67856116513979e-07,-4.88153399895317e-07,-2.18861860383062e-05,-2.21518086419709e-05,-6.47419040949204e-07,-3.73148670676602e-06,-1.97878177042412e-06,-3.02306515725609e-07,-1.78139117774259e-06,-2.86506808340075e-05,-1.01596310115357e-05,-1.54544853674631e-07,-2.45299116017556e-06,-2.53264761074284e-05,-5.59900361626611e-06,-2.66923505389312e-08,-5.01738810776533e-07,-2.54739078802687e-05,-2.76690711149594e-05,-6.42942883625495e-07,-3.19616692249966e-10,-1.29852291962812e-11,-1.1229889852644e-08,-2.07823129751899e-07,-8.22793919801641e-08,-6.9689456112478e-10,-1.26276310696105e-13,-4.89503164147141e-19,-4.05945685878708e-26,-7.20210030931502e-35,-2.73356377022865e-45,-2.21961710187648e-57,-3.85572208828751e-71,-4.21477926632791e-74,-1.82706322978672e-68,-1.6943812166212e-64,-3.36161124483289e-62,-1.42679853848867e-61,-1.29555731959979e-62,-2.51668822620105e-65,-1.04587795954312e-69,-9.29846826117037e-76,-1.79552074912807e-83,-4.05506874623096e-84,-1.30496072527614e-84,-8.98411847273704e-87,-1.32322076629314e-90,-4.1693461623624e-96,-2.81049235898999e-103,-4.05299130598004e-112,-1.25039648427022e-122,-8.25274876387013e-135,-1.16527468845383e-148,-3.51995256019079e-164,-2.27469994028631e-181,-3.14477972325639e-200,-9.30111798610796e-221,-5.88516827183726e-243,-7.96638745225035e-267,-2.3069743898195e-292,-1.42923310028956e-319,0,0,0,0,0,0,0,0,0,0,0,0,0,0,0,0,0,0,0,0,0,0,0,0,0,0,0,0,0,0,0,0,0,0,0,0,0,0,0,0,0,0,0,0,0,0,0,0,0,0,0,0,0,0,0,0,0,0,0,0,0,0,0,0,0,0,0,0,0,0,0,0,0,0,0
0,0,0,0,0,0,0,0,0,-5.8262691285829e-319,-7.65028742577196e-295,-2.14903906923989e-272,-1.29148592752746e-251,-1.66113250831571e-232,-1.24160574827636e-209,-4.5289578007133e-185,-3.53421722773101e-162,-5.9002038078065e-141,-2.10726714506588e-121,-1.61009309325267e-103,-2.63185032218057e-87,-9.2034401966303e-73,-6.88522300619404e-60,-1.10195697034258e-48,-3.77302836331836e-39,-2.76372172301489e-31,-4.33089208974744e-25,-1.45190841387911e-20,-1.04130964194561e-17,-1.5977151965799e-16,-5.24442224384271e-17,-3.68277124934797e-19,-5.53261750707356e-23,-5.35262781062551e-24,-5.82899075595247e-17,-1.35809532505529e-11,-6.77555795269024e-08,-7.38457181049294e-06,-2.52466543957971e-05,-1.06786061943904e-05,-2.40492587282054e-07,-5.50519875297837e-07,-3.0751891236325e-06,-3.67578731263318e-07,-5.91012491581596e-09,-1.79342276883107e-06,-1.39325552298067e-05,-8.20063979691847e-06,-3.88193402254495e-05,-5.48360835281892e-06,-1.65751860570888e-08,-5.15058795818342e-12,-7.12569950714838e-11,-1.80222776243144e-08,-2.08139212378807e-06,-1.99806965502237e-05,-6.79477918854503e-06,-1.72343230186037e-07,-2.63750527550014e-10,-2.0742189546092e-08,-1.05178558740754e-07,-1.76312823644981e-08,-7.13443485842272e-10,-6.13820706132399e-07,-1.69773789748349e-05,-1.40674576413418e-05,-1.26100473583494e-05,-3.55605114450987e-05,-7.02062238500739e-06,-2.50427832081602e-06,-1.57109379324011e-05,-2.02161386453393e-05,-7.49752163318406e-07,-2.59238110249397e-07,-2.54230000334419e-06,-6.08762400181974e-06,-5.57473480005376e-07,-1.24134217702338e-05,-2.01442124305007e-05,-9.56752765498714e-07,-5.54628011456305e-06,-1.87632407981515e-05,-1.35874738969769e-06,-2.11941530677013e-09,-9.32538335929161e-08,-1.28947899751138e-05,-4.07689546787599e-05,-3.90323783191685e-05,-1.32043090167672e-05,-2.98666046973471e-07,-3.73567064288455e-08,-3.0993653236526e-09,-1.67387320104335e-09,-2.8711244837344e-11,-1.05543706407171e-14,-8.30485907538884e-20,-6.64867087965029e-21,-7.14844427102745e-17,-1.64449349958404e-14,-8.09341099399508e-14,-8.52137813351173e-15,-1.91940619336039e-17,-9.2492782417017e-22,-4.78782263151388e-23,-4.88431902677611e-21,-1.0766222839887e-20,-8.2365089546908e-19,-1.47543406084113e-16,-2.17447562734211e-12,-9.13172547243695e-09,-8.20590791466352e-07,-1.57753591036477e-06,-6.49210977185374e-08,-9.47654475724616e-10,-1.03156454502498e-07,-2.44466744208662e-06,-8.54119428454199e-06,-4.24954945078066e-05,-3.51015937683062e-05,-1.87176866316706e-05,-2.97416150212465e-06,-5.42399663813765e-07,-5.93603057801944e-06,-7.87073503939828e-06,-5.03963399102134e-07,-2.66215089338471e-07,-1.38714448987117e-07,-9.25071852913561e-09,-4.01122780162779e-07,-6.61181400048189e-06,-3.43333515329517e-06,-1.46496488317787e-06,-4.91502789177795e-06,-5.03801515666561e-05,-1.11380755186962e-05,-5.27492181855511e-08,-1.6596902857241e-07,-8.42622984061067e-06,-9.1523434011933e-06,-2.12671904808273e-07,-1.05722342190921e-10,-3.2068960563223e-13,-2.76438882426621e-10,-5.11584659198078e-09,-2.02541818879584e-09,-1.71549993966327e-11,-3.10846167360576e-15,-1.20497804890896e-20,-9.99290048278628e-28,-1.77289411272454e-36,-6.72903584628959e-47,-5.46388681553053e-59,-9.49137987069732e-73,-3.50541625739792e-81,-1.51956154758281e-75,-1.40921042126421e-71,-2.79583930226991e-69,-1.18666292435197e-68,-1.07751010116005e-69,-2.09312003735959e-72,-8.69852725880497e-77,-7.73350072987764e-83,-1.47215689283841e-90,-1.87950757502652e-92,-6.04843875161765e-93,-4.16410159073009e-95,-6.1330732831818e-99,-1.93247462616206e-104,-1.30265153318259e-111,-1.87854463358441e-120,-5.79553576123611e-131,-3.82511476889016e-143,-5.40099977371463e-157,-1.63148338923455e-172,-1.05431397287604e-189,-1.45759233783992e-208,-4.31102954831346e-229,-2.7277510461197e-251,-3.6923874905427e-275,-1.0692730461618e-300,-0,0,0,0,0,0,0,0,0,0,0,0,0,0,0,0,0,0,0,0,0,0,0,0,0,0,0,0,0,0,0,0,0,0,0,0,0,0,0,0,0,0,0,0,0,0,0,0,0,0,0,0,0,0,0,0,0,0,0,0,0,0,0,0,0,0,0,0,0,0,0,0,0,0,0,0
0,0,0,0,0,0,0,0,0,-7.47966410441793e-309,-9.82131963432246e-285,-2.75890282691203e-262,-1.65798948347177e-241,-2.13160115748366e-222,-5.95862961988055e-205,-3.49365649056647e-182,-2.72630929251855e-159,-4.55144079508165e-138,-1.62555429653094e-118,-1.24203224621046e-100,-2.03021985563829e-84,-7.09957054544722e-70,-5.31128854094229e-57,-8.50054010440437e-46,-2.91052915682108e-36,-2.13194598121177e-28,-3.34086746466162e-22,-1.12000795242165e-17,-8.03270418962892e-15,-1.23248388725393e-13,-4.04556827607914e-14,-2.84090445868594e-16,-4.26788349048245e-20,-9.60960987549264e-25,-8.9716293308772e-18,-2.09186217243209e-12,-1.06159499199868e-08,-1.59787653948371e-06,-2.81325773759533e-05,-2.8907098190956e-05,-7.05995962767107e-07,-3.51615880497142e-06,-1.96388594525197e-05,-2.34734487737644e-06,-2.1252115959792e-08,-5.4181392685779e-06,-4.12114473732283e-05,-1.45164687533997e-05,-5.16567733698201e-05,-7.29530214811958e-06,-2.20603987675963e-08,-5.93585142246299e-10,-2.59504073506564e-09,-3.14752779393014e-07,-6.5042495876809e-06,-5.49341797246944e-05,-2.78877751398926e-05,-9.82271395977033e-07,-2.97000709022662e-09,-4.09392127365578e-07,-1.97776372397486e-06,-2.04499478817048e-07,-1.54359599959649e-09,-1.40060524380907e-06,-3.87222800659363e-05,-2.51227190680574e-05,-2.21653508428491e-05,-4.64705522637491e-05,-1.71116519320727e-05,-1.59104330481103e-05,-1.0402570249365e-05,-4.28503718046789e-06,-2.34111005383852e-06,-3.52729377188531e-06,-3.56318282166479e-06,-8.93028362747106e-06,-1.75074545486199e-06,-2.46426013663499e-05,-3.90149652156629e-05,-1.41399449032247e-06,-1.34119390923142e-05,-4.53951827168026e-05,-3.28730993715689e-06,-5.11013487197145e-09,-1.1247733442742e-07,-1.55477242069619e-05,-4.63815768223124e-05,-8.95677848713842e-06,-2.31443111756352e-06,-2.54829742638011e-08,-7.75336777052006e-10,-2.80652583312844e-11,-1.36074327784986e-11,-2.33334539032342e-13,-8.57746274000274e-17,-6.74564747983486e-22,-7.98616128247308e-24,-8.5875478886941e-20,-1.97555808118811e-17,-9.72276666495628e-17,-1.02386946107705e-17,-2.35576586910379e-20,-2.94107943423058e-23,-1.20949412358649e-19,-1.23389544651991e-17,-2.70004465580773e-17,-5.49401880869294e-16,-9.08778597904877e-14,-4.30687058489373e-13,-4.55190983696176e-10,-4.09019591687957e-08,-7.86342914579502e-08,-5.73778580039563e-09,-4.9137288847943e-08,-6.89747187152425e-07,-1.57738543269862e-05,-1.67938200266465e-05,-5.06033517832552e-05,-1.48412443045452e-05,-8.02323664311748e-06,-1.91113322853851e-05,-2.99857429972102e-06,-2.63513310302204e-06,-1.71875070394026e-05,-2.93501115920959e-06,-1.85906069510907e-08,-5.56334083620887e-09,-9.25470036688294e-10,-3.52732905521541e-08,-7.17560673170777e-07,-8.52376190178928e-06,-1.07995154712658e-05,-4.0085230482422e-06,-3.83304572317452e-05,-8.47408726941995e-06,-4.0088382817198e-08,-2.0999280381644e-08,-1.06595956371109e-06,-1.15781650433785e-06,-2.69040431070236e-08,-1.33743959148802e-11,-3.15075591294296e-15,-2.60251033417211e-12,-4.81627023906451e-11,-1.90681271788886e-11,-1.61504281959286e-13,-2.92643479015337e-17,-1.13441632999382e-22,-9.40773112169146e-30,-1.66907607540707e-38,-6.33499353457649e-49,-5.14392974576443e-61,-8.93557880929281e-75,-1.14820466623818e-88,-4.83339974903192e-83,-4.48239645660063e-79,-8.89296587125496e-77,-3.77452054500339e-76,-3.42732879810681e-77,-6.65776643227177e-80,-2.76681517353059e-84,-2.45986090832499e-90,-4.67886290366185e-98,-3.33165377248797e-101,-1.0721581109481e-101,-7.38136811605991e-104,-1.08716059393738e-107,-3.42554240809155e-113,-2.3091056459275e-120,-3.3299450459624e-129,-1.02732803106208e-139,-6.78047342990126e-152,-9.57391808434608e-166,-2.89199944064417e-181,-1.86889761792266e-198,-2.58375675384475e-217,-7.64181549416354e-238,-4.83526498133449e-260,-6.54519845421231e-284,-1.89541436449848e-309,0,0,0,0,0,0,0,0,0,0,0,0,0,0,0,0,0,0,0,0,0,0,0,0,0,0,0,0,0,0,0,0,0,0,0,0,0,0,0,0,0,0,0,0,0,0,0,0,0,0,0,0,0,0,0,0,0,0,0,0,0,0,0,0,0,0,0,0,0,0,0,0,0,0,0,0
0,0,0,0,0,0,0,0,-0,-3.6723485175019e-299,-4.82204923850964e-275,-1.35455985254175e-252,-8.14035916140355e-232,-1.04656870162933e-212,-2.87852978457939e-195,-2.7244612653161e-179,-8.04316006221293e-157,-1.34276645837445e-135,-4.79571169640814e-116,-3.66424461070235e-98,-5.98955638008691e-82,-2.09451591847378e-67,-1.56693680630376e-54,-2.50783007934442e-43,-8.5866456444373e-34,-6.2896688840396e-26,-9.85623009370947e-20,-3.3042484332644e-15,-2.36980908716491e-12,-3.63607503382199e-11,-1.19352390392082e-11,-8.38123882569354e-14,-1.25911377091904e-17,-4.0564408884167e-23,-5.28425042735126e-19,-1.24953311818751e-13,-8.3419229784082e-10,-6.08308262355452e-07,-2.86846714587788e-05,-3.20930355724301e-05,-8.05966553303821e-07,-8.64107816550223e-06,-4.801511268501e-05,-5.73389722182836e-06,-3.33989403014469e-08,-6.65644499130186e-06,-5.0597882808743e-05,-1.22017678818793e-05,-2.62996735864666e-05,-3.71185792741397e-06,-1.20383082252601e-08,-3.30935303677614e-08,-7.72239427181406e-08,-2.63565047138818e-06,-1.69614982818536e-05,-6.43515888353184e-05,-5.16869642257632e-05,-2.20910170349473e-06,-2.73678117985827e-08,-3.10710169898771e-06,-1.4987542188898e-05,-1.54914713494159e-06,-4.37610063006294e-09,-1.22565982916098e-06,-3.52740625560622e-05,-3.45797173480119e-05,-3.06363519649315e-05,-8.70824695916682e-05,-6.84703445691288e-05,-4.43837912621854e-05,-1.94623529143762e-05,-7.35724715503638e-07,-1.24946460244351e-05,-2.02414309136636e-05,-2.10341689669292e-05,-3.56237266716714e-05,-5.96338872148012e-06,-1.87576713772374e-05,-2.9658579393118e-05,-1.08286101965712e-06,-1.24095155718466e-05,-4.20031054084327e-05,-3.04167133169476e-06,-4.72021139794191e-09,-5.18840865670075e-08,-7.17162995471669e-06,-2.12314797590461e-05,-1.73260543058142e-06,-1.59029764884078e-07,-1.53225565586921e-09,-6.74517815882361e-12,-1.06354267247964e-13,-4.23084245015721e-14,-7.25230097918039e-16,-2.66596868188301e-19,-2.09660863866914e-24,-3.67079399357033e-27,-3.94810132395903e-23,-9.81511614726316e-21,-4.88125739535904e-19,-5.70037725796896e-18,-1.56502699602169e-18,-3.37045025828186e-20,-1.16855141512989e-16,-1.19212670435774e-14,-2.60361277669427e-14,-1.4081300900135e-13,-2.31440959453647e-11,-8.20900112079611e-11,-1.49054576328729e-11,-7.79718360339448e-10,-1.56329910446571e-09,-5.8365186817149e-08,-1.131443271363e-06,-2.13625987739619e-06,-3.92223844585074e-05,-2.38293760697626e-05,-2.35215237643674e-05,-3.81955163768573e-06,-8.6046531331719e-06,-5.56904744137208e-05,-9.92581862178972e-06,-6.46376766513869e-06,-5.32027107817042e-05,-1.01407937293887e-05,-4.89331393697464e-08,-9.26330648086576e-08,-3.91354473578463e-08,-1.67802318738995e-09,-4.13489213685419e-07,-2.38917582688048e-05,-3.09821499208583e-05,-1.93888749687677e-06,-1.11535824379413e-05,-2.46572965546393e-06,-1.16624864188634e-08,-1.01695534357689e-09,-5.15724616792483e-08,-5.60166157628123e-08,-1.30165137527916e-09,-6.47070058475605e-13,-1.77137387515047e-17,-9.37034322828871e-15,-1.73409898207392e-13,-6.86548268466539e-14,-5.81496463123247e-16,-1.0536633824136e-19,-4.08446807476571e-25,-3.38725531417004e-32,-6.00951146779814e-41,-2.28091558290293e-51,-1.85207284749915e-63,-3.21725678757713e-77,-1.19575295051474e-92,-5.87972260481132e-91,-5.45273495635853e-87,-1.0818093923952e-84,-4.59161975485811e-84,-4.1692687662314e-85,-8.0990238387013e-88,-3.36576872674377e-92,-2.99236573392619e-98,-5.69147757814049e-106,-2.25865197693224e-110,-7.26848813327373e-111,-5.00405546635853e-113,-7.37019455927907e-117,-2.32228008994124e-122,-1.56541342312447e-129,-2.25747171092394e-138,-6.96457129457429e-149,-4.59669055897303e-161,-6.49045222662765e-175,-1.96057497500701e-190,-1.26698292159186e-207,-1.75160781910975e-226,-5.18062071897993e-247,-3.27797418861935e-269,-4.43719044873793e-293,-1.28496099104746e-318,0,0,0,0,0,0,0,0,0,0,0,0,0,0,0,0,0,0,0,0,0,0,0,0,0,0,0,0,0,0,0,0,0,0,0,0,0,0,0,0,0,0,0,0,0,0,0,0,0,0,0,0,0,0,0,0,0,0,0,0,0,0,0,0,0,0,0,0,0,0,0,0,0,0,0,0
0,0,0,0,0,0,0,0,-1.12348284806267e-315,-6.89565282346321e-290,-9.05447216894948e-266,-2.54348802332145e-243,-1.52853386239918e-222,-1.96516599335372e-203,-5.40508122319353e-186,-3.18041675956163e-170,-9.47538293781931e-155,-1.51503188450437e-133,-5.41096039681197e-114,-4.13433578327751e-96,-6.75796511942061e-80,-2.36322435601015e-65,-1.76796136631132e-52,-2.8295631806704e-41,-9.6882386733773e-32,-7.09657948497815e-24,-1.11206999242414e-17,-3.72815518226695e-13,-2.67383527835062e-10,-4.10255229116243e-09,-1.34664278979244e-09,-9.45648093558429e-12,-1.42074104526347e-15,-4.75671141641563e-21,-1.20403584373008e-20,-3.58994172401525e-15,-1.08016579497464e-10,-2.32932682936801e-07,-1.21687205963471e-05,-1.36790911288518e-05,-3.85746572567432e-07,-9.18066229110954e-06,-4.59095310537945e-05,-5.37738467826357e-06,-2.25141922203643e-08,-3.13007721911331e-06,-2.37891348362404e-05,-4.64117316207856e-06,-5.12548755924426e-06,-7.23103914184727e-07,-3.9917509508471e-08,-7.18840674809707e-07,-1.41746094473645e-06,-8.73611473828424e-06,-4.14220369062837e-05,-3.63096404656322e-05,-4.09128145740162e-05,-1.94327706595176e-06,-4.1887108412143e-07,-9.16054131778205e-06,-4.34392669276301e-05,-4.48982781817687e-06,-1.02459722049168e-08,-4.20133954572362e-07,-1.62408410386836e-05,-4.9829199586702e-05,-2.40529776724045e-05,-0.000106769008579812,-0.000133201407960771,-5.21025292721408e-05,-1.9169981435992e-05,-8.56032920231749e-07,-2.95204361181182e-05,-4.56313542420556e-05,-5.2854547659578e-05,-5.80987601042929e-05,-9.00282543319853e-06,-5.48223762211279e-06,-8.62655505616894e-06,-3.19909209068919e-07,-4.39128496806041e-06,-1.48635563602574e-05,-1.0763502562598e-06,-1.66890694744267e-09,-9.15321766590933e-09,-1.26518501708261e-06,-3.74181774981283e-06,-2.46547130122429e-07,-4.46237529317228e-09,-4.04315805090136e-11,-2.97036127801316e-14,-1.81947658794081e-16,-5.03143337068403e-17,-8.62069752400817e-19,-3.16899058513722e-22,-2.49515203454492e-27,-1.98699789678784e-26,-3.44018461411495e-23,-8.85090985626009e-19,-5.31372448210542e-16,-6.8248656702225e-15,-1.87528858212892e-15,-2.00780668381722e-17,-4.3177908088349e-14,-4.40490125661877e-12,-9.61543265215308e-12,-1.40455949154943e-11,-2.25421189661557e-09,-7.9952829935884e-09,-6.06732303765942e-10,-6.6827831657743e-12,-5.84083447300957e-10,-5.19217147113131e-07,-1.0063894233496e-05,-5.76054965973294e-06,-3.7381421250945e-05,-1.95075511801304e-05,-4.33177202967994e-06,-7.20545618588825e-07,-1.26181397535322e-05,-8.3008718925111e-05,-2.46899472652509e-05,-9.7900181135217e-06,-8.13583322486443e-05,-1.82169931963266e-05,-1.86390551873913e-07,-1.80652021534242e-06,-7.6352370528453e-07,-7.07162509623482e-09,-4.32827421023793e-07,-2.62264978514543e-05,-3.40172070653364e-05,-1.06401115979385e-06,-1.24168880360746e-06,-2.7438963131683e-07,-1.29777705049468e-09,-1.89264063140246e-11,-9.54255552151939e-10,-1.03648662194187e-09,-2.40847151963211e-11,-1.19728664375571e-14,-1.42246702162903e-19,-1.29029269449363e-17,-2.38784769024691e-16,-9.45374349473528e-17,-8.00718413832967e-19,-1.45089046242622e-22,-5.62429697441618e-28,-4.66423765991963e-35,-8.27507439092811e-44,-3.14081206585403e-54,-2.55029725337869e-66,-4.4301503366084e-80,-1.64636048527946e-95,-2.73546184518649e-99,-2.53681158577577e-95,-5.0329726682e-93,-2.13618932239089e-92,-1.93969620658992e-93,-3.76796188920442e-96,-1.56587862226614e-100,-1.39215790304466e-106,-2.64787678266849e-114,-5.85706056020933e-120,-1.88451256819517e-120,-1.29740948122746e-122,-1.9108821562799e-126,-6.02101281053139e-132,-4.05867247247025e-139,-5.85298308750911e-148,-1.8057155623099e-158,-1.19179132876806e-170,-1.68278995164859e-184,-5.08321416165773e-200,-3.2849269279239e-217,-4.54142166725161e-236,-1.34318783727211e-256,-8.49885621797143e-279,-1.15043747954183e-302,0,0,0,0,0,0,0,0,0,0,0,0,0,0,0,0,0,0,0,0,0,0,0,0,0,0,0,0,0,0,0,0,0,0,0,0,0,0,0,0,0,0,0,0,0,0,0,0,0,0,0,0,0,0,0,0,0,0,0,0,0,0,0,0,0,0,0,0,0,0,0,0,0,0,0,0,0
0,0,0,0,0,0,0,0,-8.06803262453136e-307,-4.95195383708326e-281,-6.50226009743836e-257,-1.8265471883687e-234,-1.09768129556416e-213,-1.41123857746751e-194,-3.88153426342292e-177,-2.28394276848882e-161,-2.87505667380599e-147,-6.5452585525936e-132,-2.33488419822983e-112,-1.78400775141879e-94,-2.91613037470955e-78,-1.01975523771352e-63,-7.62893230507732e-51,-1.22098516232356e-39,-4.1805730828178e-30,-3.06224590198234e-22,-4.79869461650768e-16,-1.60873670942703e-11,-1.15378699569801e-08,-1.77029285277452e-07,-5.81090002302176e-08,-4.08058235627391e-10,-6.14457692943673e-14,-4.80684835259771e-19,-1.39280232130446e-22,-1.57604548149425e-16,-1.54797754444424e-11,-3.77513265886723e-08,-1.9835375517027e-06,-2.23038596407965e-06,-2.68378894640904e-07,-1.1976734365634e-05,-2.47207821700241e-05,-2.0912105030512e-06,-6.55405449440649e-09,-5.62913937095424e-07,-4.27797908811655e-06,-7.5307011673393e-07,-3.82888844891462e-07,-7.73910699431611e-08,-8.21527030653777e-07,-6.252633944456e-06,-1.1224718816288e-05,-1.1448990852073e-05,-5.02658567274685e-05,-1.25373566407749e-05,-1.31383254300384e-05,-8.74431188134527e-07,-4.86814781562968e-06,-1.2141523724332e-05,-4.81684087689886e-05,-4.97664676878954e-06,-1.10459439793797e-08,-6.63836065268413e-08,-7.17704889549501e-06,-5.00268199393124e-05,-1.4423460883657e-05,-7.59526316312269e-05,-0.00011800650410541,-2.84378127845504e-05,-7.32617519601125e-06,-1.85956054788889e-06,-4.18612115114881e-05,-4.43612679485223e-05,-5.27501934330844e-05,-3.73202418262764e-05,-5.35184455584129e-06,-6.26053017544371e-07,-9.68339615374469e-07,-3.97876805982799e-08,-5.94321260113448e-07,-2.0115636154992e-06,-1.45668166792472e-07,-2.25765851409243e-10,-6.17567511189285e-10,-8.53614507378487e-08,-2.52425021344665e-07,-1.60654693980485e-08,-6.37507599569272e-11,-4.17732666940587e-13,-1.17297751087503e-16,-1.49446739129335e-19,-2.28883221984044e-20,-3.91903201309792e-22,-1.44064413341182e-25,-1.64704654634174e-26,-1.10803891029306e-22,-3.03982886066866e-20,-4.05653181482513e-16,-2.4351133721643e-13,-3.12762895448883e-12,-8.59390691694743e-13,-6.33132125216732e-15,-6.10161910367153e-12,-6.2247174283878e-10,-1.35860727252995e-09,-5.69907021647632e-10,-8.39690295342996e-08,-2.97822835873729e-07,-2.25983122371679e-08,-3.67458480398031e-11,-1.95210462415202e-09,-1.768366421364e-06,-3.42715676665976e-05,-1.47876628719297e-05,-1.37297190869688e-05,-6.89019746219696e-06,-3.831787534702e-07,-2.12592284372901e-06,-1.47062726063388e-05,-7.90406883827509e-05,-5.0564687706307e-05,-1.00573770524791e-05,-6.89215268602849e-05,-1.82628732751936e-05,-7.91402708633512e-07,-1.34799257990083e-05,-5.69731135433466e-06,-5.1579040329731e-08,-1.81665917179126e-07,-1.10134787855142e-05,-1.42850400638258e-05,-4.01495791655978e-07,-5.30565540805601e-08,-1.16777648470937e-08,-5.52318779553538e-11,-1.38591411023986e-13,-6.75275871080426e-12,-7.33466421936191e-12,-1.70434711885637e-13,-8.4725603979064e-17,-9.08907606838125e-22,-6.79501924380101e-21,-1.25750309388292e-19,-4.9785887692761e-20,-4.21679274954036e-22,-7.64076893529807e-26,-2.9619019986628e-31,-2.45630963478565e-38,-4.35787076839362e-47,-1.65403384237955e-57,-1.34305328582881e-69,-2.33303312326237e-83,-8.670165235195e-99,-4.86714398324527e-108,-4.5136901080153e-104,-8.95505171678694e-102,-3.80087219223863e-101,-3.45125654160962e-102,-6.70424733237712e-105,-2.78613157055339e-109,-2.47703431780338e-115,-4.71130518677599e-123,-5.82580457491351e-130,-1.86863161703051e-130,-1.28647609879219e-132,-1.89477898630494e-136,-5.97027321238779e-142,-4.02446968687089e-149,-5.80365949044218e-158,-1.79049864036066e-168,-1.18174799968114e-180,-1.66860893450197e-194,-5.0403774742166e-210,-3.25724456326182e-227,-4.50315071224012e-246,-1.33186867665252e-266,-8.42723561812243e-289,-1.14074264293608e-312,0,0,0,0,0,0,0,0,0,0,0,0,0,0,0,0,0,0,0,0,0,0,0,0,0,0,0,0,0,0,0,0,0,0,0,0,0,0,0,0,0,0,0,0,0,0,0,0,0,0,0,0,0,0,0,0,0,0,0,0,0,0,0,0,0,0,0,0,0,0,0,0,0,0,0,0,0
0,0,0,0,0,0,0,-0,-2.21584076276053e-298,-1.36002687125396e-272,-1.78580995448199e-248,-5.01651133981085e-226,-3.01472127397583e-205,-3.87588909398341e-186,-1.06604202575876e-168,-6.27272313059508e-153,-7.89617418816227e-139,-2.126562562781e-126,-3.8533623230438e-111,-2.94413303167541e-93,-4.81246550303723e-77,-1.68289351724433e-62,-1.25899630076889e-49,-2.01498157433639e-38,-6.89916470075198e-29,-5.05359873238693e-21,-7.91924548430179e-15,-2.65488470087981e-10,-1.90408500347169e-07,-2.92149945043773e-06,-9.58968156364405e-07,-6.73500815015378e-09,-1.0932378178156e-12,-1.64474592253327e-16,-6.90806408145855e-21,-8.4202216665926e-18,-9.58238569403637e-13,-2.3532758812094e-09,-1.23683915759878e-07,-1.39364391603645e-07,-6.15547815641546e-07,-2.77030756287493e-05,-2.83167126723019e-05,-7.96155692828816e-07,-1.011411293797e-09,-3.8716829035135e-08,-2.9423309797797e-07,-4.94795835489391e-08,-1.18481313724708e-08,-3.25258486672101e-07,-7.78603979446068e-06,-2.34161516727012e-05,-3.47534516236092e-05,-6.78108154728251e-06,-2.42001865479204e-05,-3.16744859798437e-06,-1.66213003226528e-06,-1.20208810987676e-06,-2.36203803978716e-05,-1.48733969543718e-05,-2.05130890123244e-05,-2.109683443924e-06,-4.66734999394488e-09,-8.81915351524381e-09,-2.58643474377172e-06,-2.18766878294884e-05,-5.65062933070468e-06,-2.65616485104361e-05,-4.63073623083664e-05,-8.03157012383802e-06,-1.08442273187732e-06,-3.38131803029199e-06,-5.30470774331365e-05,-2.67233276494038e-05,-2.06855612842432e-05,-9.58362649228786e-06,-1.22461176628587e-06,-4.67712008517084e-08,-3.53871638992114e-07,-1.28213036988528e-07,-3.18552428327193e-08,-1.04115491850074e-07,-7.53954943543325e-09,-1.16827956207632e-11,-1.59355643663086e-11,-2.20261955201526e-09,-6.51332115556503e-09,-4.12417240450578e-10,-7.22957862879845e-13,-1.67141764923471e-15,-3.75204461658104e-19,-5.99640834402451e-23,-3.98845228480024e-24,-6.81377997191911e-26,-1.36873416409813e-28,-3.516414392094e-23,-2.36558972512219e-19,-3.65779090269537e-17,-7.119305118674e-14,-4.2679394749513e-11,-5.48175449036153e-10,-1.50627033923603e-10,-9.54613194107047e-13,-3.29760293533568e-10,-3.36413029326317e-08,-7.34229309025782e-08,-1.06434039315975e-08,-1.19622784319495e-06,-4.24279314395109e-06,-3.21936596921143e-07,-5.22820569664545e-10,-2.54268842843349e-09,-2.30337998675051e-06,-4.4639710659809e-05,-1.85902103114097e-05,-2.08214165803659e-06,-9.60624104051995e-07,-1.86424132113858e-07,-1.16397622205034e-05,-2.29770020349598e-05,-4.49209204993406e-05,-5.31773475905912e-05,-7.15449929187698e-06,-3.08692471788435e-05,-8.9628565902325e-06,-2.00394571856193e-06,-3.84693498967528e-05,-1.62599619597353e-05,-1.47053984327724e-07,-2.9202866170371e-08,-1.76880466438939e-06,-2.29422784136184e-06,-6.37439758875226e-08,-8.97537080884514e-10,-1.90073837479781e-10,-8.98982162329652e-13,-4.50916130521957e-16,-1.82754245006541e-14,-1.98502725649095e-14,-4.61258400421503e-16,-2.2929834030681e-19,-2.4401583260952e-24,-1.36855733490117e-24,-2.53268515552812e-23,-1.00271704560901e-23,-8.49286848887367e-26,-1.53889578112254e-29,-5.9654447457294e-35,-4.94715200277798e-42,-8.77700791235445e-51,-3.33132139373154e-61,-2.70498827131991e-73,-4.69886586155163e-87,-1.74622224740218e-102,-3.32586084172505e-117,-3.07146073200947e-113,-6.09370360902319e-111,-2.58640478333169e-110,-2.34849949597134e-111,-4.56208377764107e-114,-1.89589748263188e-118,-1.68556401899693e-124,-3.20593315434822e-132,-2.33245719653666e-140,-7.08627577239277e-141,-4.87860974176743e-143,-7.18543253913664e-147,-2.26406328748072e-152,-1.52617036867216e-159,-2.20087957751836e-168,-6.78997776770657e-179,-4.4814569885685e-191,-6.32774430143222e-205,-1.91142568999046e-220,-1.23522116521007e-237,-1.70769709239117e-256,-5.05074871330467e-277,-3.19579927068567e-299,-4.44659081257122e-323,0,0,0,0,0,0,0,0,0,0,0,0,0,0,0,0,0,0,0,0,0,0,0,0,0,0,0,0,0,0,0,0,0,0,0,0,0,0,0,0,0,0,0,0,0,0,0,0,0,0,0,0,0,0,0,0,0,0,0,0,0,0,0,0,0,0,0,0,0,0,0,0,0,0,0,0,0
0,0,0,0,0,0,0,-8.11239486305014e-318,-2.32744352270455e-290,-1.42852581530303e-264,-1.87575383628304e-240,-5.26917232530327e-218,-3.16656035027231e-197,-4.0711016414713e-178,-1.11973416568617e-160,-6.58865432272054e-145,-8.29387191410278e-131,-2.23355542607294e-118,-1.28924351647987e-107,-1.85818177195204e-92,-3.03737227460762e-76,-1.06215288341679e-61,-7.94611505344948e-49,-1.27174920295471e-37,-4.35438582713801e-28,-3.18956274430581e-20,-4.99820656473266e-14,-1.67562202319027e-09,-1.20175718548012e-06,-1.84389509458665e-05,-6.0525401277669e-06,-4.26941390714383e-08,-2.41160953375022e-11,-3.50650102504475e-14,-1.78277715176755e-18,-3.38267666295057e-18,-2.28439278446152e-14,-5.61250362254279e-11,-2.95367954937442e-09,-3.7163074527933e-09,-7.00192912780274e-07,-3.13262865910962e-05,-3.00660799724362e-05,-6.26717530577042e-07,-3.06357096826055e-10,-1.03069916481502e-09,-8.47121500056149e-09,-2.23446701437329e-09,-9.18128619893715e-09,-2.31872863196762e-06,-3.24250126741021e-05,-4.26750072724033e-05,-4.14626635662729e-05,-2.75166236030124e-06,-4.52135923718926e-06,-4.73950156260849e-07,-8.38990124974738e-08,-2.09828112991535e-06,-4.41708328214654e-05,-2.06133204026408e-05,-3.50135290082486e-06,-3.42065717649897e-07,-7.56406389515365e-10,-1.1344366800101e-09,-5.09202108635126e-07,-7.94056661077183e-06,-5.40263781921619e-06,-4.11722342970752e-06,-7.73172973062051e-06,-1.16197977747229e-06,-6.67583515085501e-08,-2.80697529284529e-06,-4.05172771226184e-05,-1.37032522625331e-05,-3.2018707521528e-06,-1.001147152185e-06,-1.07718598766164e-07,-2.27499007560986e-07,-4.28719596293078e-06,-1.7340446276062e-06,-1.56153942662039e-08,-2.0637188598503e-09,-1.49244412141882e-10,-2.31238889974665e-13,-1.57281477880368e-13,-2.17815812920392e-11,-6.65943462070525e-11,-6.60974150097894e-12,-6.54256310294365e-14,-3.26373318532836e-17,-2.55290299801268e-20,-5.65374428990771e-21,-2.77405436098603e-23,-2.91636147279259e-27,-9.13138854274827e-26,-2.87140072999338e-20,-1.93165662941923e-16,-2.7969769044715e-14,-4.85096863515766e-12,-2.86113657652719e-09,-3.6750977800725e-08,-1.0099416746294e-08,-6.08076769749428e-11,-6.81587408663368e-09,-6.95337539233839e-07,-1.51757628003271e-06,-1.10167918331881e-07,-6.5174985902684e-06,-2.31161627767419e-05,-1.75411568982389e-06,-2.89250041196653e-09,-1.26784577678262e-09,-1.14743640398664e-06,-2.22374756551876e-05,-9.27714740917845e-06,-8.63953976070004e-07,-2.40736251325509e-07,-3.67884855567142e-07,-2.51892479031502e-05,-3.8350911788164e-05,-1.32261299229374e-05,-2.30127338502903e-05,-2.61390729633882e-06,-6.19207940495416e-06,-1.85892302539628e-06,-2.13815788971199e-06,-4.20380684368337e-05,-1.78112523434239e-05,-1.62213909687645e-07,-1.82399580806801e-09,-1.08643800536061e-07,-1.40916416602032e-07,-3.91070044336403e-09,-7.67301487769414e-12,-1.18321427442903e-12,-5.59605981508056e-15,-9.38793416080142e-19,-1.89157443982925e-17,-2.05457696359475e-17,-4.77419582361744e-19,-2.37332301732531e-22,-2.52413890000847e-27,-1.05416120946894e-28,-1.95084627943905e-27,-7.72360833515668e-28,-6.54178465772608e-30,-1.18536214518988e-33,-4.59499107577732e-39,-3.81063278132824e-46,-6.76064815756909e-55,-2.56601020162011e-65,-2.08356585243633e-77,-3.61938591679373e-91,-1.34505908363013e-106,-1.07022858675305e-123,-7.99333285307893e-123,-1.58585785412478e-120,-6.73099744056957e-120,-6.11186006089841e-121,-1.18726095887471e-123,-4.9339844967109e-128,-4.38660149830442e-134,-8.34329103716458e-142,-6.5885051110282e-151,-1.02773727531886e-151,-7.07554891208991e-154,-1.04211818686612e-157,-3.28361795236207e-163,-2.21343654510259e-170,-3.19198130709863e-179,-9.84764561020269e-190,-6.49955003544806e-202,-9.17725882533066e-216,-2.77218032948319e-231,-1.79146687976834e-248,-2.47670851816663e-267,-7.32520563342202e-288,-4.6349339770649e-310,0,0,0,0,0,0,0,0,0,0,0,0,0,0,0,0,0,0,0,0,0,0,0,0,0,0,0,0,0,0,0,0,0,0,0,0,0,0,0,0,0,0,0,0,0,0,0,0,0,0,0,0,0,0,0,0,0,0,0,0,0,0,0,0,0,0,0,0,0,0,0,0,0,0,0,0,0,0
0,0,0,0,0,0,0,-3.25881212881218e-310,-9.34952306335094e-283,-5.73850017260539e-257,-7.53505018807949e-233,-2.11666782457315e-210,-1.27203211324175e-189,-1.63539344000725e-170,-4.49805991199341e-153,-2.64671408546781e-137,-3.33171335797996e-123,-8.97236721989836e-111,-5.16922288733125e-100,-6.81974167048543e-91,-7.33158934505326e-76,-2.56381762931737e-61,-1.91802801429896e-48,-3.0697398439639e-37,-1.05105878096888e-27,-7.69894552972415e-20,-1.20646380626576e-13,-4.04460539551774e-09,-2.90079357538611e-06,-4.4507836032568e-05,-1.46131687174957e-05,-1.18546225498075e-07,-1.48940433233059e-09,-2.91332654939388e-12,-5.12672185332072e-16,-4.11974891980092e-15,-1.15664883452153e-15,-1.06934695214648e-12,-4.40426635732942e-10,-6.73898965112075e-09,-3.09097489709633e-07,-1.3724130332007e-05,-1.31337492154407e-05,-2.70064552964092e-07,-1.35844024806036e-10,-6.99938113999246e-10,-4.12098961033318e-08,-5.52132066939927e-08,-4.26841236949863e-08,-8.22564786458012e-06,-6.54221375588501e-05,-4.15869450608832e-05,-1.91790546073719e-05,-1.4387102408425e-06,-1.35393812316977e-06,-7.12833507238521e-08,-3.13516180965308e-09,-1.49890252022538e-06,-3.16113153674534e-05,-1.43053599375872e-05,-3.42843575508679e-07,-2.12352235773925e-08,-4.68995720374664e-11,-2.37168487255363e-10,-4.15583642910429e-07,-1.92656604620039e-05,-1.99922894492691e-05,-6.93349976191649e-07,-5.29132993101729e-07,-7.68737154515416e-08,-2.88515065472941e-09,-9.13495393810194e-07,-1.30185294018434e-05,-4.03040739610137e-06,-2.08490606045632e-07,-4.31654686469767e-08,-4.96150532953886e-09,-1.18715749059025e-06,-2.24476846608242e-05,-9.08069549256796e-06,-7.85907615383469e-08,-3.14320418847442e-11,-1.53335777841246e-12,-4.47055193912536e-15,-3.802381759857e-15,-7.77142447868281e-12,-3.94490853560339e-10,-4.32456073332771e-10,-1.01475940967245e-11,-5.09956759149723e-15,-5.74992363672394e-17,-1.31748424872609e-17,-6.46429285774213e-20,-6.78540146692419e-24,-2.85167793727145e-23,-8.96720847256725e-18,-6.03244153955217e-14,-8.68611363580332e-12,-1.48954349352071e-10,-7.34040442033145e-08,-9.43204915137293e-07,-2.5934506121924e-07,-1.53735822502354e-09,-5.38784636115365e-08,-5.49652550016147e-06,-1.19961539890113e-05,-6.42022988409638e-07,-1.35808756564057e-05,-4.81688092108669e-05,-3.66525935661591e-06,-1.07034124321024e-08,-3.59281408344333e-10,-2.18605750578827e-07,-4.23760623688449e-06,-2.36917457565596e-06,-8.07230729187364e-06,-2.34094781060069e-06,-3.1881685579004e-07,-2.08805924623679e-05,-3.08411561727085e-05,-2.42179617694104e-06,-3.89819430044132e-06,-4.09742360690925e-07,-5.01680486547544e-07,-1.53100511398479e-07,-9.16582488299156e-07,-1.86033099290071e-05,-8.73939321338959e-06,-1.02395820944058e-07,-7.51954275373078e-11,-2.55211227457521e-09,-3.3102162354209e-09,-9.18539084432648e-11,-6.72672799817576e-14,-2.81747692892785e-15,-1.33224279245076e-17,-1.49548488736464e-21,-7.48771352259045e-21,-8.13294914080632e-21,-1.88984362765339e-22,-9.3946908471317e-26,-9.9912421525222e-31,-3.10561776147814e-33,-5.74691265644227e-32,-2.27526396941316e-32,-1.92711570570364e-34,-3.49190645437115e-38,-1.35361830647244e-43,-1.12255763003355e-50,-1.99158974604899e-59,-7.55909712603846e-70,-6.13788543674505e-82,-1.06621905339214e-95,-3.96235067460009e-111,-3.150200440904e-128,-7.95573906777162e-133,-1.57839933828517e-130,-6.69934059888211e-130,-6.08311511067786e-131,-1.18167710112581e-133,-4.91077926338852e-138,-4.36597068535251e-144,-8.3040513483684e-152,-3.55606105893939e-161,-5.70053832190612e-163,-3.92458643574292e-165,-5.78030475293257e-169,-1.82132052737032e-174,-1.22772425845919e-181,-1.77049253656902e-190,-5.46218206756616e-201,-3.60509781283068e-213,-5.09033941404249e-227,-1.53764201953734e-242,-9.93670837948379e-260,-1.3737530156959e-278,-4.06306323723266e-299,-2.56914135837448e-321,0,0,0,0,0,0,0,0,0,0,0,0,0,0,0,0,0,0,0,0,0,0,0,0,0,0,0,0,0,0,0,0,0,0,0,0,0,0,0,0,0,0,0,0,0,0,0,0,0,0,0,0,0,0,0,0,0,0,0,0,0,0,0,0,0,0,0,0,0,0,0,0,0,0,0,0,0,0
0,0,0,0,0,0,0,-5.00655892675668e-303,-1.43638038351106e-275,-8.81613855899727e-250,-1.15762036262089e-225,-3.25186656156131e-203,-1.95424083375822e-182,-2.5124779527599e-163,-6.91043273294925e-146,-4.06618409021347e-130,-5.11855811088717e-116,-1.37843740060265e-103,-7.94154985468791e-93,-9.78818784842405e-84,-9.34905929223238e-76,-2.36677475895348e-61,-1.77061747158072e-48,-2.833814188536e-37,-9.70279384538617e-28,-7.10724106532937e-20,-1.11374071613068e-13,-3.73375619429167e-09,-2.67785238932179e-06,-4.10877396923013e-05,-1.3604119287471e-05,-6.01953363750074e-07,-4.68768705705672e-08,-9.2622254848874e-11,-1.96672883600776e-13,-2.03883988359674e-12,-4.6198551371527e-13,-2.15684633928048e-11,-1.59953204553591e-08,-2.53854275293725e-07,-1.37652321713269e-07,-2.3034169889078e-06,-2.27169280166641e-06,-9.92294594924522e-08,-9.17337074012874e-10,-1.48148849972219e-08,-8.84755196315039e-07,-1.24633379210419e-06,-2.19542534773685e-07,-1.27397147819632e-05,-6.93660127970678e-05,-2.17254597330978e-05,-3.58482516379092e-06,-5.27490820893359e-06,-9.22152082902812e-06,-3.5440458084185e-07,-7.19090099437606e-10,-4.1025665034149e-07,-8.65255095227856e-06,-3.90502355388116e-06,-4.25492613142253e-08,-5.10657502365255e-10,-1.11477121871748e-12,-2.85466308384602e-10,-6.50217593543979e-07,-3.18082510149176e-05,-3.33119661224876e-05,-7.52400704774855e-07,-1.47859775945433e-08,-2.11202007370527e-09,-1.8903877586368e-10,-1.14068440994373e-07,-1.62268954208832e-06,-4.95063458644969e-07,-7.32513054526389e-09,-7.72273042465027e-10,-2.73682216947605e-09,-2.377594648004e-06,-4.49579609984298e-05,-1.81867140435203e-05,-1.57408922443126e-07,-2.8881673446594e-10,-8.18229452614952e-11,-5.51620805659233e-13,-2.08742181671578e-13,-5.00083070332866e-10,-2.56401192989694e-08,-2.81239832504086e-08,-6.59952137371847e-10,-3.36079535621323e-13,-5.11986778010867e-14,-1.17415476884341e-14,-5.76104063496094e-17,-6.04721425158394e-21,-3.40592544658219e-21,-1.07100236214755e-15,-7.204871875044e-12,-1.03695238735839e-09,-4.39436529230513e-09,-7.23009384541844e-07,-9.30738017315913e-06,-2.56712030142553e-06,-1.52089354401856e-08,-1.62884988760838e-07,-1.66169203504504e-05,-3.62663694957027e-05,-1.75858535238023e-06,-1.08244372729987e-05,-3.84663900455236e-05,-3.33220688232174e-06,-1.97491362377424e-07,-4.79916280298603e-09,-1.59334058433554e-08,-3.13212046767487e-07,-2.93999730691518e-06,-3.8885029597601e-05,-1.21767092884826e-05,-1.84149365998106e-07,-6.62074782736869e-06,-9.74735652099356e-06,-3.82491474204367e-07,-2.55185246790936e-07,-2.58275103459866e-08,-1.58200277886152e-08,-1.62837464715212e-08,-6.20451505588483e-07,-1.1241009016794e-05,-1.14096993191336e-05,-2.82495389580376e-07,-1.57025767166075e-10,-2.2929785345858e-11,-2.97386221383142e-11,-8.25195556293889e-13,-5.01458795869424e-16,-2.57084890178759e-18,-1.21298148057158e-20,-1.24966042081562e-24,-1.13356235007191e-24,-1.23124194038516e-24,-2.86102211491956e-26,-1.42225620591959e-29,-1.51256269420795e-34,-3.50206687282413e-38,-6.47464327544165e-37,-2.56338027739087e-37,-2.17114605542893e-39,-3.93408600318914e-43,-1.52502677340849e-48,-1.26470692093137e-55,-2.24378443306186e-64,-8.51630437094576e-75,-6.91512487559619e-87,-1.20123419945364e-100,-4.46410249883935e-116,-3.54910980290947e-133,-3.02832768190746e-143,-6.0081286716261e-141,-2.55008345206619e-140,-2.31551910994685e-141,-4.49801764336198e-144,-1.86927306523358e-148,-1.66189335093378e-154,-3.16091167720091e-162,-1.28993361938091e-171,-1.20925902265293e-174,-8.32525149050341e-177,-1.22617991851685e-180,-3.86357943274701e-186,-2.60437969197886e-193,-3.75575767544694e-202,-1.15869634021191e-212,-7.64751813498988e-225,-1.07981710908358e-238,-3.26181031418465e-254,-2.10788060350988e-271,-2.91415147271168e-290,-8.61900325693256e-311,0,0,0,0,0,0,0,0,0,0,0,0,0,0,0,0,0,0,0,0,0,0,0,0,0,0,0,0,0,0,0,0,0,0,0,0,0,0,0,0,0,0,0,0,0,0,0,0,0,0,0,0,0,0,0,0,0,0,0,0,0,0,0,0,0,0,0,0,0,0,0,0,0,0,0,0,0,0,0
0,0,0,0,0,0,-0,-2.9416367488692e-296,-8.43954776784815e-269,-5.17998041123017e-243,-6.80167486240073e-219,-1.9106556658676e-196,-1.148227103051e-175,-1.47622300759585e-156,-4.06027037236949e-139,-2.38911330565081e-123,-3.00744260888233e-109,-8.09909994658781e-97,-4.66611004430166e-86,-5.75111436401545e-77,-1.51644934487461e-69,-8.44150410282169e-62,-6.25121227490269e-49,-1.00048566809083e-37,-3.42559728228472e-28,-2.50923044082938e-20,-3.93209134518414e-14,-1.31821259852678e-09,-9.45423666390284e-07,-1.45130060454414e-05,-6.18970914856799e-06,-6.20109614747493e-06,-5.69812470083308e-07,-1.12627154525115e-09,-3.65306943467207e-11,-3.85891672682811e-10,-8.73362684847734e-11,-3.19489711988506e-10,-2.36629342104762e-07,-3.75633584695599e-06,-1.28232693623496e-06,-1.95839930789092e-07,-1.53782316978639e-06,-1.0782507276296e-06,-1.7757987398684e-08,-1.21711985777601e-07,-7.288658153715e-06,-1.12294129961934e-05,-2.33884501069984e-06,-7.9799193557304e-06,-3.62774402249234e-05,-6.14483371773642e-06,-4.85177449244898e-07,-1.74667247294237e-05,-3.13171954319954e-05,-1.20187990825312e-06,-1.03037493146395e-09,-4.29466099781239e-08,-9.05769351896721e-07,-4.0869094899698e-07,-3.98898390945367e-09,-5.37516000271873e-12,-1.17841714987549e-14,-1.81356017993398e-10,-4.15015501624284e-07,-2.03189088180044e-05,-2.12823532606638e-05,-4.76946831576393e-07,-3.82916276776646e-10,-2.29769834720369e-11,-8.30951357228977e-12,-5.44986476053249e-09,-7.75078959610011e-08,-2.35917851631789e-08,-1.88986834895211e-10,-5.75320490965016e-12,-2.0606392154646e-09,-1.82113700300919e-06,-3.44359002812612e-05,-1.3930257196294e-05,-1.21922055459609e-07,-2.01586983184132e-08,-6.34571570333204e-09,-4.27818092027498e-11,-5.19612403114098e-12,-1.24383276690387e-08,-6.37734599261249e-07,-6.99514585306783e-07,-1.64146816121259e-08,-9.86801839126529e-12,-1.74493953467141e-11,-4.00198045681791e-12,-1.96358884240161e-14,-2.06112797850186e-18,-1.55578360519354e-19,-4.89207710047991e-14,-3.29100941429463e-10,-4.73636596362775e-08,-1.50407442324675e-07,-2.78586479523389e-06,-3.61553841307877e-05,-1.01368651994889e-05,-6.13877914504033e-08,-1.88333356461242e-07,-1.92125532090481e-05,-4.19318783652808e-05,-1.97781951407222e-06,-3.31325248212183e-06,-1.31357809429223e-05,-7.45837504997762e-06,-2.98393048597196e-06,-7.42588298378129e-08,-8.798522709127e-10,-1.70880395872256e-08,-5.34305183109736e-06,-8.04776852102915e-05,-2.8118149822508e-05,-2.40524066706514e-07,-8.03122771031899e-07,-1.18742820623022e-06,-4.23274254131311e-08,-6.47965248901778e-09,-6.37778081212403e-10,-2.95084148805072e-10,-1.4437568901977e-07,-4.72988146004095e-06,-2.70664854373401e-05,-3.01124072898807e-05,-7.98249049504706e-07,-4.53728658470044e-10,-8.42961957019168e-14,-1.02177442849314e-13,-2.83524459030157e-15,-1.68711924384539e-18,-9.14402011942992e-22,-4.22372026047397e-24,-4.28661769617279e-28,-6.56319885512987e-29,-7.1286689518342e-29,-1.65648024585223e-30,-8.23460712645625e-34,-8.75746325205771e-39,-1.52739381342696e-43,-2.78975970368455e-42,-1.10449559903729e-42,-9.35491812993598e-45,-1.69509795916013e-48,-6.57095388655387e-54,-5.44930161381489e-61,-9.66789849076826e-70,-3.66945972891148e-80,-2.97955206227279e-92,-5.17581374254809e-106,-1.92346863518747e-121,-1.52922147072277e-138,-4.41114215215306e-154,-8.7464388080801e-152,-3.71232876125458e-151,-3.37085760159142e-152,-6.54806816324135e-155,-2.72122708654204e-159,-2.41933042615151e-165,-4.60155267528592e-173,-1.87267805816558e-182,-9.81053225206171e-187,-6.75414728449565e-189,-9.94780731417028e-193,-3.13446201161486e-198,-2.11289281103879e-205,-3.04698789385277e-214,-9.40032352022569e-225,-6.20431273499581e-237,-8.76038856410257e-251,-2.64625606820668e-266,-1.71009080872549e-283,-2.36420584753237e-302,-6.91691904177745e-323,0,0,0,0,0,0,0,0,0,0,0,0,0,0,0,0,0,0,0,0,0,0,0,0,0,0,0,0,0,0,0,0,0,0,0,0,0,0,0,0,0,0,0,0,0,0,0,0,0,0,0,0,0,0,0,0,0,0,0,0,0,0,0,0,0,0,0,0,0,0,0,0,0,0,0,0,0,0,0
0,0,0,0,0,0,-4.92899650917061e-319,-6.61010646966571e-290,-1.89643773395035e-262,-1.16398539154015e-236,-1.52839384501837e-212,-4.29340481387076e-190,-2.58016337518226e-169,-3.3171979024702e-150,-9.12377079437399e-133,-5.36853958073429e-117,-6.75797780054325e-103,-1.81993623026323e-90,-1.0485143756742e-79,-1.29232401927184e-70,-3.4075893462517e-63,-1.92222598978138e-57,-8.44292225690591e-50,-1.35089027506552e-38,-4.62535966532918e-29,-3.38804953286536e-21,-5.30924542815784e-15,-1.77989621782014e-10,-1.27657751688876e-07,-1.99154208796385e-06,-7.28435856291906e-06,-2.86853268774285e-05,-2.64971569572917e-06,-5.24237898484534e-09,-2.64106951636936e-09,-2.7932991441362e-08,-6.32287099546618e-09,-1.85617696282909e-09,-1.33922761517418e-06,-2.13117894244993e-05,-7.39642838970693e-06,-3.61144665164328e-07,-1.0607150108237e-05,-8.16429801550276e-06,-1.34615864811842e-07,-3.82478064646492e-07,-2.30289870949298e-05,-4.14675104542675e-05,-1.35728922366155e-05,-2.20381307518286e-06,-8.24400807702045e-06,-9.52535925393007e-07,-2.81846298675624e-07,-2.26958695087875e-05,-4.07136458274776e-05,-1.56248705471349e-06,-1.2846008092227e-09,-1.71940926059371e-09,-3.62627693697788e-08,-1.63617412020321e-08,-1.58086872164581e-10,-4.84313455694165e-14,-4.49330774236419e-16,-4.43099628688681e-11,-1.01405957075608e-07,-4.9648338941409e-06,-5.20025751958405e-06,-1.16526465589271e-07,-5.65006928727338e-11,-9.75933602507863e-14,-1.5018388855841e-13,-9.95868024752926e-11,-1.41627222702475e-09,-4.30922987627995e-10,-2.92203126069601e-12,-3.19577208376452e-14,-6.03569924276319e-10,-5.33478873784801e-07,-1.0087557529811e-05,-4.08074923827858e-06,-7.58616387276523e-08,-5.97281816581442e-07,-1.88223471705413e-07,-1.2689743814083e-09,-4.95608645650203e-11,-1.18318223979709e-07,-6.06638020234291e-06,-6.65405552165744e-06,-1.56143245138963e-07,-2.90553451585514e-10,-2.27456137429833e-09,-5.21668102826182e-10,-2.55958687755715e-12,-2.68673155467018e-16,-2.7183491541027e-18,-8.54605846314824e-13,-5.74912420022066e-09,-8.27401798343947e-07,-2.55463631111629e-06,-4.67641103159042e-06,-6.18752912569017e-05,-1.86150521998974e-05,-1.23481170823237e-07,-8.33137967222563e-08,-8.50256188478083e-06,-1.8591831147866e-05,-8.75726659438069e-07,-4.9793017664187e-07,-1.17357663185156e-05,-4.05727429603221e-05,-1.76816842010336e-05,-4.41536126181658e-07,-2.5935253041731e-08,-3.24226677248782e-08,-4.41408465030776e-06,-7.46974200659783e-05,-2.93908951294323e-05,-2.65931494646924e-07,-4.52881736276287e-08,-2.77728501435937e-07,-1.34660461620834e-07,-1.75842784715611e-09,-6.56456885005942e-12,-5.05174726579041e-10,-7.04201299873766e-07,-2.14942775559403e-05,-4.05362802129182e-05,-3.38559410020358e-05,-8.95163284307539e-07,-5.09059416813602e-10,-6.29710120921847e-15,-1.34265403376157e-16,-3.72558399802982e-18,-2.21214825458696e-21,-1.47012248627944e-25,-5.62484531900402e-28,-5.69418564664312e-32,-1.45338610762584e-33,-1.5784949450278e-33,-3.66792975277031e-35,-1.82338186990959e-38,-1.93915740980463e-43,-2.92529161775253e-49,-4.59713704010565e-48,-1.82005554888558e-48,-1.5415607510434e-50,-2.7932863192603e-54,-1.08280205852499e-59,-8.97969321780891e-67,-1.59313557333529e-75,-6.04676066327363e-86,-4.90988852183737e-98,-8.52902313991462e-112,-3.16960951735058e-127,-2.51994487410362e-144,-4.31057385280371e-163,-4.86959677604585e-163,-2.0668462404067e-162,-1.87673150974954e-163,-3.64564965430195e-166,-1.51504846009701e-170,-1.34696690869135e-176,-2.56192337979637e-184,-1.04245687241953e-193,-3.04394400981439e-199,-2.09562414812935e-201,-3.08652807681107e-205,-9.72536429285864e-211,-6.55571904300381e-218,-9.45395642181717e-227,-2.91665907470441e-237,-1.92502577192101e-249,-2.71810504696471e-263,-8.21059696373137e-279,-5.3059364021947e-296,-7.33547353223252e-315,0,0,0,0,0,0,0,0,0,0,0,0,0,0,0,0,0,0,0,0,0,0,0,0,0,0,0,0,0,0,0,0,0,0,0,0,0,0,0,0,0,0,0,0,0,0,0,0,0,0,0,0,0,0,0,0,0,0,0,0,0,0,0,0,0,0,0,0,0,0,0,0,0,0,0,0,0,0,0,0
0,0,0,0,0,0,-4.23590532249787e-313,-5.68064394673449e-284,-1.62977519093879e-256,-1.00031468462491e-230,-1.31348281359376e-206,-3.68969912643962e-184,-2.21736057143401e-163,-2.85075895089839e-144,-7.84085605463486e-127,-4.6136566804269e-111,-5.80772274410415e-97,-1.56403074252023e-84,-9.01080318232704e-74,-1.1106073178982e-64,-2.92844024246454e-57,-1.65192760378585e-51,-1.99397361042966e-47,-6.975931141199e-40,-2.38849542901368e-30,-1.74955925767485e-22,-2.74164808465603e-16,-9.19124263294512e-12,-6.59815629166741e-09,-1.59655615298073e-07,-1.18446512873947e-05,-5.10075164916299e-05,-4.7123758250639e-06,-9.46165664855883e-09,-7.31084282678296e-08,-7.73284999399189e-07,-1.7524192166059e-07,-7.3751800911958e-09,-2.90627126695687e-06,-4.70863072746543e-05,-1.85898323059164e-05,-1.13877046697286e-06,-3.07886003922641e-05,-2.37052911372259e-05,-3.90631461561578e-07,-4.6045511767787e-07,-2.80425955003652e-05,-6.47198840805894e-05,-3.14388542406528e-05,-8.48479992443019e-07,-7.52398197077265e-07,-7.32984744258073e-08,-1.34879399951206e-07,-1.12841962128893e-05,-2.02426870903607e-05,-7.76863795154265e-07,-6.45355085396084e-10,-2.8715241316079e-11,-5.55302367121068e-10,-2.50520753224567e-10,-2.41838144132788e-12,-5.20341287118051e-16,-3.8755852373578e-17,-4.14072131453351e-12,-9.47629383882453e-09,-4.63959262562708e-07,-4.85959402759828e-07,-1.08892746152659e-08,-5.22110098156038e-12,-2.11319315235293e-16,-1.04752008875721e-15,-6.9597101445784e-13,-9.8976929929456e-12,-3.01134507855375e-12,-1.97487413786382e-14,-1.6628960123944e-15,-6.76623024956774e-11,-5.97859810886618e-08,-1.13035993241312e-06,-4.57899062535333e-07,-4.63913532457024e-07,-6.77543936322053e-06,-2.13519064250826e-06,-1.43962264583727e-08,-1.85656763930019e-10,-4.30438680710358e-07,-2.20693211180462e-05,-2.42072674557885e-05,-5.68064315518353e-07,-1.08623118403494e-08,-1.13393074896881e-07,-2.60065836073745e-08,-1.27602415733153e-10,-1.33940926015877e-14,-1.81873709721029e-17,-5.7096321351544e-12,-3.84099692544541e-08,-5.52788008694585e-06,-1.70254440104078e-05,-5.20242937621916e-06,-6.45196793173068e-05,-2.26479932458146e-05,-1.75944865643002e-07,-1.46294895042503e-08,-1.60765835724001e-06,-4.34574295454589e-06,-3.29881651080687e-07,-4.12910079577161e-07,-3.12160767407757e-05,-9.95063742464928e-05,-4.02105216515797e-05,-1.015344673325e-06,-6.44756612692694e-07,-6.61190186436213e-07,-1.66186917943934e-06,-3.1263527159726e-05,-1.35134057028297e-05,-1.3067586762733e-07,-1.17770475329394e-07,-3.26410524624902e-06,-1.94564748440322e-06,-2.48177824842384e-08,-6.8091719723504e-12,-9.41892639024961e-10,-1.31505705215343e-06,-3.94754698869545e-05,-3.67253827932846e-05,-1.47945334531003e-05,-3.84276381524822e-07,-2.18488362751905e-10,-2.65834420752941e-15,-6.81653059690488e-20,-1.87226767858412e-21,-1.11145759917098e-24,-2.01717782761805e-29,-2.8651190292587e-32,-2.89887453832724e-36,-1.23131736318104e-38,-1.33674216124072e-38,-3.10617171144766e-40,-1.54412367881417e-43,-1.64216773169496e-48,-5.30173697603635e-55,-2.89719552628065e-54,-1.14703058550302e-54,-9.71518331921504e-57,-1.76037750288475e-60,-6.82400644273894e-66,-5.65915846665646e-73,-1.00402167977089e-81,-3.81077348339067e-92,-3.09429693473141e-104,-5.37513836428525e-118,-1.99754291165926e-133,-1.58811298157813e-150,-2.7011300271513e-169,-1.03687031843356e-174,-4.400880849079e-174,-3.99607459841533e-175,-7.76258505950158e-178,-3.22595247924954e-182,-2.86806089244265e-188,-5.45503546346746e-196,-2.21965673541903e-205,-3.61219482482986e-212,-2.48671471191246e-214,-3.66254358358479e-218,-1.15403358409218e-223,-7.77916355180029e-231,-1.12182771614354e-239,-3.46097320799356e-250,-2.28427884461983e-262,-3.22536453630989e-276,-9.74287888480332e-292,-6.2961433821931e-309,-0,0,0,0,0,0,0,0,0,0,0,0,0,0,0,0,0,0,0,0,0,0,0,0,0,0,0,0,0,0,0,0,0,0,0,0,0,0,0,0,0,0,0,0,0,0,0,0,0,0,0,0,0,0,0,0,0,0,0,0,0,0,0,0,0,0,0,0,0,0,0,0,0,0,0,0,0,0,0,0,0
0,0,0,0,0,0,-1.39221100110725e-307,-1.86705188003645e-278,-5.35656672519942e-251,-3.28772482498272e-225,-4.31701155627805e-201,-1.21268992659658e-178,-7.28777804494059e-158,-9.36956251564404e-139,-2.57704675300308e-121,-1.51636618309514e-105,-1.90881874832891e-91,-5.1404850676043e-79,-2.96157217032944e-68,-3.65022258093763e-59,-9.62487688285729e-52,-5.42937485125043e-46,-6.55214167584441e-42,-1.70536845645354e-39,-4.7170785495585e-32,-3.45523240773708e-24,-5.4145248626828e-18,-1.81528598208442e-13,-1.34403429563825e-10,-4.17956973890526e-08,-8.03432090246129e-06,-3.46930675600372e-05,-3.20516487975843e-06,-7.90038799942497e-09,-7.74028280757271e-07,-8.18721144794126e-06,-1.86548710020811e-06,-1.39095147253125e-07,-2.49105556872645e-06,-4.50706772890021e-05,-3.13715585032037e-05,-2.09318507960636e-06,-3.41902787110082e-05,-2.63235991811421e-05,-4.33779546271367e-07,-2.24683345355216e-07,-1.43252343861416e-05,-4.55546182691002e-05,-2.83646278209826e-05,-6.22427057044151e-07,-2.87533906534893e-08,-2.46170264197658e-09,-2.55949349084211e-08,-2.14569711917969e-06,-3.84916076603318e-06,-1.4779914567383e-07,-1.24851618957301e-09,-3.6703518612397e-10,-2.2894082603402e-11,-1.80695827440553e-12,-1.43026522669012e-14,-2.93604737003903e-18,-1.38340254096344e-18,-1.47986070609561e-13,-3.38675173512449e-10,-1.65815335430816e-08,-1.7367800992605e-08,-3.89173968694795e-10,-1.86561924724683e-13,-2.01179461658828e-18,-2.7985999098882e-18,-1.86016177894415e-15,-2.6454115607333e-14,-8.04850883135167e-15,-5.24593921904587e-17,-5.16945774797989e-16,-7.47343049530343e-12,-4.24149230952612e-09,-6.69989056634355e-08,-2.74218713000851e-08,-1.99568844324814e-06,-2.9394765186069e-05,-9.26337591556804e-06,-6.26410862294991e-08,-9.27520065769926e-10,-5.98930932317502e-07,-3.07056309174226e-05,-3.36802122015661e-05,-7.90735984721416e-07,-2.02060242633645e-07,-2.16194800521733e-06,-4.95840535335612e-07,-2.43286281206519e-09,-2.55371260817683e-13,-4.69675971272627e-17,-1.45888177454949e-11,-9.81422318982094e-08,-1.41244183674456e-05,-4.34907725392265e-05,-5.59669507136416e-06,-4.92055873225755e-05,-1.92573652147499e-05,-1.63128044115116e-07,-5.66443483603918e-09,-1.65571748968691e-06,-1.12637189562504e-05,-1.68444657023808e-06,-5.5821747661619e-07,-3.87529840935847e-05,-9.93447058830606e-05,-3.51475291178047e-05,-1.00667867683496e-06,-6.18409098771858e-06,-6.3275901289852e-06,-4.13630289479366e-07,-5.67313087185809e-06,-2.59685836439132e-06,-2.65260998352428e-08,-6.55439987478322e-07,-1.82671193181157e-05,-1.08916183965764e-05,-1.38929258646085e-07,-3.79220917275319e-11,-6.72821678078361e-10,-9.39345223633705e-07,-2.80883847710953e-05,-1.9835502821488e-05,-2.61720393520377e-06,-6.31327104844883e-08,-3.5864392645547e-11,-4.36348807430539e-16,-1.26544510801999e-22,-3.59842113628682e-25,-2.13612452535514e-28,-2.83078369807993e-33,-5.58736890594693e-37,-5.64610198435719e-41,-3.99808856341316e-44,-4.32934104486442e-44,-1.00600378077547e-45,-5.00099287218095e-49,-5.31853065461779e-54,-1.24779005633033e-60,-6.98293286813027e-61,-2.76461752100401e-61,-2.34159109299502e-63,-4.24293000515074e-67,-1.64474844990874e-72,-1.36399228135619e-79,-2.41993192025055e-88,-9.18487377225392e-99,-7.45799425844976e-111,-1.29553665678472e-124,-4.81455525452139e-140,-3.82773138719701e-157,-6.51036803156659e-176,-8.44355984823841e-187,-3.58377515134921e-186,-3.25412873919012e-187,-6.3213162092993e-190,-2.62699417026646e-194,-2.33555183868339e-200,-4.44220627963508e-208,-1.80753515658389e-217,-1.64076688793031e-225,-1.12851733700613e-227,-1.66213032472767e-231,-5.23721881282358e-237,-3.53032894909825e-244,-5.09106260053599e-253,-1.57065394330288e-263,-1.03664817936728e-275,-1.46373035071274e-289,-4.42149945113563e-305,-2.86558074587923e-322,0,0,0,0,0,0,0,0,0,0,0,0,0,0,0,0,0,0,0,0,0,0,0,0,0,0,0,0,0,0,0,0,0,0,0,0,0,0,0,0,0,0,0,0,0,0,0,0,0,0,0,0,0,0,0,0,0,0,0,0,0,0,0,0,0,0,0,0,0,0,0,0,0,0,0,0,0,0,0,0,0
0,0,0,0,0,0,-1.74998199325375e-302,-2.34684768898927e-273,-6.73309958569928e-246,-4.13260578886171e-220,-5.42639907467022e-196,-1.52432751447611e-173,-9.16059443527762e-153,-1.17773567900268e-133,-3.23929735502823e-116,-1.90604262822559e-100,-2.39934782536822e-86,-6.4614891692007e-74,-3.72263828232597e-63,-4.58825837673164e-54,-1.20982819550245e-46,-6.82461797583503e-41,-8.23591391010692e-37,-2.12629765193713e-34,-1.53067743804578e-33,-2.60973000390788e-26,-4.08959128162273e-20,-1.37349716003768e-15,-2.08045529221621e-12,-1.03675521074562e-08,-2.0897527851237e-06,-9.02449271240923e-06,-8.33740045476355e-07,-7.98687447297671e-09,-3.13416012346743e-06,-3.3156848401663e-05,-7.76009663298488e-06,-2.38761455803686e-06,-1.61310254750619e-06,-3.04832758912384e-05,-4.80579340398901e-05,-2.91305774812153e-06,-1.45226640219299e-05,-1.1179909608294e-05,-1.94092364540857e-07,-1.52143165691569e-07,-1.10492830548727e-05,-2.87923644606345e-05,-1.05189258330235e-05,-4.35189088580469e-07,-7.32908174596965e-08,-5.53637755466238e-10,-1.86102251776637e-09,-1.56040019036944e-07,-2.79926442038058e-07,-1.52256078286896e-08,-6.47663818157555e-08,-2.22382801865968e-08,-2.19954738527157e-09,-4.0510555195204e-11,-1.69941560146264e-14,-1.58577361542512e-19,-1.89083272207034e-20,-2.02271821471543e-15,-4.62911434610245e-12,-2.26641398043612e-10,-2.37388338521566e-10,-5.31934709668974e-12,-2.5499761156352e-15,-2.61748804343561e-20,-2.86041956570434e-21,-1.90142872959716e-18,-2.70409870991835e-17,-8.22704710809466e-18,-1.30193211766734e-19,-2.44606255924026e-14,-2.08300090416701e-10,-6.08766543190668e-08,-5.9922933677379e-07,-1.58814493275903e-07,-3.31183913469985e-06,-4.87721922188462e-05,-1.5369990197347e-05,-1.15766615782052e-07,-4.31254576478821e-08,-3.2192179874289e-07,-1.63386781095324e-05,-1.79214677226975e-05,-4.23476186308519e-07,-1.47067951247469e-06,-1.57642629330395e-05,-3.61551737937637e-06,-1.77396907913277e-08,-1.86208905055486e-12,-4.9517676674471e-17,-1.42561340916531e-11,-9.59041947334303e-08,-1.38023248285156e-05,-4.24969765237374e-05,-3.85511908567755e-06,-1.98601070431681e-05,-8.01527349953445e-06,-6.93858953128888e-08,-1.65469712164433e-08,-5.46487691660737e-06,-3.86671469017764e-05,-5.85434292801032e-06,-3.22383539349596e-07,-1.96520134791557e-05,-4.08725024218006e-05,-1.19144236550565e-05,-1.0318441615703e-06,-2.27197990797529e-05,-2.32274772729632e-05,-5.31068103078998e-07,-4.43097816501096e-07,-2.02543610788629e-07,-3.12424294856809e-09,-1.40323741462389e-06,-3.91088193122344e-05,-2.33183171312215e-05,-2.97439411195086e-07,-8.11696549938955e-11,-1.83810367042126e-10,-2.56619715255725e-07,-7.66662633807851e-06,-5.01723299492151e-06,-2.15862327899139e-07,-3.97836256821078e-09,-2.25155426407067e-12,-2.73926926931348e-17,-7.13094368596748e-24,-2.64896138970514e-29,-1.57014073438632e-32,-2.00281797530703e-37,-4.21092007445584e-42,-4.20594147165465e-46,-5.02808359139686e-50,-5.36247961109612e-50,-1.24607294820471e-51,-6.19441204026655e-55,-6.58772591068963e-60,-1.50229912960722e-66,-6.43676527269864e-68,-2.54838368358558e-68,-2.15844415716895e-70,-3.91107034284984e-74,-1.51610487942937e-79,-1.25730798128005e-86,-2.23065757707959e-95,-8.46648126881024e-106,-6.8746691851993e-118,-1.194206595507e-131,-4.43798607262236e-147,-3.52834637636919e-164,-6.00116129617639e-183,-2.62985917495567e-199,-1.11612182212645e-198,-1.01345758158169e-199,-1.96869464958046e-202,-8.18144385796501e-207,-7.27378326980334e-213,-1.38346943033557e-220,-5.62934138901321e-230,-2.89400260247862e-239,-1.95866520878368e-241,-2.8848088839678e-245,-9.08976578656302e-251,-6.12727182951622e-258,-8.83609570222406e-267,-2.72604162373464e-277,-1.79921624249156e-289,-2.54046403982266e-303,-7.67397583089999e-319,0,0,0,0,0,0,0,0,0,0,0,0,0,0,0,0,0,0,0,0,0,0,0,0,0,0,0,0,0,0,0,0,0,0,0,0,0,0,0,0,0,0,0,0,0,0,0,0,0,0,0,0,0,0,0,0,0,0,0,0,0,0,0,0,0,0,0,0,0,0,0,0,0,0,0,0,0,0,0,0,0,0
0,0,0,0,0,0,-8.41263024107271e-298,-1.12819228516027e-268,-3.23678057312414e-241,-1.98665383803004e-215,-2.60861478184838e-191,-7.32784896931308e-169,-4.40374209960507e-148,-5.66168956444321e-129,-1.55721664530222e-111,-9.16285534182646e-96,-1.15343050113425e-81,-3.10621020083269e-69,-1.78957152194713e-58,-2.20569819133862e-49,-5.81596685178641e-42,-3.28077590447273e-36,-3.95922350573546e-32,-1.02216799878018e-29,-5.64564229250555e-29,-8.20556591487148e-29,-1.18143753554938e-22,-4.20777789670446e-18,-1.11989979802693e-13,-1.02994020174068e-09,-2.07894867794956e-07,-8.97785634083641e-07,-8.29435458559745e-08,-9.98042521750319e-09,-4.85415227058051e-06,-5.15000809156993e-05,-1.40139035743116e-05,-1.6748096130318e-05,-5.40374792176761e-06,-3.17047483022196e-05,-4.30292032583511e-05,-2.32139874745825e-06,-2.36115827044373e-06,-1.84474239893609e-06,-3.9162663691507e-07,-6.78726310529919e-07,-2.84784885364972e-05,-4.82885262858178e-05,-3.64657284408962e-06,-3.54270942129049e-06,-1.13025702674307e-06,-8.07209233174974e-09,-5.29905158890588e-11,-4.33984018919482e-09,-7.93114723269123e-09,-9.87527931041361e-08,-1.42342311558881e-06,-5.41756363943399e-07,-9.71581577404802e-08,-1.84627897068799e-09,-7.73313688426377e-13,-6.93087683960979e-18,-1.0016974479168e-22,-1.05735210480879e-17,-2.41981496069884e-14,-1.18474119387803e-12,-1.24091955847655e-12,-2.78062599522556e-14,-1.33296988073741e-17,-1.36704828574869e-22,-1.11822704773884e-24,-7.43325613965871e-22,-1.05711340948838e-20,-3.21632410131907e-21,-1.73780563668338e-18,-5.33644973112786e-13,-3.99758268367174e-09,-9.24564229582858e-07,-7.64981555914405e-06,-1.85089493100837e-06,-2.11155251418457e-06,-3.09488332157331e-05,-9.7549234364299e-06,-3.64313861169768e-07,-1.05653511382965e-06,-1.44830269030967e-07,-3.3250803939244e-06,-3.64705294501579e-06,-9.37640933171874e-08,-4.10070353480717e-06,-4.39614286546755e-05,-1.0082508140058e-05,-4.94702577910233e-08,-5.19276386743405e-12,-2.86041190549189e-17,-5.32786419867531e-12,-3.58417311690481e-08,-5.15826462834539e-06,-1.58819005561276e-05,-1.22123762106663e-06,-3.3244571039324e-06,-1.34963774757548e-06,-1.17335885829228e-08,-2.20749386094887e-08,-7.30235501514942e-06,-5.16832880303305e-05,-7.82560760184588e-06,-9.00957635107751e-08,-3.98831211986123e-06,-6.97545795541523e-06,-2.58344825252986e-06,-4.66005321624877e-06,-3.21898526551031e-05,-3.26110883576547e-05,-8.05402805849391e-07,-5.87386959739643e-07,-8.36795265520791e-08,-1.16845519872504e-09,-1.14896162054602e-06,-3.20220552668284e-05,-1.90928914077652e-05,-2.43541519162822e-07,-6.6459191040078e-11,-1.92050943699635e-11,-2.68119146493161e-08,-8.00853482929958e-07,-5.14563412285461e-07,-1.0569868223346e-08,-9.70911571070234e-11,-5.40669712138467e-14,-6.57666985013633e-19,-1.71182542131255e-25,-1.69676337876774e-33,-4.41388775540799e-37,-5.60800218747303e-42,-1.33654213213553e-47,-1.19826871827594e-51,-2.59811167239703e-56,-2.54026610042566e-56,-5.90278581190925e-58,-2.93436171269797e-61,-3.1206788570741e-66,-7.10130740903713e-73,-2.26917372501424e-75,-8.98388693636843e-76,-7.6092224225774e-78,-1.37878036131943e-81,-5.34476613871025e-87,-4.43242233136578e-94,-7.86379837357896e-103,-2.98471187670025e-113,-2.42354599437187e-125,-4.2099692843759e-139,-1.56453540957853e-154,-1.24385763108653e-171,-2.1156058610412e-190,-8.01120654697483e-211,-1.32938920265868e-211,-1.20710798731661e-212,-2.34487074672349e-215,-9.74474552089231e-220,-8.66365010490751e-226,-1.64782130985697e-233,-6.70498999408315e-243,-2.47210965288707e-253,-1.30011534749508e-255,-1.91486747596654e-259,-6.03357018399812e-265,-4.06713720550102e-272,-5.86519001960529e-281,-1.80948154743625e-291,-1.19427691869805e-303,-1.68629940834593e-317,0,0,0,0,0,0,0,0,0,0,0,0,0,0,0,0,0,0,0,0,0,0,0,0,0,0,0,0,0,0,0,0,0,0,0,0,0,0,0,0,0,0,0,0,0,0,0,0,0,0,0,0,0,0,0,0,0,0,0,0,0,0,0,0,0,0,0,0,0,0,0,0,0,0,0,0,0,0,0,0,0,0,0
0,0,0,0,0,-0,-1.54667734379044e-293,-2.07420199972328e-264,-5.95087985066819e-237,-3.65249915090022e-211,-4.79598563843156e-187,-1.34723833744892e-164,-8.09635980445374e-144,-1.04091190578507e-124,-2.86297107520963e-107,-1.68460759067265e-91,-2.12060291801654e-77,-5.71082385057551e-65,-3.29015973455595e-54,-4.05521617142699e-45,-1.06927606516889e-37,-6.0317660661323e-32,-7.27910429894673e-28,-1.87927442423699e-25,-1.03796156678275e-24,-1.22645451393061e-25,-1.31270890815927e-25,-1.37907126170087e-20,-4.15594620999021e-15,-3.9184447180933e-11,-7.90975981687342e-09,-3.41579822613019e-08,-3.15598222815606e-09,-5.82070384225301e-09,-2.88217629920696e-06,-3.21282982286356e-05,-1.94226445036063e-05,-4.58272008569996e-05,-1.43195009903306e-05,-4.91419213822756e-05,-2.27391097991831e-05,-8.1822071045178e-07,-1.51017992084797e-07,-6.77796274582253e-07,-5.25935852325176e-06,-3.96533176616395e-06,-4.80986951302059e-05,-6.28733576203378e-05,-7.04964420311232e-06,-2.19801729888653e-05,-6.71640770323375e-06,-4.78728021076891e-08,-7.87409339403366e-12,-4.62004251351789e-11,-1.3084648770185e-09,-8.2693854996904e-07,-1.19772096869882e-05,-5.4807947039965e-06,-1.66782128212345e-06,-3.21873399460055e-08,-1.3483201591437e-11,-1.20844122802872e-16,-2.46531867957557e-23,-2.11392602913615e-20,-4.83766853757195e-17,-2.36852209389906e-15,-2.48083328763341e-15,-5.55899814963226e-17,-2.66485931794875e-20,-2.73294556273638e-25,-1.67240167354335e-28,-1.11134230906477e-25,-1.58048482990007e-24,-1.57830148320154e-24,-1.51592411357435e-17,-4.55923167201857e-12,-3.15650993966417e-08,-5.98983873456875e-06,-3.97235140323846e-05,-8.65165605081038e-06,-5.5790877109483e-07,-7.51080378830423e-06,-2.38389828306651e-06,-2.82286787459938e-06,-9.93267220550622e-06,-7.56985212973461e-07,-2.59993441057229e-07,-2.83844718248583e-07,-1.53879891737231e-08,-4.37342803416286e-06,-4.68856161403604e-05,-1.07531675120195e-05,-5.27608767084616e-08,-5.53817154830967e-12,-1.48582236983045e-17,-7.61507567899565e-13,-5.12283130989308e-09,-7.37266830241367e-07,-2.26997248192414e-06,-1.60884570431628e-07,-2.16242279538662e-07,-8.7840542557757e-08,-7.64893356522708e-10,-1.12847392214089e-08,-3.73332081083542e-06,-2.64230770608585e-05,-4.00083368169735e-06,-1.82926657923151e-08,-3.18777529061678e-07,-5.22402396806445e-07,-5.93059621055041e-06,-2.27037730324351e-05,-1.89356505727229e-05,-1.75164172069931e-05,-1.45423268148918e-06,-6.76704863500347e-06,-9.14790909646647e-07,-2.9222142427185e-09,-3.5979068018049e-07,-1.00275169072025e-05,-5.97882583748977e-06,-7.62635839786962e-08,-2.08112215738364e-11,-7.67511557862467e-13,-1.07136166543323e-09,-3.19993296612737e-08,-2.04725993474539e-08,-3.12320177658844e-10,-9.54449312233006e-13,-4.96840042683118e-16,-6.03879070864586e-21,-1.57180835061643e-27,-8.76050819163789e-36,-4.74645065049962e-42,-6.02679306114758e-47,-2.92766899139707e-53,-1.30569332217981e-57,-7.06320961517411e-63,-4.60216814528851e-63,-1.06940025627207e-64,-5.31614608346956e-68,-5.65369450262714e-73,-1.28632929055599e-79,-3.05946251353587e-83,-1.21124902813268e-83,-1.02591042490545e-85,-1.85893520753904e-89,-7.20605995707908e-95,-5.97599600169344e-102,-1.06023352752469e-110,-4.0241260664958e-121,-3.26753636940172e-133,-5.6760745546851e-147,-2.10937872187552e-162,-1.67702616635774e-179,-2.85235729395085e-198,-1.0378793718417e-218,-6.05567273812589e-225,-5.49865375478304e-226,-1.06814240908266e-228,-4.43895509853881e-233,-3.94649133963367e-239,-7.5062040247113e-247,-3.05427673340655e-256,-3.13813288587553e-267,-3.30045080037899e-270,-4.86105014063155e-274,-1.53167190730158e-279,-1.03247656210721e-286,-1.48892720396966e-295,-4.59351920748214e-306,-3.03176960717085e-318,0,0,0,0,0,0,0,0,0,0,0,0,0,0,0,0,0,0,0,0,0,0,0,0,0,0,0,0,0,0,0,0,0,0,0,0,0,0,0,0,0,0,0,0,0,0,0,0,0,0,0,0,0,0,0,0,0,0,0,0,0,0,0,0,0,0,0,0,0,0,0,0,0,0,0,0,0,0,0,0,0,0,0,0
0,0,0,0,0,-1.73466448254862e-320,-1.08752024159905e-289,-1.45844035856642e-260,-4.18426139033327e-233,-2.56819353756907e-207,-3.37221688877278e-183,-9.47288048225513e-161,-5.69281964720163e-140,-7.3189975388688e-121,-2.01305010893386e-103,-1.18450358205805e-87,-1.4910663862736e-73,-4.01547003881671e-61,-2.31342065220569e-50,-2.85135725831373e-41,-7.51843536984017e-34,-4.24113517654096e-28,-5.11818014118862e-24,-1.32138030215684e-21,-7.29825272484853e-21,-8.62360342292233e-22,-2.17996625837824e-24,-1.38854302377628e-22,-6.04283423859804e-17,-5.70167508516176e-13,-1.15093965685397e-10,-4.97028700907583e-10,-4.59756840406585e-11,-1.32011530111225e-09,-6.82927581976966e-07,-1.39270141498378e-05,-3.93510089502024e-05,-4.992056295625e-05,-1.50233057753648e-05,-4.85226051861835e-05,-1.17998109984807e-05,-1.70493296939079e-07,-5.02712688868111e-08,-4.41410688180721e-06,-3.08921275806329e-05,-1.61402872534812e-05,-4.63498951885066e-05,-5.57022632145469e-05,-2.41102628292961e-05,-5.61283465485504e-05,-1.53079935952772e-05,-1.08596518581693e-07,-1.66125295623705e-11,-3.12678668556375e-13,-3.93738513373248e-09,-2.65635155075849e-06,-3.86181705856118e-05,-2.38103484526981e-05,-1.10371989734557e-05,-2.14619132443263e-07,-8.99083985736792e-11,-8.05810833339786e-16,-8.75748236413814e-21,-5.29567849473619e-21,-3.70572209672601e-20,-1.8109276425648e-18,-1.89679865788289e-18,-4.25030584761863e-20,-2.03750151323764e-23,-2.08955837641969e-28,-9.60507204236481e-33,-6.35457194116425e-30,-9.03766645652264e-29,-3.6816000804917e-24,-5.07272325831303e-17,-1.50901532250451e-11,-9.98903098184312e-08,-1.64441780448019e-05,-8.60840675747341e-05,-1.59955516296918e-05,-1.31539418759464e-07,-6.97121849950118e-07,-2.80698073820079e-07,-1.0093899624818e-05,-3.5713516317884e-05,-2.70378966954015e-06,-1.20811772697026e-08,-8.44896773705042e-09,-3.75800902584488e-09,-1.78385359839388e-06,-1.91239306306785e-05,-4.38605368743464e-06,-2.15203601711559e-08,-2.25893604967627e-12,-5.20505186127124e-18,-4.16260309672114e-14,-2.80027597535904e-10,-4.03009677030913e-08,-1.24082358309369e-07,-8.45635182950148e-09,-5.39809560910217e-09,-2.19068018315599e-09,-1.92029855032818e-11,-2.20642960917564e-09,-7.29959317331717e-07,-5.16638471471121e-06,-7.82264590989973e-07,-2.70283324620621e-09,-9.92831487744508e-09,-8.47581835962858e-08,-1.26382241717003e-05,-4.83269064078047e-05,-7.45547651679037e-06,-3.61879970199475e-06,-4.90311284829832e-06,-3.04841999383945e-05,-4.1208273555338e-06,-1.19502531059345e-08,-4.30894593716814e-08,-1.2009012730591e-06,-7.16027669270471e-07,-9.13337129576022e-09,-2.49236280463202e-12,-1.17417514092924e-14,-1.63724719374799e-11,-4.89006160390854e-10,-3.12549870384275e-10,-4.38645102702706e-12,-4.3137161048488e-15,-1.75074153757886e-18,-2.1206857787411e-23,-5.51962561829315e-30,-3.07357024382342e-38,-2.31731883777685e-47,-2.47793964609284e-52,-7.26994217136484e-59,-5.44440104946679e-64,-1.47124764037351e-69,-3.1887135350939e-70,-7.40957409140722e-72,-3.68340834548953e-75,-3.91728616686804e-80,-8.91250843761656e-87,-1.57795467789848e-91,-6.24557327063094e-92,-5.28991031491568e-94,-9.58524281496311e-98,-3.71566658954341e-103,-3.08140770615198e-110,-5.46689080968188e-119,-2.07496341502126e-129,-1.68484245068992e-141,-2.92675896512356e-155,-1.08766067563264e-170,-8.64726373807677e-188,-1.47076332443802e-206,-5.35162515822474e-227,-1.05497543887807e-238,-9.57935626448225e-240,-1.86084033185459e-242,-7.73322602718071e-247,-6.87529133911368e-253,-1.30767649234224e-260,-5.32093968165124e-270,-4.67840042707921e-281,-3.20430866649977e-285,-4.71944773499824e-289,-1.48705429990413e-294,-1.00240051665938e-301,-1.44555474991232e-310,-4.46141278194646e-321,0,0,0,0,0,0,0,0,0,0,0,0,0,0,0,0,0,0,0,0,0,0,0,0,0,0,0,0,0,0,0,0,0,0,0,0,0,0,0,0,0,0,0,0,0,0,0,0,0,0,0,0,0,0,0,0,0,0,0,0,0,0,0,0,0,0,0,0,0,0,0,0,0,0,0,0,0,0,0,0,0,0,0,0,0
0,0,0,0,0,-4.66522029557807e-317,-2.92445320410554e-286,-3.92189535096341e-257,-1.1251907009824e-229,-6.90613519860865e-204,-9.06823625720223e-180,-2.54735448764658e-157,-1.53085745173576e-136,-1.96815332576362e-117,-5.41329771705232e-100,-3.18525132987924e-84,-4.00963007774475e-70,-1.07980097949628e-57,-6.22102484165163e-47,-7.66759141684028e-38,-2.02178419914829e-30,-1.14048464402305e-24,-1.37633100889043e-20,-3.55332683537222e-18,-1.96257483301388e-17,-2.31897519663794e-18,-5.86198617941674e-21,-1.07973406380446e-24,-3.3627175548539e-19,-3.17293672320085e-15,-6.40488764296229e-13,-2.76592523112464e-12,-2.66065551685692e-13,-1.35749515817149e-10,-1.10155689003907e-07,-1.20697757212873e-05,-5.5525137438006e-05,-2.38032296367554e-05,-6.06425457236283e-06,-2.08315245745821e-05,-5.73710452275035e-06,-6.52194231621504e-07,-5.90752382762565e-07,-1.36173051624264e-05,-7.42469981408689e-05,-3.019111050925e-05,-3.04485740031748e-05,-5.61873728019911e-05,-4.57599163111046e-05,-6.18559932428632e-05,-1.34352184969297e-05,-9.42368798056729e-08,-1.44080176431591e-11,-1.53705313977667e-13,-4.83662917084752e-09,-3.2634877216906e-06,-4.78118851352909e-05,-4.50747771196452e-05,-2.80438905442227e-05,-5.47310719891092e-07,-2.29285868414938e-10,-2.05575948629114e-15,-2.20279907971862e-17,-1.35180026344069e-17,-1.77485635426634e-19,-5.79381814834185e-22,-5.54644643857663e-22,-1.24283517932157e-23,-5.95787373744611e-27,-6.11009357137491e-32,-2.22446191194421e-37,-1.3896148807696e-34,-9.32971040130031e-33,-4.72502732993428e-24,-6.50209480639245e-17,-1.92321796055656e-11,-1.24243962664953e-07,-1.86973477825167e-05,-7.93634753444099e-05,-1.19367677252017e-05,-5.90280891265064e-08,-2.47622104722587e-08,-9.1700053347765e-08,-1.38782050337964e-05,-4.91098954920188e-05,-3.71779444173773e-06,-6.10884137593457e-09,-9.64080801228781e-11,-5.57556303693914e-10,-2.78270020830493e-07,-2.9832138999482e-06,-6.84197018853676e-07,-3.35704196142075e-09,-3.52379934472162e-13,-7.94073233845255e-19,-8.70212834680164e-16,-5.8541158926039e-12,-8.42511729449434e-10,-2.59399965285404e-09,-1.73563832362204e-10,-5.16334674839635e-11,-2.09017847534713e-11,-1.92532440442314e-13,-1.64991862018554e-10,-5.4584798649766e-08,-3.86331214264703e-07,-5.84960713894805e-08,-1.91535227273859e-10,-1.26317192568886e-10,-5.86301415860614e-08,-1.04366777946492e-05,-3.98586266389289e-05,-3.53157852751889e-06,-3.16209603348272e-07,-8.31823903050771e-06,-5.25218287657166e-05,-7.09986245691469e-06,-2.05338745888448e-08,-1.97481614143119e-09,-5.50035739797831e-08,-3.27954360284701e-08,-4.18325864920206e-10,-1.14154973732983e-13,-6.9206141780801e-17,-9.56890293254938e-14,-2.85799289071984e-12,-1.82628238254306e-12,-2.51177002448557e-14,-1.1415987307498e-17,-2.38644153680959e-21,-2.84857501250081e-26,-7.41293107546538e-33,-4.12783413830814e-41,-4.94806854779243e-51,-3.89667946445321e-58,-1.06721890612173e-64,-8.73186799368037e-71,-1.95461636738495e-76,-8.44964651714681e-78,-1.96343219716661e-79,-9.76051045799414e-83,-1.03802535620277e-87,-2.36168642310528e-94,-3.12237820499495e-100,-1.23163174988838e-100,-1.04317429571171e-102,-1.8902170977325e-106,-7.32732248166339e-112,-6.07655918967496e-119,-1.07807498248927e-127,-4.09184347225918e-138,-3.32252199423462e-150,-5.77159070835675e-164,-2.14487503895345e-179,-1.7052469177723e-196,-2.90035634593503e-215,-1.05534450926327e-235,-7.02905721995791e-253,-6.38242881069835e-254,-1.23982036143429e-256,-5.15240933031344e-261,-4.58079398167948e-267,-8.71264403302698e-275,-3.54517754497378e-284,-3.08779138446856e-295,-1.18977584206088e-300,-1.75235447994047e-304,-5.5215067750994e-310,-3.72196301024476e-317,-0,0,0,0,0,0,0,0,0,0,0,0,0,0,0,0,0,0,0,0,0,0,0,0,0,0,0,0,0,0,0,0,0,0,0,0,0,0,0,0,0,0,0,0,0,0,0,0,0,0,0,0,0,0,0,0,0,0,0,0,0,0,0,0,0,0,0,0,0,0,0,0,0,0,0,0,0,0,0,0,0,0,0,0,0,0,0
0,0,0,0,0,-4.79787787849161e-314,-3.00761128559089e-283,-4.03341612781015e-254,-1.15718598128564e-226,-7.10251411579895e-201,-9.32609544556187e-177,-2.61978960534955e-154,-1.57438804013266e-133,-2.0241186099439e-114,-5.5672271600084e-97,-3.27582531795669e-81,-4.12364562918646e-67,-1.11050558359627e-54,-6.39792235192072e-44,-7.88562266826984e-35,-2.07927450022155e-27,-1.1729148141579e-21,-1.4154675715913e-17,-3.65436720835729e-15,-2.01838149035955e-14,-2.38491625122344e-15,-6.02867427124597e-18,-3.2602542996465e-22,-7.15680220601445e-22,-6.7528961992122e-18,-1.36313911233023e-15,-5.88878443792494e-15,-2.89565772090737e-13,-8.61469752803545e-10,-1.09633542805548e-07,-1.06550584707628e-05,-4.53580899323367e-05,-6.98391552778017e-06,-1.03121002156218e-06,-1.02135796683196e-05,-1.22960917350006e-05,-6.31410135094283e-06,-5.23989359742017e-06,-1.64971421656238e-05,-7.3332787076349e-05,-2.29718866811486e-05,-1.79103109472822e-05,-4.88952113253261e-05,-3.61700219957121e-05,-3.10790011920143e-05,-4.58280998384269e-06,-3.12936978382199e-08,-4.7798038491062e-12,-7.20718997259087e-14,-2.27239927193091e-09,-1.5334675523415e-06,-2.28241977691309e-05,-3.66109620669548e-05,-2.73031855030107e-05,-5.33795837975596e-07,-2.23626909386671e-10,-2.75622230717956e-15,-2.15702515525758e-14,-1.32373365558786e-14,-1.73790017933082e-16,-4.88121998411495e-20,-3.55324948988272e-25,-1.38991542874954e-27,-6.6627628043356e-31,-6.83299209726965e-36,-3.24742472486005e-42,-1.16229733897092e-39,-3.61059029417236e-33,-2.31965427662853e-24,-3.18995738502827e-17,-9.40761403539444e-12,-5.99968465079194e-08,-8.57191006670175e-06,-3.11138414612289e-05,-3.69320093147674e-06,-1.53813381738326e-08,-3.43380026489328e-10,-4.42302995037721e-08,-7.29857036757592e-06,-2.58270683994286e-05,-1.95520040499829e-06,-3.16693099776793e-09,-5.29837346855153e-13,-3.31385097564201e-11,-1.66013480698442e-08,-1.77975954286972e-07,-4.08186008227233e-08,-2.00278212258143e-10,-2.10226813137177e-14,-4.72307469464049e-20,-6.9575392975862e-18,-4.68049191424392e-14,-6.73606298457378e-12,-2.07395734615915e-11,-1.37593144589584e-12,-1.89467474044809e-13,-7.62754308307532e-14,-9.68786390513742e-16,-4.71851352838455e-12,-1.56104158001547e-09,-1.10484806034561e-08,-1.67289796738543e-09,-5.42850069419491e-12,-2.76598440673036e-12,-1.84697234522333e-08,-3.29657319246295e-06,-1.25882836345087e-05,-1.0366303137483e-06,-2.88219617641992e-08,-5.47719853231943e-06,-3.46078856654897e-05,-4.67826895667232e-06,-1.3529288762014e-08,-3.54071227731187e-11,-9.63483356037195e-10,-5.74469156198109e-10,-7.32770579503609e-12,-1.99962308331307e-15,-1.64874057416246e-19,-2.13884717705298e-16,-6.38819995829483e-15,-4.08190334454288e-15,-5.58766963148075e-17,-1.84312924576538e-20,-1.30437150707518e-24,-1.46416213603762e-29,-3.80752402095519e-36,-2.12017411776746e-44,-2.52572900285578e-54,-2.40774496430824e-64,-6.37191539931859e-71,-5.65455074240999e-78,-1.15179618528537e-83,-8.56314201196792e-86,-1.98979471930034e-87,-9.89156243592948e-91,-1.05196266784883e-95,-2.39339604928958e-102,-2.46267846555687e-109,-9.28879003838153e-110,-7.86747094418761e-112,-1.42557462887549e-115,-5.5261615398458e-121,-4.58285380131873e-128,-8.1306869190093e-137,-3.08600966861416e-147,-2.50579844217032e-159,-4.3528509460404e-173,-1.61763399627928e-188,-1.28607277167285e-205,-2.18740716419455e-224,-7.95925694955177e-245,-7.98681994792713e-267,-1.62631750127347e-268,-3.15920727365726e-271,-1.31289415301706e-275,-1.16723987734029e-281,-2.22008359098757e-289,-9.03352698090125e-299,-7.8638953758578e-310,-1.68953030123034e-316,-2.48860865810236e-320,-0,0,0,0,0,0,0,0,0,0,0,0,0,0,0,0,0,0,0,0,0,0,0,0,0,0,0,0,0,0,0,0,0,0,0,0,0,0,0,0,0,0,0,0,0,0,0,0,0,0,0,0,0,0,0,0,0,0,0,0,0,0,0,0,0,0,0,0,0,0,0,0,0,0,0,0,0,0,0,0,0,0,0,0,0,0,0,0,0
0,0,0,0,0,-1.88710437348379e-311,-1.18295558044879e-280,-1.58642579229708e-251,-4.55145124882775e-224,-2.79356536157246e-198,-3.66814578199676e-174,-1.0304173109396e-151,-6.19239303559456e-131,-7.96127616821719e-112,-2.18970532133273e-94,-1.28844969395415e-78,-1.62191491706724e-64,-4.36784761225129e-52,-2.51643488164271e-41,-3.10157811464364e-32,-8.17821566605441e-25,-4.61331599414668e-19,-5.56732603970588e-15,-1.43733803063128e-12,-7.93871089304169e-12,-9.38036774168344e-13,-2.37120199210778e-15,-1.2823189088482e-19,-7.30883509241533e-25,-5.49652800934776e-21,-1.10968073682715e-18,-6.00040256345088e-17,-5.73892055672918e-12,-1.68527065685253e-08,-1.14078848396189e-06,-1.46963267763523e-05,-4.85695760728322e-05,-3.99940963141232e-06,-3.32046117028406e-07,-2.08079950479595e-05,-3.42047313041634e-05,-2.43562049940181e-05,-2.01652395610746e-05,-8.03681913046253e-06,-2.97359322001522e-05,-7.29338282341176e-06,-6.66215808716529e-06,-2.01270129931079e-05,-1.13039502921293e-05,-7.18076780903265e-06,-6.20019286639537e-07,-3.98008582171926e-09,-6.06468553125783e-13,-1.29493643636445e-14,-4.08316225207857e-10,-2.75608011177617e-07,-4.23570355558617e-06,-1.23352071673732e-05,-1.01755425313391e-05,-1.99108136593303e-07,-8.34145188513226e-11,-2.8235651491885e-13,-8.07817000243787e-12,-4.95745062223656e-12,-6.50852555495577e-14,-1.82803977130091e-17,-1.09841760468902e-22,-1.41792302652615e-29,-2.8535040629766e-35,-2.92242706509919e-40,-6.97097237846936e-47,-2.62975382819457e-44,-6.78013020651143e-34,-4.35564130584853e-25,-5.98778334939523e-18,-1.76319719467019e-12,-1.11694217636392e-08,-1.55100673760032e-06,-5.08547657681252e-06,-4.84515909341778e-07,-1.65011123054062e-09,-3.06612938645232e-12,-8.87527685967915e-09,-1.46795777372073e-06,-5.19458572451882e-06,-3.93248506450239e-07,-6.36887152048636e-10,-2.27960461353456e-14,-7.55892847002973e-13,-3.78782576311998e-10,-4.06076604269442e-09,-9.31332486993981e-10,-4.56962271497676e-12,-4.79661371937255e-16,-1.07719723957599e-21,-2.12743134899533e-20,-1.43117053029973e-16,-2.05970975063938e-14,-6.34161072318707e-14,-4.19083770999022e-15,-2.67628929360275e-16,-1.06453702978199e-16,-4.26347903878078e-18,-5.16080744304268e-14,-1.70736719108377e-11,-1.20841196898032e-10,-1.82970853245541e-11,-5.92866894855035e-14,-2.68392120331703e-13,-2.23107770308477e-09,-3.98229549883027e-07,-1.5206591710421e-06,-1.24320241525907e-07,-4.9875298432952e-09,-1.38022338527662e-06,-8.72127576730694e-06,-1.1789357540352e-06,-3.40940889532684e-09,-4.42526094363191e-13,-6.45456893879076e-12,-3.84848434852102e-12,-4.90897740261584e-14,-1.33958769555524e-17,-2.09166772987127e-22,-1.82838253806355e-19,-5.46091924831145e-18,-3.48935200515429e-18,-4.77135485235935e-20,-1.43639976157532e-23,-3.23437921220089e-28,-2.88512346256441e-33,-7.47956883818867e-40,-4.16476640902194e-48,-4.9613805397291e-58,-1.31832413526785e-69,-1.46447929595558e-77,-2.0829323952367e-85,-2.66958108906581e-91,-3.31901094915113e-94,-7.7120589677036e-96,-3.83377802989307e-99,-4.07720356656433e-104,-9.27633951162568e-111,-1.12823382565778e-118,-2.67921224154711e-119,-2.26925405495899e-121,-4.11185631338407e-125,-1.59393845514202e-130,-1.32185547880664e-137,-2.34517475710468e-146,-8.90113227468457e-157,-7.22759996972816e-169,-1.25551460310527e-182,-4.66582276761747e-198,-3.70948411858703e-215,-6.30924805748647e-234,-2.2957283522698e-254,-1.7870743673575e-276,-1.58487273401904e-283,-3.0786986337006e-286,-1.27943660702196e-290,-1.1374941573266e-296,-2.16350740113398e-304,-8.80331828961729e-314,-0,0,0,0,0,0,0,0,0,0,0,0,0,0,0,0,0,0,0,0,0,0,0,0,0,0,0,0,0,0,0,0,0,0,0,0,0,0,0,0,0,0,0,0,0,0,0,0,0,0,0,0,0,0,0,0,0,0,0,0,0,0,0,0,0,0,0,0,0,0,0,0,0,0,0,0,0,0,0,0,0,0,0,0,0,0,0,0,0,0,0,0
0,0,0,0,0,-2.83865331163733e-309,-1.77944623686164e-278,-2.38636129100637e-249,-6.84646400155766e-222,-4.20218599263971e-196,-5.51776272576269e-172,-1.54999243982842e-149,-9.31483030003203e-129,-1.19756507786828e-109,-3.2938370284392e-92,-1.93813444662239e-76,-2.43974536608535e-62,-6.57028051201739e-50,-3.78531591080299e-39,-4.66551035022012e-30,-1.23019793234171e-22,-6.93952327620167e-17,-8.37458103623549e-13,-2.16209787753346e-10,-1.19417072438128e-09,-1.41103016496889e-10,-3.56685114084657e-13,-1.92891228926538e-17,-2.23163064191109e-23,-1.84715165652673e-24,-3.0406610266997e-20,-2.96341226244294e-15,-4.85825556386172e-11,-1.27617132629824e-07,-8.11657066081279e-06,-2.41337038033931e-05,-4.72907764478836e-05,-3.5719474720885e-06,-3.09801260137179e-07,-2.30519875636519e-05,-3.84140075614523e-05,-3.60918070627505e-05,-3.01816789776362e-05,-1.95382645117197e-06,-6.50182520342118e-06,-5.26182736848645e-06,-1.31550692401993e-06,-3.28723104230503e-06,-1.37987394697496e-06,-7.28123227323519e-07,-3.46096332837665e-08,-1.94272237637689e-10,-2.94327411988408e-14,-8.89835706751123e-16,-2.80594503628846e-11,-1.89492822321707e-08,-3.10269284615072e-07,-1.66890242901645e-06,-1.45098977231795e-06,-2.84036353675325e-08,-1.19295271267606e-11,-4.03343465292082e-11,-1.15701896328976e-09,-7.10045019833824e-10,-9.32202155686341e-12,-2.61826215645614e-15,-1.57323993823067e-20,-2.02234667743308e-27,-5.56200600636506e-36,-5.10740080837989e-45,-1.05561487869113e-51,-1.62170147446271e-45,-4.86938547467258e-35,-3.12803283002583e-26,-4.29941568997634e-19,-1.26504180193294e-13,-7.98589902390275e-10,-1.09227421117524e-07,-3.37308310416526e-07,-2.70900237112417e-08,-7.29933530594168e-11,-9.85240256917274e-14,-6.82654906958034e-10,-1.12916931870825e-07,-3.99573267225681e-07,-3.02491091459657e-08,-4.899001418668e-11,-1.69811435682464e-15,-6.59580695559533e-15,-3.30526537577577e-12,-3.54343368456795e-11,-8.12682846352116e-12,-3.9874631741334e-14,-4.18553604083228e-18,-9.39913637154829e-24,-2.48785548364024e-23,-1.67363586023553e-19,-2.40866062242839e-17,-7.41598955806357e-17,-4.89208726509118e-18,-1.46591214200371e-19,-5.68208999491684e-20,-1.4453874210724e-20,-2.15873740494428e-16,-7.1418231948919e-14,-5.05472090252038e-13,-7.65357030487663e-14,-2.47962247116398e-16,-1.23548864720568e-14,-1.03075377918026e-10,-1.83981416858294e-08,-7.02541280990932e-08,-5.7396122465123e-09,-4.6082951782707e-10,-1.33021975911114e-07,-8.40532816534773e-07,-1.13622618570983e-07,-3.28589531260355e-10,-2.09226120353132e-14,-1.6537149112333e-14,-9.86012533640838e-15,-1.25771935338613e-16,-3.43213103637384e-20,-2.43181241626063e-25,-5.97756183968546e-23,-1.78534747687403e-21,-1.14077656504706e-21,-1.55951373247572e-23,-4.59147858518843e-27,-4.62727806808437e-32,-2.19688065009768e-37,-5.61992219826868e-44,-3.12881598005185e-52,-3.72727297201912e-62,-9.49956617111963e-74,-1.29327928112388e-84,-8.58492381763063e-93,-2.3784193811883e-99,-4.92063853054444e-103,-1.14314708006003e-104,-5.68275239957182e-108,-6.04357846770865e-113,-1.37501806804319e-119,-7.43919766175116e-128,-2.95545801677822e-129,-2.50323022946649e-131,-4.53581783863846e-135,-1.75828480557368e-140,-1.45814814621745e-147,-2.58697889402807e-156,-9.81890209154014e-167,-7.97281674618076e-179,-1.38496705609584e-192,-5.1469021600778e-208,-4.09195821908126e-225,-6.95977624373499e-244,-2.5324342144445e-264,-1.97133247364706e-286,-5.90681207981248e-299,-1.1474293102026e-301,-4.76845329183308e-306,-4.23943455203128e-312,-8.06315134012914e-320,0,0,0,0,0,0,0,0,0,0,0,0,0,0,0,0,0,0,0,0,0,0,0,0,0,0,0,0,0,0,0,0,0,0,0,0,0,0,0,0,0,0,0,0,0,0,0,0,0,0,0,0,0,0,0,0,0,0,0,0,0,0,0,0,0,0,0,0,0,0,0,0,0,0,0,0,0,0,0,0,0,0,0,0,0,0,0,0,0,0,0,0,0
0,0,0,0,0,-1.6330462723489e-307,-1.02369600121277e-276,-1.3728476086813e-247,-3.93869602557005e-220,-2.41747174368398e-194,-3.17430868154066e-170,-8.91693735777551e-148,-5.35872022013794e-127,-6.88946120433557e-108,-1.89490849726758e-90,-1.11498759654543e-74,-1.40355888450106e-60,-3.77981067799e-48,-2.17765093484957e-37,-2.68401719040458e-28,-7.07719445494224e-21,-3.9922320107294e-15,-4.81780507948758e-11,-1.24383131426625e-08,-6.86993385914584e-08,-8.11750255527186e-09,-2.05197053676984e-11,-1.10968219005809e-15,-1.28382251381547e-21,-1.56516536365813e-22,-4.64366472091931e-18,-1.96575311923136e-13,-5.21294276005719e-10,-3.85757676115904e-07,-2.32957702045964e-05,-3.70167897251198e-05,-2.1248557566075e-05,-1.88293911255802e-06,-1.38102558522552e-07,-9.85418094152379e-06,-1.6549120209338e-05,-2.05184582163015e-05,-1.73428522172037e-05,-4.97390064881815e-07,-9.01807774515896e-06,-2.30213217039952e-05,-1.36475592429182e-06,-2.08283766372925e-07,-6.56568610069934e-08,-3.05427588523766e-08,-8.4518681221042e-10,-3.65681616390534e-12,-5.46455120824072e-16,-2.33855007078262e-17,-7.37450871223792e-13,-4.98539677271193e-10,-9.2014890968962e-09,-8.86657864735993e-08,-7.9146880812252e-08,-1.54963433562821e-09,-2.29692570600512e-12,-2.20938330822121e-09,-6.33778741260871e-08,-3.88940417734656e-08,-5.10631137065995e-10,-1.43420198498008e-13,-8.61771552056639e-19,-1.10777815374443e-25,-3.04643732391192e-34,-1.79230217563127e-44,-2.9154052061014e-56,-4.45430368338901e-47,-1.33746475288836e-36,-8.59153574283777e-28,-1.18078272856081e-20,-3.47289003117071e-15,-2.18842179574343e-11,-2.96961850962424e-09,-8.87101033620197e-09,-6.35388732794508e-10,-1.3631430817451e-12,-2.70488143711279e-15,-2.00824062942691e-11,-3.32180610081867e-09,-1.1754702283241e-08,-8.89872525288763e-10,-1.44119508018261e-12,-4.99350702571573e-17,-2.20117205529236e-17,-1.10304283247543e-14,-1.18252505737244e-13,-2.71210897411027e-14,-1.33070787786947e-16,-1.39680933450943e-20,-3.1366844273258e-26,-1.11266516108994e-26,-7.48514577265424e-23,-1.07724603132914e-20,-3.31672640526853e-20,-2.23057288744914e-21,-4.65252516095918e-22,-1.02151544397309e-22,-2.28371072990364e-23,-3.4534381431347e-19,-1.1425124974759e-16,-8.08628503504928e-16,-1.2243791934636e-16,-3.97170890952694e-19,-2.18285703922663e-16,-1.82123132522386e-12,-3.25075424421996e-10,-1.24131492906553e-09,-1.01406729431773e-10,-1.67782121177712e-11,-4.90306580287444e-09,-3.09812567720739e-08,-4.1880238960723e-09,-1.21115040681893e-11,-7.4989880266967e-16,-1.6204996033566e-17,-9.66150645664434e-18,-1.23238429926272e-19,-3.3629954017813e-23,-2.0168275167992e-28,-7.47396042399648e-27,-2.23228410049918e-25,-1.42635302957648e-25,-1.94980305392517e-27,-5.71084691926412e-31,-4.07700896193198e-36,-6.67970264248166e-42,-1.61574111086482e-48,-8.98962335718568e-57,-1.07090166436264e-66,-2.72923217078431e-78,-1.92135302373353e-91,-2.55608767797333e-100,-8.13581946036415e-108,-2.79260693867804e-112,-6.48042641049331e-114,-3.2215153566053e-117,-3.42606530667057e-122,-7.79488795257798e-129,-3.82554197722991e-137,-1.2468441842992e-139,-1.05605897438499e-141,-1.91356395360029e-145,-7.41782528268125e-151,-6.15161329417102e-158,-1.09139073402969e-166,-4.14238352921613e-177,-3.36355984232646e-189,-5.84287802056948e-203,-2.1713672807434e-218,-1.72630913017954e-235,-2.9361798508938e-254,-1.06837950729514e-274,-8.31662755498269e-297,-8.41942303583262e-315,-1.6355144006099e-317,-6.8181059126092e-322,-0,0,0,0,0,0,0,0,0,0,0,0,0,0,0,0,0,0,0,0,0,0,0,0,0,0,0,0,0,0,0,0,0,0,0,0,0,0,0,0,0,0,0,0,0,0,0,0,0,0,0,0,0,0,0,0,0,0,0,0,0,0,0,0,0,0,0,0,0,0,0,0,0,0,0,0,0,0,0,0,0,0,0,0,0,0,0,0,0,0,0,0,0,0,0
0,0,0,0,0,-3.59297610201297e-306,-2.25230315292492e-275,-3.02049533636467e-246,-8.66579283917754e-219,-5.31884389892685e-193,-6.9840122881408e-169,-1.96187599654183e-146,-1.17900845887457e-125,-1.51579718726022e-106,-4.16911698184209e-89,-2.45315999690957e-73,-3.08806530174232e-59,-8.31621838652345e-47,-4.79119783678069e-36,-5.90528865336113e-27,-1.55710165574986e-19,-8.78358099896955e-14,-1.05999804217778e-09,-2.73663781777961e-07,-1.51150084331763e-06,-1.78598691188155e-07,-4.51467985046389e-10,-2.44148721148807e-14,-2.82463395557582e-20,-7.17346259904647e-20,-1.25073530105384e-15,-5.90046560901157e-12,-1.12854063935622e-08,-8.96716186688498e-07,-2.6286432277953e-05,-3.58582004701022e-05,-9.78864923680101e-06,-4.47044235471483e-06,-9.04323790869291e-08,-1.61135201911146e-06,-2.73364998132895e-06,-4.52581850013062e-06,-4.62898806728557e-06,-4.80743564256456e-07,-1.73489820244143e-05,-4.57761605723471e-05,-2.58693542434042e-06,-8.10546229760735e-09,-1.21983786056854e-09,-5.08973808234942e-10,-9.47927447365613e-12,-2.6840210646756e-14,-3.88298636230739e-18,-2.35048403512951e-19,-7.41242439675765e-15,-5.02187418285913e-12,-1.14335416251748e-10,-1.82606352781321e-09,-1.65126876591029e-09,-3.2334186617116e-11,-3.45319070895579e-11,-4.62847540423182e-08,-1.32771407860882e-06,-8.14798027682254e-07,-1.06973002645964e-08,-3.00453461603721e-12,-1.80534017271371e-17,-2.32070366982596e-24,-6.38203439337778e-33,-3.75471865256522e-43,-4.72579402940815e-55,-4.67907412150456e-49,-1.40495188729033e-38,-9.02496331923687e-30,-1.24029399157762e-22,-3.64717075339939e-17,-2.29612390078164e-13,-3.10300754030041e-11,-9.1062601408714e-11,-6.08832068129915e-12,-1.08866999479253e-14,-3.26400116113455e-17,-2.25943917273104e-13,-3.73731057508167e-11,-1.32250263311089e-10,-1.00118125450553e-11,-1.62146538662752e-14,-5.61800858318263e-19,-2.80941176109563e-20,-1.40782321297079e-17,-1.5092670716627e-16,-3.46148840049174e-17,-1.69839410129132e-19,-1.78275996844454e-23,-4.00337385338417e-29,-1.90315369351684e-30,-1.28029434767402e-26,-1.85942349083371e-24,-3.651078403166e-22,-1.63990639200533e-19,-1.60064435588905e-18,-3.34233852334463e-19,-1.49309968878838e-21,-2.11429920943393e-22,-6.9900861187346e-20,-4.94732695705898e-19,-7.49096051301431e-20,-2.46434120573333e-22,-1.47504335271133e-18,-1.2306795750666e-14,-2.19666595720544e-12,-8.38806631584507e-12,-6.85250761790998e-13,-2.35205243150719e-13,-6.91165066410851e-11,-4.3673006514593e-10,-5.9036854522101e-11,-1.70730903508564e-13,-1.05630377896532e-17,-6.08629801594356e-21,-3.62057012541615e-21,-4.61825885692917e-23,-1.26025488229176e-26,-7.38287975362057e-32,-3.57393969901525e-31,-1.0674459218405e-29,-6.82061258937717e-30,-9.32355160290747e-32,-2.72754299710413e-35,-1.76181685917221e-40,-9.09826771210627e-47,-1.78044983105771e-53,-9.87832061237391e-62,-1.17673265088017e-71,-2.99894512785265e-83,-1.6356346032753e-96,-3.24725575450308e-108,-1.09701725503681e-116,-6.09533670311371e-122,-1.40499493118435e-123,-6.98443660764648e-127,-7.42791304689431e-132,-1.68997799922791e-138,-8.23080461696577e-147,-2.01172880289252e-150,-1.70390450213355e-152,-3.08745090449029e-156,-1.19683333997151e-161,-9.9253562931256e-169,-1.76091073548541e-177,-6.68355282819893e-188,-5.42695521514188e-200,-9.42722556802658e-214,-3.50340518397586e-229,-2.78532351917216e-246,-4.73739647913661e-265,-1.72378313770541e-285,-1.34185111600938e-307,0,0,0,0,0,0,0,0,0,0,0,0,0,0,0,0,0,0,0,0,0,0,0,0,0,0,0,0,0,0,0,0,0,0,0,0,0,0,0,0,0,0,0,0,0,0,0,0,0,0,0,0,0,0,0,0,0,0,0,0,0,0,0,0,0,0,0,0,0,0,0,0,0,0,0,0,0,0,0,0,0,0,0,0,0,0,0,0,0,0,0,0,0,0,0,0,0,0
0,0,0,0,0,-3.02329042533312e-305,-1.89518837973082e-274,-2.54157956271363e-245,-7.291784797546e-218,-4.47551260484505e-192,-5.87665959406616e-168,-1.65081001031774e-145,-9.92070329414331e-125,-1.27545939435079e-105,-3.50808107135312e-88,-2.06419829130261e-72,-2.59843594682689e-58,-6.99763725365948e-46,-4.03152766245771e-35,-4.96897339075856e-26,-1.31021481731013e-18,-7.39089701137817e-13,-8.91929654080443e-09,-2.30272917970753e-06,-1.2718442588373e-05,-1.50280908560352e-06,-3.79885308942188e-09,-2.0543762887622e-13,-2.3769274077695e-19,-1.26065251363458e-17,-2.10341690693812e-13,-1.33504925099318e-10,-1.2046349221993e-07,-5.46072329967411e-06,-1.78142166375232e-05,-1.67416125513382e-05,-2.37920053641189e-05,-1.76550540763434e-05,-2.8889942490523e-07,-1.0086773824529e-07,-1.74052763830146e-07,-9.32980876720225e-07,-8.73751408038046e-06,-2.82341747943871e-06,-1.32295327098898e-05,-3.48737571747015e-05,-1.96963218504231e-06,-2.42625582594693e-09,-2.40896266595473e-11,-1.35772461845893e-11,-1.97688330403418e-13,-1.24963027474101e-16,-1.08782920997987e-20,-9.03525850076856e-22,-2.84947288240734e-17,-1.93915542163496e-14,-6.13863209154866e-13,-1.4479556653163e-11,-1.31762862150365e-11,-2.62430261299823e-13,-2.76558450463988e-10,-3.7082973868814e-07,-1.06375387535646e-05,-6.52809647456604e-06,-8.57059121060111e-08,-2.40720904669555e-11,-1.44642407277411e-16,-1.85932917493648e-23,-5.11323479052593e-32,-3.00825048245608e-42,-3.78626549374196e-54,-1.87979230876447e-51,-5.64431033717592e-41,-3.62570601161394e-32,-4.98266298940533e-25,-1.46503151151995e-19,-9.21892318390021e-16,-1.24322073497244e-13,-3.61487521126778e-13,-2.94454534830709e-14,-2.79454552897709e-14,-2.68991828643071e-15,-9.7774509188971e-16,-1.60810278440457e-13,-5.69050958096098e-13,-4.30791695865344e-14,-6.97689674620231e-17,-2.41733133777111e-21,-1.37148526250939e-23,-6.8718483820997e-21,-7.36701482757616e-20,-1.68961722220655e-20,-8.29017922818459e-23,-8.70198480317426e-27,-1.95412138983171e-32,-1.25008174501161e-34,-2.47035753918147e-29,-2.37915891190441e-23,-5.07388257488975e-19,-2.31493276213208e-16,-2.25951463904351e-15,-4.71813915869477e-16,-2.10768226461212e-18,-2.0147674463099e-22,-1.63562873002463e-23,-1.15760896621129e-22,-1.75278552052361e-23,-6.65517419988244e-26,-3.8120128746396e-21,-3.18049396919252e-17,-5.67693083623668e-15,-2.16776119830043e-14,-1.77096720280925e-15,-1.26466988549635e-15,-3.72619467299363e-13,-2.3544900084573e-12,-3.18278257432515e-13,-9.2044088219826e-16,-5.69460853928296e-20,-9.45646570080262e-25,-5.18894159606159e-25,-6.61881266155632e-27,-1.80617657652153e-30,-1.05490150335106e-35,-6.53602065771022e-36,-1.95214467920349e-34,-1.24735331874563e-34,-1.70508552990322e-36,-4.98674222323849e-40,-3.14310994263524e-45,-7.03931456770582e-52,-7.57424941508708e-59,-4.15183309579558e-67,-4.94511296113646e-77,-1.26027781125706e-88,-6.87125664154519e-102,-2.39618293784248e-116,-7.25223190650076e-126,-5.25749739751271e-132,-1.16497239455204e-133,-5.7912492385079e-137,-6.15896430779152e-142,-1.40127033158365e-148,-6.82079410123098e-157,-1.24136219419862e-161,-1.05140982606688e-163,-1.90513976247815e-167,-7.38516936973136e-173,-6.12453169807308e-180,-1.08658604270229e-188,-4.12414727926731e-199,-3.34875225206596e-211,-5.81715558727665e-225,-2.16180814741291e-240,-1.71870930158693e-257,-2.92325373980874e-276,-1.06367611959617e-296,-8.27999675208887e-319,0,0,0,0,0,0,0,0,0,0,0,0,0,0,0,0,0,0,0,0,0,0,0,0,0,0,0,0,0,0,0,0,0,0,0,0,0,0,0,0,0,0,0,0,0,0,0,0,0,0,0,0,0,0,0,0,0,0,0,0,0,0,0,0,0,0,0,0,0,0,0,0,0,0,0,0,0,0,0,0,0,0,0,0,0,0,0,0,0,0,0,0,0,0,0,0,0,0
0,0,0,0,0,-9.72915474163839e-305,-6.09884543557215e-274,-8.178976338701e-245,-2.34654606926235e-217,-1.44025047398103e-191,-1.89114912928995e-167,-5.31241917906533e-145,-3.19254996760545e-124,-4.10451530237836e-105,-1.12892440975605e-87,-6.64273085550276e-72,-8.36194405971624e-58,-2.25188738389883e-45,-1.29737309206475e-34,-1.59904951971131e-25,-4.21636062337331e-18,-2.3784410555026e-12,-2.87029044596249e-08,-7.41033951939605e-06,-4.09288154978611e-05,-4.83614211140958e-06,-1.22249682789438e-08,-6.61112298158235e-13,-7.65949022021261e-19,-8.47423959180289e-16,-1.41004868079154e-11,-5.25961978994704e-09,-5.31130581936134e-07,-2.19727517094276e-05,-3.57595863046524e-05,-1.22872104996309e-05,-3.71403549691013e-05,-2.81615675839637e-05,-4.59102948768133e-07,-2.57025326756356e-09,-7.30487945218291e-09,-2.18213346213503e-06,-3.26522341838973e-05,-1.06201712568694e-05,-3.97520478157705e-06,-1.01617020099722e-05,-5.73877238018396e-07,-7.54337794069797e-10,-1.92686120972302e-09,-1.30677728921346e-09,-1.89599974779005e-11,-5.88516563463393e-15,-3.90902981812498e-20,-1.33385003395759e-24,-4.18941873887958e-20,-2.87744107614409e-17,-1.4345627823739e-15,-4.40541098232257e-14,-4.02113289852288e-14,-1.43076648595516e-14,-8.47408977562451e-10,-1.13626819895132e-06,-3.25947348331539e-05,-2.00028952639468e-05,-2.62613518356671e-07,-7.37598634258498e-11,-4.43202231273323e-16,-5.69721463099659e-23,-1.56675840152406e-31,-9.21765166350209e-42,-1.1601585911163e-53,-2.88821543987177e-54,-8.67222104030641e-44,-5.57071403261468e-35,-7.65551692131869e-28,-2.25079711887831e-22,-1.4160040820865e-18,-1.91864518351537e-16,-1.1548393122893e-14,-2.31567413876481e-12,-1.04319806588672e-11,-1.00540589239292e-12,-2.07457878921912e-15,-2.64720854402261e-16,-9.36430336383688e-16,-7.08910875017258e-17,-1.14811822621607e-19,-3.9779599331289e-24,-2.56288719487313e-27,-1.28282884875765e-24,-1.37526595823293e-23,-3.15415823441374e-24,-1.54760123971721e-26,-1.62447663659762e-30,-3.64793167240894e-36,-2.76512176779193e-34,-1.28845992038657e-26,-1.2844324393013e-20,-2.73924215472432e-16,-1.24976510954427e-13,-1.21984647095347e-12,-2.5471865960725e-13,-1.13787657222827e-15,-1.08744765096189e-19,-2.23794820981125e-25,-1.03591294677686e-26,-1.56851887181067e-27,-1.47416203154267e-29,-3.76767682575626e-24,-3.14350287618331e-20,-5.61090465332085e-18,-2.14254880755354e-17,-1.75046776066097e-18,-2.60421550513366e-18,-7.68279073666209e-16,-4.85456494280426e-15,-6.5623657991273e-16,-1.89779528585518e-18,-1.17413249250333e-22,-2.03105554614853e-28,-2.84413605096647e-29,-3.62786909849185e-31,-9.8999209124635e-35,-5.77983252713683e-40,-4.57140643934801e-41,-1.36536203460128e-39,-8.72419380725645e-40,-1.19256397127037e-41,-3.4875864017701e-45,-2.18566194911813e-50,-3.38057417755575e-57,-1.28172914025915e-64,-6.67673344760046e-73,-7.94779226484581e-83,-2.02550717851252e-94,-1.10434167717457e-107,-1.29110770688977e-122,-4.73632399239389e-135,-2.05532209626331e-142,-3.69424944843214e-144,-1.83646575511296e-147,-1.953072052747e-152,-4.44357490349058e-159,-2.1628531793588e-167,-2.92971854300204e-173,-2.48123851910905e-175,-4.4959691699196e-179,-1.74283768859859e-184,-1.44533782964638e-191,-2.56425142379047e-200,-9.73263977004695e-211,-7.90277289861521e-223,-1.37279965974779e-236,-5.10168491229545e-252,-4.05600900478665e-269,-6.89863229400855e-288,-2.51018593736334e-308,0,0,0,0,0,0,0,0,0,0,0,0,0,0,0,0,0,0,0,0,0,0,0,0,0,0,0,0,0,0,0,0,0,0,0,0,0,0,0,0,0,0,0,0,0,0,0,0,0,0,0,0,0,0,0,0,0,0,0,0,0,0,0,0,0,0,0,0,0,0,0,0,0,0,0,0,0,0,0,0,0,0,0,0,0,0,0,0,0,0,0,0,0,0,0,0,0,0,0
0,0,0,0,0,-1.197402209571e-304,-7.50606932905693e-274,-1.00661615526327e-244,-2.88797898975741e-217,-1.77256827101317e-191,-2.32750552969283e-167,-6.5381861344606e-145,-3.92918653972713e-124,-5.05157521161849e-105,-1.38940804065465e-87,-8.17544875704712e-72,-1.02913465345166e-57,-2.77147912721091e-45,-1.59672391726678e-34,-1.96800799140481e-25,-5.18922728730835e-18,-2.92723330116722e-12,-3.53257010847723e-08,-9.12017246084236e-06,-5.03725713216596e-05,-5.95201474719912e-06,-1.50457099489797e-08,-8.13654780513801e-13,-9.69355790759042e-19,-2.17861265183422e-14,-3.62443541603563e-10,-1.29379571420848e-07,-1.75925467733073e-06,-3.51728815127986e-05,-6.77115493143821e-05,-2.32721331689499e-05,-2.28519849035022e-05,-1.7194328745209e-05,-2.80293534297379e-07,-1.19935118884784e-10,-4.61674009950046e-09,-3.21801539010073e-06,-4.84527481078678e-05,-1.72462768770286e-05,-1.57195356256615e-06,-1.14599626697881e-06,-6.39536584664093e-08,-3.0325360890883e-09,-9.36863942055934e-08,-6.35381659332033e-08,-9.21874161582696e-10,-2.86145828746385e-13,-1.90012427184295e-18,-2.70679468192711e-25,-2.35583271945825e-23,-1.6488928936394e-20,-1.42762995366958e-18,-5.13425158053621e-17,-4.69384220877328e-17,-1.58447455194749e-14,-9.930452985658e-10,-1.33154807559742e-06,-3.81964895979227e-05,-2.34406073492745e-05,-3.07746468057825e-07,-8.64362870417947e-11,-5.1937128813174e-16,-6.67634206886225e-23,-1.83602263655787e-31,-1.08018039626483e-41,-1.35954428788395e-53,-1.69714536036675e-57,-5.09588548335383e-47,-3.27340379870734e-38,-4.49842565055633e-31,-1.32270569870841e-25,-1.17901872192181e-21,-1.59813243194586e-16,-1.57197850730415e-12,-3.31027102438378e-10,-1.49128070582338e-09,-1.4372557473137e-10,-2.96338118378372e-13,-1.32378755241248e-17,-5.893571840624e-19,-4.46154889061697e-20,-7.22571169234513e-23,-2.50353929099198e-27,-1.84621274028189e-31,-9.15869442416805e-29,-9.81864468951627e-28,-2.25189599239504e-28,-1.10490240835762e-30,-1.15978722556812e-34,-2.86653471551348e-40,-5.70911887313902e-32,-2.66030009401809e-24,-2.65198450531835e-18,-5.6557492074843e-14,-2.58040641483845e-11,-2.51863300929741e-10,-5.25920957634414e-11,-2.34938868420075e-13,-2.24526742889483e-17,-4.59050102732155e-23,-2.36237879246315e-30,-5.36809803315327e-32,-3.82563815210349e-33,-1.42417261842739e-27,-1.18823639331146e-23,-2.12090822597598e-21,-8.09878205260773e-21,-6.61749873728021e-22,-2.05226962673951e-21,-6.05817995495498e-19,-3.82801367847608e-18,-5.17468122029319e-19,-1.49648555509991e-21,-9.25849222499799e-26,-1.23542449910569e-31,-5.96202851943162e-34,-7.60488813009459e-36,-2.07526206133917e-39,-1.21153234051086e-44,-1.22281300065978e-46,-3.65218985769548e-45,-2.33362370389276e-45,-3.18997396026004e-47,-9.32876426649368e-51,-5.83860547207393e-56,-8.09433001970292e-63,-9.60101536591608e-71,-4.1144945273536e-79,-4.88535321072425e-89,-1.24500498294229e-100,-6.78798121010226e-114,-7.91754131201831e-129,-2.9560675385114e-144,-5.32979691272274e-153,-4.48029411462798e-155,-2.22721998454295e-158,-2.36863720165741e-163,-5.38905710619088e-170,-2.62304622761219e-178,-2.64671459597327e-185,-2.23941560335921e-187,-4.05778946030232e-191,-1.57297973730097e-196,-1.30447438362228e-203,-2.3143380231873e-212,-8.78409116860651e-223,-7.13256416207603e-235,-1.23900582497354e-248,-4.60447180229797e-264,-3.66070806282035e-281,-6.22628767128153e-300,-2.26578505182796e-320,0,0,0,0,0,0,0,0,0,0,0,0,0,0,0,0,0,0,0,0,0,0,0,0,0,0,0,0,0,0,0,0,0,0,0,0,0,0,0,0,0,0,0,0,0,0,0,0,0,0,0,0,0,0,0,0,0,0,0,0,0,0,0,0,0,0,0,0,0,0,0,0,0,0,0,0,0,0,0,0,0,0,0,0,0,0,0,0,0,0,0,0,0,0,0,0,0,0,0
0,0,0,0,0,-5.63604824031808e-305,-3.53302912718887e-274,-4.73803803367061e-245,-1.35934181290105e-217,-8.34329534790857e-192,-1.0955327575066e-167,-3.0774565274276e-145,-1.84942742765156e-124,-2.37772415606947e-105,-6.53979980997504e-88,-3.8480990942449e-72,-4.84403027343266e-58,-1.30450653365614e-45,-7.5156141789734e-35,-9.26320987904633e-26,-2.4425155630643e-18,-1.37781841090441e-12,-1.66274417940304e-08,-4.29277076144269e-06,-2.37098478429798e-05,-2.80155172373705e-06,-7.08185991344312e-09,-3.82978881890045e-13,-7.18560600327321e-19,-2.14205225719947e-13,-3.56357730313767e-09,-1.26869606015421e-06,-1.01796550066393e-05,-2.3496259035219e-05,-5.46660091601657e-05,-2.21036108114964e-05,-5.5481776434901e-06,-4.01507977790888e-06,-6.54508607446688e-08,-2.29817840104646e-11,-2.59574399270358e-09,-1.82502913523528e-06,-2.78659719465288e-05,-2.10791739000593e-05,-7.66885690909249e-06,-1.48868463555182e-07,-2.79083671883773e-09,-5.49577219311494e-08,-1.74213598154664e-06,-1.18151764070545e-06,-1.71426192185882e-08,-5.32099627826581e-12,-3.53335717005033e-17,-5.01950565717664e-24,-5.06724603437904e-27,-3.68422372338582e-24,-5.8420613245719e-22,-2.2901872923342e-20,-2.33735180457597e-20,-7.10077584010308e-15,-4.45056103082213e-10,-5.96763912429893e-07,-1.7118635812918e-05,-1.05054476123288e-05,-1.37923661699011e-07,-3.87384111593804e-11,-2.32768194847332e-16,-2.99215633798799e-23,-8.22855796183352e-32,-4.84107702319245e-42,-6.09311059231055e-54,-3.81397994152925e-61,-1.14519321878387e-50,-7.35630084957445e-42,-1.01969932838986e-34,-9.12049920218942e-28,-1.89764719427064e-20,-8.73113325422608e-15,-8.5942670542876e-11,-1.80978040870502e-08,-8.15308047456856e-08,-7.85771701107877e-09,-1.62012993924126e-11,-7.14631493526213e-16,-8.16214128816137e-22,-1.07386559120106e-23,-1.73917926509615e-26,-6.02584741490224e-31,-5.43697992078743e-36,-2.50073759189849e-33,-2.68093384704626e-32,-6.14869401729734e-33,-3.01688304029549e-35,-3.16674340170122e-39,-2.06974699860342e-39,-4.50815152443312e-30,-2.10068071637635e-22,-2.09411439069523e-16,-4.4660086745621e-12,-2.0375934310019e-09,-1.98881464769968e-08,-4.1528849189797e-09,-1.85517247293672e-11,-1.7729541120541e-15,-3.62484555699606e-21,-1.58547844043255e-28,-8.50978151089304e-37,-5.30185997934934e-37,-2.05883395197695e-31,-1.71775625924093e-27,-3.06605941456876e-25,-1.1707883752611e-24,-9.56882117911686e-26,-6.18728151826371e-25,-1.82698523441481e-22,-1.15442666278896e-21,-1.56054561814366e-22,-4.51300065880025e-25,-2.7921139200279e-29,-3.69635671802459e-35,-4.78076629839857e-39,-6.09682533721717e-41,-1.66373391697121e-44,-9.71277204660301e-50,-1.25104235052286e-52,-3.73618671324662e-51,-2.38729480459715e-51,-3.26334017336228e-53,-9.54328465859372e-57,-5.97105551808902e-62,-8.05756396125073e-69,-4.01928014467278e-77,-9.78011052657115e-86,-1.14856699990598e-95,-2.92670229425686e-107,-1.59568626848784e-120,-1.86121277540785e-135,-4.71844618732156e-152,-1.05599994261809e-163,-2.07805324340339e-166,-1.03303038869069e-169,-1.09862259950827e-174,-2.49955540796165e-181,-1.21662244606644e-189,-9.25298246750978e-198,-7.7298414726158e-200,-1.40063636290788e-203,-5.42948972521825e-209,-4.50268372486505e-216,-7.98845288314929e-225,-3.03202461000321e-235,-2.46196329896155e-247,-4.27670442069542e-261,-1.58933594297492e-276,-1.26357487911516e-293,-2.14914179348856e-312,0,0,0,0,0,0,0,0,0,0,0,0,0,0,0,0,0,0,0,0,0,0,0,0,0,0,0,0,0,0,0,0,0,0,0,0,0,0,0,0,0,0,0,0,0,0,0,0,0,0,0,0,0,0,0,0,0,0,0,0,0,0,0,0,0,0,0,0,0,0,0,0,0,0,0,0,0,0,0,0,0,0,0,0,0,0,0,0,0,0,0,0,0,0,0,0,0,0,0,0
0,0,0,0,0,-1.0145630706922e-305,-6.35991873611684e-275,-8.52909381099523e-246,-2.44699467607709e-218,-1.50190328168445e-192,-1.97210355750432e-168,-5.53982792775443e-146,-3.32921346662348e-125,-4.28021730506834e-106,-1.17725028140399e-88,-6.9270862613569e-73,-8.71989383196372e-59,-2.3482839359969e-46,-1.35290974711868e-35,-1.66750003878985e-26,-4.39685038915885e-19,-2.48025499111869e-13,-2.9931589803702e-09,-7.72755395234394e-07,-4.26808554638303e-06,-5.04316286579078e-07,-1.27482825441351e-09,-6.89412534917671e-14,-1.13108284067708e-18,-8.05707316337464e-13,-1.34001968310983e-08,-4.7715527374237e-06,-3.71743902857837e-05,-1.61584841374547e-05,-1.85807270765993e-05,-8.24411155329238e-06,-5.75812970014466e-07,-3.58586141281725e-07,-5.84504417423184e-09,-2.05566475623042e-12,-5.62924761452728e-10,-3.96604151324042e-07,-7.13671161740313e-06,-3.62387727646508e-05,-2.12809439694752e-05,-2.82700829168967e-07,-3.88102753787958e-10,-3.90821095356899e-07,-1.23896000918219e-05,-8.40263402256988e-06,-1.2191367316028e-07,-3.78414869328813e-11,-2.51282809059279e-16,-3.56973660054071e-23,-5.25458156074155e-31,-3.26643314055557e-28,-9.53698925543072e-26,-3.90837097532924e-24,-4.18999911120531e-22,-1.21708576018698e-15,-7.62834215595067e-11,-1.02286414652269e-07,-2.93416516074439e-06,-1.80065273418923e-06,-2.36403652383415e-08,-6.63983378399067e-12,-3.98968898757116e-17,-5.12861011728501e-24,-1.41038972723273e-32,-8.29769363468344e-43,-1.04437018322622e-54,-3.28079836104252e-65,-9.84432763384806e-55,-1.02276251631157e-45,-1.83597339475528e-35,-1.84485685473847e-26,-3.9677401894363e-19,-1.8255874745423e-13,-1.79697020713613e-09,-3.78405913542369e-07,-1.70472276655819e-06,-1.64296539579492e-07,-3.38752019697402e-10,-1.49422139878313e-14,-1.41017454479498e-20,-1.27499492381063e-27,-1.60095017897169e-30,-5.54691552857105e-35,-9.32268207085477e-41,-2.61139385696662e-38,-2.79956369738121e-37,-6.42077035063582e-38,-3.15037845792491e-40,-3.30693144988106e-44,-6.25050188411978e-38,-1.36143723999034e-28,-6.34394150485877e-21,-6.32411155845225e-15,-1.34871032854941e-10,-6.15342133442263e-08,-6.00611206198774e-07,-1.254148657482e-07,-5.60251996316521e-10,-5.35422498525708e-14,-1.09468364223372e-19,-4.7880585138544e-27,-4.48032397592512e-36,-2.91984050797005e-41,-1.13828159450885e-35,-9.49707640030984e-32,-1.69515321812398e-29,-6.47301768766537e-29,-5.29306987431547e-30,-7.13512125690024e-29,-2.10716045505592e-26,-1.33146243675777e-25,-1.79986129771592e-26,-5.2050866875673e-29,-3.22029534093323e-33,-4.2623072569164e-39,-1.47755961172984e-44,-1.86932312844411e-46,-5.10110773618904e-50,-2.97799162759826e-55,-4.89784169965014e-59,-1.46175133572353e-57,-9.34008826884658e-58,-1.27675413001083e-59,-3.73372621494182e-63,-2.33596005703219e-68,-3.13241150635758e-75,-1.0508397756351e-83,-9.21501825568752e-93,-1.03315535647133e-102,-2.63122314810728e-114,-1.43457780676863e-127,-1.67329531761442e-142,-4.17549552275363e-159,-1.23524670453546e-174,-3.68618679069554e-178,-1.83245273699731e-181,-1.94880422825453e-186,-4.433864868584e-193,-2.15811956404802e-201,-1.42948190331801e-210,-1.02041345578758e-212,-1.84897477700539e-216,-7.16744889665465e-222,-5.94397579313399e-229,-1.05455265045202e-237,-4.002564245524e-248,-3.25002846009361e-260,-5.64566136649196e-274,-2.09807638054433e-289,-1.66804042948804e-306,-0,0,0,0,0,0,0,0,0,0,0,0,0,0,0,0,0,0,0,0,0,0,0,0,0,0,0,0,0,0,0,0,0,0,0,0,0,0,0,0,0,0,0,0,0,0,0,0,0,0,0,0,0,0,0,0,0,0,0,0,0,0,0,0,0,0,0,0,0,0,0,0,0,0,0,0,0,0,0,0,0,0,0,0,0,0,0,0,0,0,0,0,0,0,0,0,0,0,0,0,0
0,0,0,0,0,-6.98478594028711e-307,-4.37850265327363e-276,-5.87187689512335e-247,-1.68463987140391e-219,-1.03398923424478e-193,-1.35769984135618e-169,-3.81390899581917e-147,-2.2920057003474e-126,-2.94672677504573e-107,-8.10481028856987e-90,-4.76897061633321e-74,-6.00323366754719e-60,-1.61668220476053e-47,-9.31414246499659e-37,-1.14799475388165e-27,-3.02702312620037e-20,-1.7075380221037e-14,-2.06064811218383e-10,-5.32005468741482e-08,-2.93837463411499e-07,-3.47197863761385e-08,-8.7765883906282e-11,-4.74628681476231e-15,-5.15327159009732e-18,-1.21467264829386e-12,-1.92898534517245e-08,-6.87087745504685e-06,-5.61128762595247e-05,-3.52296305799329e-05,-6.15160932089583e-06,-1.19489149686694e-06,-3.12614438732486e-08,-1.22503718854361e-08,-1.99631915241031e-10,-7.10415334877117e-14,-4.67035005843597e-11,-3.37604478145212e-08,-1.76365439278208e-06,-3.69421526321825e-05,-2.27924798125072e-05,-3.02117947272482e-07,-8.03285890746249e-10,-1.06297457739757e-06,-3.36978527833378e-05,-2.28539034501793e-05,-3.31586893845151e-07,-1.02923165099443e-10,-6.83451527402468e-16,-9.70914779724324e-23,-2.95088741300027e-31,-1.18182832128281e-32,-6.08942443000393e-30,-2.55332151220202e-28,-2.72320186674145e-23,-7.97822512381715e-17,-5.00052116588958e-12,-6.70506606802675e-09,-1.92340022124894e-07,-1.18036159438736e-07,-1.54967022095976e-09,-4.3525354128136e-13,-2.61531586022309e-18,-3.36189999331288e-25,-9.24536883506039e-34,-5.43929359748688e-44,-6.84604216680674e-56,-2.93469990056681e-69,-1.45401112734989e-57,-3.12278755127681e-45,-1.46744740770503e-34,-1.47524566923951e-25,-3.17281653929841e-18,-1.45983705002147e-12,-1.43695315767901e-08,-3.02593537832879e-06,-1.36318718860294e-05,-1.31380277468313e-06,-2.70885056400241e-09,-1.19508977393535e-13,-1.14050549010247e-19,-3.82349146858439e-27,-9.68047903033294e-35,-1.95280764518914e-39,-1.65557913118859e-45,-1.04290880927546e-43,-1.11805794203271e-42,-2.56425431263156e-43,-1.25816235529364e-45,-7.22261378018209e-48,-7.2191109025403e-37,-1.5724123605691e-27,-7.32703039402535e-20,-7.30412749999316e-14,-1.55771322330903e-09,-7.1069862655618e-07,-6.93684921186646e-06,-1.44849780297608e-06,-6.47071446384013e-09,-6.18394245492054e-13,-1.26432129179403e-18,-5.53003999682432e-26,-5.17461331433614e-35,-1.6530382354753e-45,-2.40684325409992e-40,-2.00811243703027e-36,-3.58432228667297e-34,-1.36868935002354e-33,-1.12038158770505e-34,-3.14705507550751e-33,-9.29458234412344e-31,-5.8730160899539e-30,-7.93910069811003e-31,-2.29593843744681e-33,-1.42045662194976e-37,-1.88007245979276e-43,-2.25078935202433e-50,-2.19197054259638e-52,-5.98156496438115e-56,-3.49199614589535e-61,-7.36661967252773e-66,-2.18719814653907e-64,-1.39754438736843e-64,-1.91038940278229e-66,-5.58672149063326e-70,-3.49520783111646e-75,-4.68009259186784e-82,-1.39299026090373e-90,-3.80038512287606e-100,-3.56060034547818e-110,-9.04721895487604e-122,-4.93253873723781e-135,-5.75332451780903e-150,-1.43564218603574e-166,-8.91038629056922e-185,-2.50076359445433e-190,-1.24314609145741e-193,-1.32207958789632e-198,-3.0079584974504e-205,-1.46408026972488e-213,-2.13277338807838e-223,-5.15171072407332e-226,-9.33482710111433e-230,-3.61859431715486e-235,-3.00090552949474e-242,-5.32406757702472e-251,-2.02075472622619e-261,-1.64082572277231e-273,-2.85029700691761e-287,-1.05924539917371e-302,-8.42134893336405e-320,0,0,0,0,0,0,0,0,0,0,0,0,0,0,0,0,0,0,0,0,0,0,0,0,0,0,0,0,0,0,0,0,0,0,0,0,0,0,0,0,0,0,0,0,0,0,0,0,0,0,0,0,0,0,0,0,0,0,0,0,0,0,0,0,0,0,0,0,0,0,0,0,0,0,0,0,0,0,0,0,0,0,0,0,0,0,0,0,0,0,0,0,0,0,0,0,0,0,0,0,0
0,0,0,0,0,-1.83906404572186e-308,-1.15284088482779e-277,-1.54603988884481e-248,-4.43558420254333e-221,-2.72244910670074e-195,-3.57476518889251e-171,-1.00418580724292e-148,-6.0347522631813e-128,-7.75860464569909e-109,-2.13396163125548e-91,-1.25564941725929e-75,-1.58062556110334e-61,-4.25665459407224e-49,-2.45237358317706e-38,-3.02262072823712e-29,-7.9700214789044e-22,-4.4958740468214e-16,-5.42559770106024e-12,-1.40074747895518e-09,-7.73661381846147e-09,-9.14157017061709e-10,-2.31084024518262e-12,-1.4675438952963e-16,-3.34387511687561e-16,-5.7086650596873e-12,-1.22716927212924e-08,-3.80807582730756e-06,-3.63622624694815e-05,-5.63264305191411e-05,-7.60164530232548e-06,-8.82143781747553e-08,-1.04977514163018e-09,-1.6019205858781e-10,-2.60760607553323e-12,-9.54460469433706e-16,-1.48706962268343e-12,-1.42562454055307e-09,-5.36175270134084e-07,-1.50806754909667e-05,-9.34107820423436e-06,-1.23820916014861e-07,-7.81282669465951e-10,-1.10570053611095e-06,-3.50523283429196e-05,-2.37725095641528e-05,-3.44914934197617e-07,-1.07060132273706e-10,-7.10922665964769e-16,-1.00994042139823e-22,-3.06936090429438e-31,-1.80751517441367e-37,-1.5040045444526e-34,-1.13552605779212e-32,-6.82701604507429e-25,-2.00014322022434e-18,-1.25363202370474e-13,-1.68096189678641e-10,-4.8219696143002e-09,-2.95916974488384e-09,-3.88502748159282e-11,-1.09118181821381e-14,-6.55660401328452e-20,-8.42829247651038e-27,-2.3178164951396e-35,-1.36363239229057e-45,-1.71630464330113e-57,-8.85721232028829e-71,-4.34777278218217e-57,-9.55016743231767e-45,-4.48780502967605e-34,-4.51165398673878e-25,-9.70323159538839e-18,-4.46453074498466e-12,-4.39454633080165e-08,-9.25403390150865e-06,-4.16895277348513e-05,-4.01794655568147e-06,-8.28717903483353e-09,-3.72953200761364e-13,-7.64847550925953e-19,-5.07690582183224e-25,-1.27736264386372e-32,-6.99418459076068e-42,-1.9887779189725e-50,-1.59290544356926e-49,-1.70768581412576e-48,-3.91655973171702e-49,-1.92167680456147e-51,-3.13197520255621e-47,-3.18876297685098e-36,-6.94552333024997e-27,-3.236432237453e-19,-3.22631576999065e-13,-6.88059557762321e-09,-3.13923625589921e-06,-3.06408479401721e-05,-6.39817870723495e-06,-2.85818780104997e-08,-2.73151735960846e-12,-5.58465021599619e-18,-2.4426812443307e-25,-2.28568525667984e-34,-4.5755714174965e-45,-1.94632608878363e-45,-1.62388706399603e-41,-2.89851030609059e-39,-1.10680900619402e-38,-9.08013489089042e-40,-5.30875004742446e-38,-1.56794871491549e-35,-9.90747909913472e-35,-1.33928586313592e-35,-3.87313123844731e-38,-2.39623799384228e-42,-3.1715860361049e-48,-9.7511708828347e-56,-9.83003303705685e-59,-2.68246987791737e-62,-1.56600729210463e-67,-4.38615983189361e-73,-1.25161990465945e-71,-7.99742069838675e-72,-1.09321663648549e-73,-3.196990425433e-77,-2.00011846638489e-82,-2.6772677679803e-89,-7.7354979674582e-98,-8.61381347221511e-108,-4.72947637023164e-118,-1.18981537740883e-129,-6.4861503943293e-143,-7.56545153196893e-158,-1.88782693557609e-174,-1.00792071639691e-192,-6.48884396353188e-203,-3.225382741638e-206,-3.43017825110029e-211,-7.80424560868104e-218,-3.79860361249426e-226,-4.07289059927094e-236,-9.94709959086493e-240,-1.80240038795419e-243,-6.98690584243403e-249,-5.79425117571756e-256,-1.02798920241149e-264,-3.901742435139e-275,-3.16816250290983e-287,-5.50345108206569e-301,-2.04522728001195e-316,0,0,0,0,0,0,0,0,0,0,0,0,0,0,0,0,0,0,0,0,0,0,0,0,0,0,0,0,0,0,0,0,0,0,0,0,0,0,0,0,0,0,0,0,0,0,0,0,0,0,0,0,0,0,0,0,0,0,0,0,0,0,0,0,0,0,0,0,0,0,0,0,0,0,0,0,0,0,0,0,0,0,0,0,0,0,0,0,0,0,0,0,0,0,0,0,0,0,0,0,0,0
0,0,0,0,0,-1.85186920104887e-310,-1.16086796068298e-279,-1.55680475642214e-250,-4.46646857810998e-223,-2.7414051532626e-197,-3.59965579757333e-173,-1.0111778178087e-150,-6.07677143063221e-130,-7.81262676517875e-111,-2.14882011876362e-93,-1.26439233508297e-77,-1.59163124405968e-63,-4.2862931068674e-51,-2.46944913023333e-40,-3.04366682938269e-31,-8.02551566532703e-24,-4.52717821245597e-18,-5.46337540731529e-14,-1.41050069504548e-11,-7.79048281879849e-11,-9.20522711485067e-12,-2.56351681212262e-14,-2.20865221536454e-14,-1.57467146868327e-14,-1.74765175572662e-10,-5.97826953378953e-08,-1.21740042220274e-06,-1.18501555452573e-05,-3.98305717348561e-05,-5.62251024735828e-06,-1.87461987892405e-08,-1.9893982674314e-11,-8.03980130440512e-13,-1.30263954868672e-14,-5.08995147789601e-18,-1.89188744111515e-14,-7.28958327552234e-11,-8.17784998658749e-08,-2.36309565838972e-06,-1.46416461235599e-06,-1.94083758954535e-08,-3.02444753052593e-10,-4.39867829801227e-07,-1.39444537443436e-05,-9.457135920529e-06,-1.37213413462831e-07,-4.25904587690749e-11,-2.8281789118144e-16,-4.01772541714338e-23,-1.22104715585297e-31,-9.13874786298083e-42,-1.4286715427147e-39,-4.78582061681331e-35,-6.54568994140868e-27,-1.91772179576873e-20,-1.20197265446952e-15,-1.61169322012975e-12,-4.62326704126761e-11,-2.83722898428576e-11,-3.7249341963499e-13,-1.04621665827534e-16,-6.28642103993444e-22,-8.08098141167343e-29,-2.22230446618864e-37,-1.30744015411987e-47,-1.64557957118117e-59,-4.99701541600802e-71,-5.08519881815843e-57,-1.1169973021715e-44,-5.2489824356308e-34,-5.27687641852517e-25,-1.13489984249099e-17,-5.22176059565689e-12,-5.13990612779801e-08,-1.0823614155024e-05,-4.87610078788207e-05,-4.70234492858401e-06,-1.00475377111173e-08,-1.36030757578804e-12,-5.23900661601002e-17,-6.19840422440904e-23,-1.58063919832779e-30,-8.62421438988849e-40,-1.00667763432535e-50,-9.30472145456365e-56,-9.9751935849682e-55,-2.28780031946154e-55,-1.13363637378071e-57,-5.29086328472362e-47,-5.38679522519708e-36,-1.17331116120878e-26,-5.4673231751463e-19,-5.45023336978362e-13,-1.16234287945275e-08,-5.30312945703578e-06,-5.17617566994925e-05,-1.08084792630549e-05,-4.82835272210077e-08,-4.61436763318563e-12,-9.43418100884776e-18,-4.12643515970366e-25,-3.86122095507569e-34,-7.72953009044075e-45,-6.01940190349772e-51,-5.02219210077753e-47,-8.96421671556943e-45,-3.42302588306131e-44,-2.82112690213249e-45,-3.42497356543199e-43,-1.01158767606633e-40,-6.39197166479346e-40,-8.64062109297904e-41,-2.49881376306348e-43,-1.54597200816491e-47,-2.04620043019701e-53,-5.80715106934381e-61,-1.68598423793529e-65,-4.6007071088911e-69,-2.68586086599422e-74,-1.25256844171457e-80,-2.73921735934046e-79,-1.75026567768428e-79,-2.3925458333136e-81,-6.99673403699468e-85,-4.3773309415484e-90,-5.85884575823828e-97,-1.68108129845671e-105,-1.22465976464461e-115,-2.4821956813566e-126,-5.98654506903342e-138,-3.26193283791718e-151,-3.80470121603618e-166,-9.49397004145305e-183,-5.06820371287603e-201,-6.44193959728062e-216,-3.20044264685888e-219,-3.40365458622878e-224,-7.74389970828018e-231,-3.76923111872972e-239,-3.93353642651944e-249,-7.34532827525425e-254,-1.33096295592658e-257,-5.15940460009657e-263,-4.27870173783453e-270,-7.59107441746078e-279,-2.88119924931361e-289,-2.33949512988886e-301,-4.06396357036155e-315,0,0,0,0,0,0,0,0,0,0,0,0,0,0,0,0,0,0,0,0,0,0,0,0,0,0,0,0,0,0,0,0,0,0,0,0,0,0,0,0,0,0,0,0,0,0,0,0,0,0,0,0,0,0,0,0,0,0,0,0,0,0,0,0,0,0,0,0,0,0,0,0,0,0,0,0,0,0,0,0,0,0,0,0,0,0,0,0,0,0,0,0,0,0,0,0,0,0,0,0,0,0,0
0,0,0,0,0,-7.13170656879176e-313,-4.47060173365021e-282,-5.99538817396614e-253,-1.72007522344252e-225,-1.05573855476221e-199,-1.38625821318263e-175,-3.89413219972414e-153,-2.34021661488466e-132,-3.00870934022654e-113,-8.27528993271047e-96,-4.869282947485e-80,-6.12950795440862e-66,-1.65068810954336e-53,-9.51005965939988e-43,-1.17214210960606e-33,-3.09069467519241e-26,-1.74345502250225e-20,-2.1039925637325e-16,-5.43195872930036e-14,-3.00018254782867e-13,-3.75521808247927e-14,-9.17322347238536e-13,-8.56224339062468e-12,-1.85919699256673e-12,-2.29971059727341e-09,-7.58075192881414e-07,-5.41258616558533e-06,-2.94585371327271e-06,-1.12595910768418e-05,-1.61646734823549e-06,-5.01024623594946e-09,-4.75674154142038e-13,-1.56663218965425e-15,-2.48873475246506e-17,-1.1235248010276e-20,-1.40446133996968e-16,-3.67129471266099e-12,-4.89183168635696e-09,-1.41656017141234e-07,-8.77716533979808e-08,-1.174255760992e-09,-7.62978944451231e-11,-6.69717489757635e-08,-2.122865642189e-06,-1.43962273462801e-06,-2.08861079108869e-08,-6.48258938553865e-12,-4.30448583206431e-17,-6.1147044401774e-24,-1.85827833294335e-32,-1.2081702299086e-42,-5.23176730047219e-45,-1.75266464452572e-37,-2.40021221484695e-29,-7.03201544852098e-23,-4.40746425971619e-18,-5.90985180813774e-15,-1.69528684132203e-13,-1.04037186689487e-13,-1.36588085254341e-15,-3.83632898146371e-19,-2.30514196408797e-24,-2.96318195118184e-31,-8.148877158322e-40,-4.79419871123803e-50,-6.03410827995241e-62,-2.21556884424276e-71,-2.27467198090375e-57,-4.99646632678899e-45,-2.34793440759e-34,-2.36041172924699e-25,-5.07654659217051e-18,-2.33575775633486e-12,-2.2991439659662e-08,-4.84162683949095e-06,-2.18356326675175e-05,-2.24134116077964e-06,-2.12876434008428e-08,-4.43513675703169e-11,-2.46101398050577e-15,-2.93368115892554e-21,-7.48206228453734e-29,-4.08233890854709e-38,-4.76513940635258e-49,-1.39779624329227e-61,-2.22845770948141e-61,-5.11094468115791e-62,-7.18281222907828e-60,-3.41825509010376e-47,-3.48023360404001e-36,-7.58038269606697e-27,-3.53226009952784e-19,-3.52121893081376e-13,-7.50952018663396e-09,-3.42617986602138e-06,-3.34415914358664e-05,-6.98300773786644e-06,-3.11944202315549e-08,-2.98119320060466e-12,-6.0951182291112e-18,-2.66595586194154e-25,-2.49460957001316e-34,-4.99379858330374e-45,-9.25832006030291e-57,-5.94019252827874e-53,-1.06027750606062e-50,-4.04871665429076e-50,-3.36866511368636e-51,-8.4507523722738e-49,-2.49600188055988e-46,-1.57716169080519e-45,-2.13199577333395e-46,-6.1655988890994e-49,-3.81454730121004e-53,-5.04881607603276e-59,-1.42968789637287e-66,-1.10673556126311e-72,-3.01775529270915e-76,-1.7617445862067e-81,-2.96792315004234e-88,-2.29271584076794e-87,-1.4649665643353e-87,-2.00255292327901e-89,-5.85624315911697e-93,-3.66381075243852e-98,-4.9037468098558e-105,-1.40477808275137e-113,-8.97998637344776e-124,-5.64223063613066e-135,-1.15384819693073e-146,-6.27394200922877e-160,-7.31772439651661e-175,-1.82601036613312e-191,-9.74786213401332e-210,-3.56606047156076e-229,-1.21453082608844e-232,-1.29164739754583e-237,-2.93872002920795e-244,-1.43037944712487e-252,-1.48968527741926e-262,-2.07441789837616e-268,-3.75880993595095e-272,-1.45708197122083e-277,-1.20836019766956e-284,-2.14381668684615e-293,-8.13687587438149e-304,-6.60703400356709e-316,0,0,0,0,0,0,0,0,0,0,0,0,0,0,0,0,0,0,0,0,0,0,0,0,0,0,0,0,0,0,0,0,0,0,0,0,0,0,0,0,0,0,0,0,0,0,0,0,0,0,0,0,0,0,0,0,0,0,0,0,0,0,0,0,0,0,0,0,0,0,0,0,0,0,0,0,0,0,0,0,0,0,0,0,0,0,0,0,0,0,0,0,0,0,0,0,0,0,0,0,0,0,0,0
0,0,0,0,0,-1.05037971428711e-315,-6.58443995286068e-285,-8.83019239411156e-256,-2.5333797770252e-228,-1.55492426610711e-202,-2.04172380088314e-178,-5.73539786480941e-156,-3.44674312216514e-135,-4.43131980136381e-116,-1.21881019381176e-98,-7.17162992620948e-83,-9.02772813838599e-69,-2.43118429816308e-56,-1.40067088294004e-45,-1.7263670075617e-36,-4.55207032830861e-29,-2.56781426530882e-23,-3.09882506260941e-19,-8.00035775402743e-17,-4.57157086944658e-16,-3.1172961850936e-13,-1.35998627527369e-10,-1.26952874215968e-09,-2.54281843367841e-10,-1.1583189410058e-08,-3.81704887605629e-06,-2.69145076036255e-05,-4.25617817262874e-06,-1.24562540808336e-06,-1.77865099997411e-07,-5.50179219148373e-10,-3.68478306021004e-14,-1.28897057924984e-18,-1.81849763788298e-20,-1.12852231229207e-23,-1.45673497777452e-18,-8.29296496722384e-14,-1.12132912138709e-10,-3.24764250212937e-09,-2.02167411090001e-09,-1.27905570777161e-09,-3.57510925550047e-09,-6.61464863186811e-09,-1.93295939997337e-07,-1.25424567277635e-07,-1.74737831209883e-09,-5.22594063401558e-13,-3.35457883641054e-18,-4.62088952209043e-25,-1.36565909839818e-33,-8.65768771831346e-44,-4.66610651972691e-50,-2.4578885713282e-40,-3.36599569067992e-32,-9.86151705674314e-26,-6.18091417636443e-21,-8.28782371646132e-18,-2.3774265321453e-16,-1.45899066716319e-16,-1.91547607132585e-18,-5.37996879599287e-22,-3.23267162358825e-27,-4.15548992571696e-34,-1.14277751099984e-42,-6.72327043653413e-53,-8.51892179453649e-65,-3.79002654742451e-72,-3.89134127763745e-58,-8.54758656324385e-46,-4.01667324087558e-35,-4.03801852436446e-26,-8.68458206669155e-19,-3.99584460426672e-13,-3.93333876198716e-09,-8.29918966720918e-07,-4.17419729371985e-06,-2.88032806189608e-06,-3.07656125597903e-07,-7.99480582451286e-10,-4.45493913475523e-14,-5.31094260588733e-20,-1.35450477579713e-27,-7.39040581454981e-37,-8.62650426066062e-48,-2.15417114676818e-60,-1.90395826938355e-68,-4.36671391384099e-69,-1.7747083085661e-60,-8.44601991124828e-48,-8.59915996340242e-37,-1.87300425211739e-27,-8.7277099999621e-20,-8.70042884968377e-14,-1.85549513855344e-09,-8.46560090021133e-07,-8.26293941458248e-06,-1.72540143552101e-06,-7.70769551863842e-09,-7.36610243175869e-13,-1.50601662449138e-18,-6.58719601051878e-26,-6.16382380592953e-35,-1.23389627618651e-45,-5.28431315688448e-58,-2.68706037034689e-59,-4.79619078765908e-57,-1.83144671631355e-56,-1.55389585239377e-57,-7.97452658066121e-55,-2.35535291387118e-52,-1.48828909666224e-51,-2.01185844297482e-52,-5.81816921786551e-55,-3.59959869060404e-59,-4.76431678552588e-65,-1.34904577035662e-72,-2.85589013817361e-80,-7.57030116739254e-84,-4.4194892512675e-89,-5.7653506264374e-96,-7.33911462496261e-96,-4.68944180842945e-96,-6.41028650795682e-98,-1.87461694796464e-101,-1.17280673584315e-106,-1.56971096945115e-113,-4.49509691139587e-122,-2.78109980700434e-132,-6.92920576594397e-144,-8.56529108224173e-156,-4.61540221552981e-169,-5.38271784457693e-184,-1.3431617838852e-200,-7.17025268578445e-219,-8.18915439799573e-239,-1.76269323523088e-246,-1.8746153488434e-251,-4.26507240534323e-258,-2.07596227216867e-266,-2.16170599911581e-276,-2.24057244469738e-283,-4.05979838417871e-287,-1.57375848557796e-292,-1.30512020070087e-299,-2.31548380193142e-308,-8.78843970822409e-319,0,0,0,0,0,0,0,0,0,0,0,0,0,0,0,0,0,0,0,0,0,0,0,0,0,0,0,0,0,0,0,0,0,0,0,0,0,0,0,0,0,0,0,0,0,0,0,0,0,0,0,0,0,0,0,0,0,0,0,0,0,0,0,0,0,0,0,0,0,0,0,0,0,0,0,0,0,0,0,0,0,0,0,0,0,0,0,0,0,0,0,0,0,0,0,0,0,0,0,0,0,0,0,0,0
0,0,0,0,0,-5.9165349220781e-319,-3.70886822148425e-288,-4.97385050126795e-259,-1.42699634520554e-231,-8.75854171146761e-206,-1.15005749560405e-181,-3.23062174317724e-159,-1.94147355354977e-138,-2.49606364522624e-119,-6.86528608083805e-102,-4.03961924172506e-86,-5.08511798184267e-72,-1.36943191047097e-59,-7.88966679578715e-49,-9.7242404499138e-40,-2.56407972485012e-32,-1.44639252471965e-26,-1.74549927158395e-22,-4.59731055581893e-20,-8.66770927106078e-16,-1.76738027416833e-11,-7.71186123687659e-09,-7.1989178681339e-08,-1.43779769798527e-08,-2.23701590180561e-08,-7.35215333787167e-06,-5.18362187480101e-05,-7.82645577561123e-06,-7.70290798426579e-08,-7.48728282970679e-09,-2.3154073077606e-11,-1.53271720221647e-15,-2.62481337818986e-21,-5.08234944808291e-24,-8.7061544601905e-27,-1.15762308252442e-20,-7.26290958362747e-16,-9.83175633504946e-13,-2.85424563379073e-11,-4.34701776275033e-10,-5.55799973161782e-08,-1.58497867946523e-07,-6.09487966274349e-08,-1.43157264983329e-06,-8.54928384050146e-07,-1.09230538335783e-08,-2.98575837186413e-12,-1.74607883010085e-17,-2.18461198558124e-24,-5.84775388391058e-33,-3.34897601094589e-43,-8.06938982663089e-46,-1.73830665949716e-43,-1.80529081669976e-35,-5.28904602713192e-29,-3.31502134817989e-24,-4.4450241123039e-21,-1.27508965226024e-19,-7.8250321399642e-20,-1.0273308910605e-21,-2.88544880294292e-25,-1.73378487542208e-30,-2.22878989505467e-37,-6.98911803657595e-46,-2.3254572486271e-53,-1.34100439116883e-61,-1.68172744920771e-71,-2.54594821523307e-59,-5.59234238343633e-47,-2.62794788279013e-36,-2.64191328896965e-27,-5.68197884939804e-20,-2.61447850050424e-14,-2.5826071395187e-10,-6.57159565695114e-08,-3.31058830694454e-06,-1.74758360435659e-05,-2.12498803353316e-06,-5.5350207598222e-09,-3.08439797636539e-13,-3.67705846957956e-19,-9.37798369221056e-27,-5.11678559274827e-36,-5.97260472895469e-47,-1.49145150559207e-59,-8.0299189261704e-74,-8.96557056886611e-76,-1.67704345635081e-61,-7.98122280499304e-49,-8.12593533106507e-38,-1.76993002715274e-28,-8.24741106687353e-21,-8.22163123909245e-15,-1.75338446629209e-10,-7.99972622285121e-08,-7.80821750184517e-07,-1.63045001428523e-07,-7.28352950783036e-10,-6.96073479935452e-14,-1.42313827748398e-19,-6.22469276328541e-27,-5.8246193642436e-36,-1.16599311888673e-46,-4.99347906784415e-59,-4.64862026816191e-66,-8.29741964761342e-64,-3.16840649610018e-63,-2.79677157851337e-64,-2.8779613106365e-61,-8.5003492836155e-59,-5.37115991498517e-58,-7.26069514838565e-59,-2.09974778097104e-61,-1.29907692264667e-65,-1.7194177796569e-71,-4.86863016767238e-79,-5.61077867000118e-88,-7.26293266884415e-92,-4.24004943905597e-97,-5.32560260795545e-104,-8.98476695967863e-105,-5.74095696741958e-105,-7.84766726922875e-107,-2.29496295445778e-110,-1.43578558104022e-115,-1.92168598946943e-122,-5.50256196364255e-131,-3.37841912175565e-141,-5.35136059387489e-153,-2.50493382116477e-165,-1.29895959344242e-178,-1.51425321761531e-193,-3.77853226056528e-210,-2.01710843666557e-228,-2.30363779927583e-248,-9.7839593017569e-261,-1.04051912258884e-265,-2.3673600025329e-272,-1.15227822246172e-280,-1.19985732245663e-290,-9.25760971263169e-299,-1.67698148876622e-302,-6.50072638677848e-308,-5.39106184427339e-315,-9.88131291682493e-324,0,0,0,0,0,0,0,0,0,0,0,0,0,0,0,0,0,0,0,0,0,0,0,0,0,0,0,0,0,0,0,0,0,0,0,0,0,0,0,0,0,0,0,0,0,0,0,0,0,0,0,0,0,0,0,0,0,0,0,0,0,0,0,0,0,0,0,0,0,0,0,0,0,0,0,0,0,0,0,0,0,0,0,0,0,0,0,0,0,0,0,0,0,0,0,0,0,0,0,0,0,0,0,0,0,0
0,0,0,0,0,-1.28457067918724e-322,-7.98975875588002e-292,-1.07148227490932e-262,-3.07407970918775e-235,-1.88679217348784e-209,-2.47748946485654e-185,-6.95950538494962e-163,-4.18238244053248e-142,-5.37709758711761e-123,-1.47894118368134e-105,-8.70227284432329e-90,-1.09545186007858e-75,-2.95007262158502e-63,-1.6996164489606e-52,-2.09482598569901e-43,-5.52361993174461e-36,-3.11586377195727e-30,-3.80443739047252e-26,-1.9720424050375e-20,-1.87920427735784e-14,-3.83287261923624e-10,-1.67245172187229e-07,-1.56121099875096e-06,-3.11781189042156e-07,-1.77656260203896e-08,-5.41591388562795e-06,-3.81847621107237e-05,-5.75965689510038e-06,-1.94184677811312e-08,-1.2176949609645e-10,-3.72690439199214e-13,-2.46660938749221e-17,-3.85910981376035e-23,-6.21713020376786e-28,-1.39914921703091e-29,-3.85081133109128e-23,-2.43525785598813e-18,-3.30078725195491e-15,-1.23181773915825e-12,-7.07863893044238e-09,-9.43335871086463e-07,-2.68976877593416e-06,-5.64565086224797e-07,-1.11781240828128e-05,-6.67371469099605e-06,-8.52419717036678e-08,-2.32926105403664e-11,-1.36163803420002e-16,-1.70287988606504e-23,-4.55601551180478e-32,-2.70964803981348e-42,-2.47958717219839e-40,-1.29078160217523e-38,-1.80778767306658e-38,-1.08487744075777e-32,-6.79969836580899e-28,-9.11753500743194e-25,-2.61543565307485e-23,-1.60505326113042e-23,-2.10723866297659e-25,-5.9223492256072e-29,-1.39803251718916e-33,-6.1493173750639e-37,-7.7594806070163e-42,-2.09483334247144e-48,-1.20988785985621e-56,-1.4949255707305e-66,-6.37044122106236e-61,-1.39930923366758e-48,-6.5756200141088e-38,-6.61057600302216e-29,-1.42189189890674e-21,-6.58374239574247e-16,-8.89336349163616e-12,-3.18770432352392e-08,-8.12574537026896e-06,-4.62122419265876e-05,-5.62659042369586e-06,-1.46560764781728e-08,-8.16712196934643e-13,-9.73641710020366e-19,-2.48317946400694e-26,-1.35486447009029e-35,-1.58147528257242e-46,-3.94918766315568e-59,-2.10975460391378e-73,-2.72448907616584e-77,-6.06081952966327e-63,-2.88440653484042e-50,-2.93670550782661e-39,-6.39651073684579e-30,-2.98060672631804e-22,-2.97128992041803e-16,-6.33671523303001e-12,-2.89109365292883e-09,-2.82188257840487e-08,-5.89243126127594e-09,-2.6322608229839e-11,-2.51560311409786e-15,-5.14320856321449e-21,-2.24959820349358e-28,-2.10501204736095e-37,-4.21388834000704e-48,-1.80463871346972e-60,-3.24101363000754e-73,-5.48983589297217e-71,-2.09631820941033e-70,-2.00022690191814e-71,-3.97223634430809e-68,-1.17324106720038e-65,-7.41341935549442e-65,-1.00214066978743e-65,-2.89812835355701e-68,-1.79302090331663e-72,-2.37318665793705e-78,-6.71981400392426e-86,-4.16828432375256e-95,-2.66490293750458e-100,-1.55574875160187e-105,-1.94442810882883e-112,-4.20668222630686e-114,-2.68792492282854e-114,-3.67428994133376e-116,-1.07450520132815e-119,-6.72237025954097e-125,-8.99736154445084e-132,-2.5762572231333e-140,-1.57895281229598e-150,-2.16859400000111e-162,-3.14157561090768e-175,-1.40020511287047e-188,-1.62919156628006e-203,-4.06525434039185e-220,-2.1701698913198e-238,-2.47844155436855e-258,-2.0769924160017e-275,-2.20880646943513e-280,-5.02541469498997e-287,-2.44604787851493e-295,-2.54704630100272e-305,-1.46773992653603e-314,-2.64924422153472e-318,-9.88131291682493e-324,0,0,0,0,0,0,0,0,0,0,0,0,0,0,0,0,0,0,0,0,0,0,0,0,0,0,0,0,0,0,0,0,0,0,0,0,0,0,0,0,0,0,0,0,0,0,0,0,0,0,0,0,0,0,0,0,0,0,0,0,0,0,0,0,0,0,0,0,0,0,0,0,0,0,0,0,0,0,0,0,0,0,0,0,0,0,0,0,0,0,0,0,0,0,0,0,0,0,0,0,0,0,0,0,0,0,0,0
0,0,0,0,0,-0,-6.58257221056119e-296,-8.82768762165228e-267,-2.53266115849333e-239,-1.55448319627477e-213,-2.04114464549006e-189,-5.73377096179569e-167,-3.44576541897802e-146,-4.43006281314654e-127,-1.21846446610048e-109,-7.16959562159556e-94,-9.02516733293585e-80,-2.43049466840173e-67,-1.40027356862396e-56,-1.72587730628018e-47,-4.5507792688482e-40,-2.58469589475054e-34,-3.67147283422317e-27,-1.63480701310263e-19,-1.55861221908085e-13,-3.17898494993126e-09,-1.38713163245643e-06,-1.29486856510274e-05,-2.58590496475621e-06,-1.56819193610231e-08,-1.52587915876649e-06,-1.07576664148159e-05,-1.62261089036983e-06,-5.2410150864271e-09,-1.10321273785208e-12,-2.44602573460376e-15,-7.2830578971276e-18,-7.19222643217588e-21,-1.55172485481064e-25,-2.19643514649074e-30,-4.93561929259354e-26,-3.12495318629543e-21,-2.95596470258655e-17,-7.37617636990174e-12,-4.59478813233197e-08,-6.12330239344982e-06,-1.74585263534933e-05,-2.2631419607505e-06,-3.34450438883362e-05,-1.99673592373514e-05,-2.5503885003293e-07,-6.96900636017131e-11,-4.0739358751194e-16,-5.09490775395847e-23,-1.36312998235304e-31,-1.19832897197991e-38,-2.91398813325598e-35,-1.51691471292366e-33,-1.68932557556865e-33,-4.10990523354057e-35,-5.33412065939996e-32,-7.15237802568237e-29,-2.05172109120129e-27,-1.27590674408225e-27,-1.02866488393553e-27,-1.30449167490063e-27,-3.5968321675827e-29,-2.12167758868633e-32,-2.6774256098978e-37,-7.22826799178034e-44,-4.17474436451137e-52,-5.15827316145725e-62,-6.09619938134392e-63,-1.33907028649586e-50,-6.29256607848457e-40,-6.32722397643348e-31,-1.37626941554091e-23,-1.05358662080394e-17,-2.54710533169699e-12,-3.09208301292695e-08,-8.22257862663974e-06,-4.67972027923119e-05,-5.69788325705653e-06,-1.484178232885e-08,-8.27060687994772e-13,-9.85978641706026e-19,-2.51464362078853e-26,-1.37203184309845e-35,-1.60151402200242e-46,-3.99922748572777e-59,-2.13648712582575e-73,-3.76566585725725e-79,-8.37699180434483e-65,-3.98669681294723e-52,-4.05898209811982e-41,-8.84096907302863e-32,-4.11966038522328e-24,-4.10678311569149e-18,-8.75832242055044e-14,-3.99593944641408e-11,-3.90027901613406e-10,-8.14425312316082e-11,-3.63819236542411e-13,-3.47695333389228e-17,-7.1087112512122e-23,-3.10929332601027e-30,-2.90945285245435e-39,-5.82424669071525e-50,-2.49429035769015e-62,-2.28532437970344e-76,-1.38913793527123e-78,-5.30448500306353e-78,-5.85204326937552e-79,-2.09679077528165e-75,-6.19309073947599e-73,-3.91326045788033e-72,-5.28991720049734e-73,-1.5298110823086e-75,-9.46467138123188e-80,-1.25271444421818e-85,-3.54713272455245e-93,-2.15009915552639e-102,-3.73982358976183e-109,-2.18312048072031e-114,-2.72681457651217e-121,-7.53256031284774e-124,-4.81304230399186e-124,-6.57924362937967e-126,-1.92402657749023e-129,-1.20371860648853e-134,-1.6110821850649e-141,-4.61306739697911e-150,-2.82613498995236e-160,-3.74448813061502e-172,-2.09227590303302e-185,-5.80933032926922e-199,-6.7041883594259e-214,-1.67271653416243e-230,-8.92951616224669e-249,-1.0197949829759e-268,-4.17775356708988e-290,-1.7932257534839e-295,-4.07989707459387e-302,-1.98583085965374e-310,-2.06766472784562e-320,0,0,0,0,0,0,0,0,0,0,0,0,0,0,0,0,0,0,0,0,0,0,0,0,0,0,0,0,0,0,0,0,0,0,0,0,0,0,0,0,0,0,0,0,0,0,0,0,0,0,0,0,0,0,0,0,0,0,0,0,0,0,0,0,0,0,0,0,0,0,0,0,0,0,0,0,0,0,0,0,0,0,0,0,0,0,0,0,0,0,0,0,0,0,0,0,0,0,0,0,0,0,0,0,0,0,0,0,0,0,0
0,0,0,0,0,0,-2.07408857767801e-300,-2.78149718342665e-271,-7.98010779362484e-244,-4.89798780545607e-218,-6.43139894129453e-194,-1.80664161037282e-171,-1.08571884489077e-150,-1.39585900241275e-131,-3.83923358621257e-114,-2.25905252683195e-98,-2.84372064264519e-84,-7.65819358844501e-72,-4.41209199292663e-61,-5.43802996137438e-52,-1.43963188507322e-44,-5.59399337772214e-36,-1.1636101562452e-26,-5.18561509298201e-19,-4.94392489274558e-13,-1.00837544035794e-08,-4.39998770910482e-06,-4.10732884900806e-05,-8.20250163222954e-06,-3.59638400930798e-08,-1.7172955317212e-07,-1.16180875378813e-06,-1.74849613607861e-07,-5.64156008171393e-10,-9.34528944869998e-14,-1.16271848374513e-13,-5.48101169011568e-15,-5.52771981807353e-18,-1.19265347816466e-22,-5.03969686900659e-26,-4.7865842261531e-26,-6.15301892851028e-24,-6.28875776265043e-17,-1.83110456582157e-11,-1.14065563880296e-07,-1.52010913328165e-05,-4.33395428374564e-05,-4.01455848291357e-06,-3.82715980207119e-05,-2.28477984554524e-05,-2.91830089262924e-07,-7.9743370356677e-11,-4.66163123352205e-16,-5.82988584837583e-23,-1.55977160212368e-31,-5.38234224691566e-34,-1.30968206089823e-30,-6.81772161236928e-29,-7.59261637241551e-29,-1.80893290588296e-30,-9.23603274378226e-34,-2.74391147481774e-33,-7.87889467155189e-29,-2.21702158589963e-25,-1.33564990548822e-23,-1.72144929981142e-23,-4.74651265957412e-25,-2.79984416087216e-28,-3.5332297894916e-33,-9.53868959069299e-40,-5.50914695731427e-48,-6.80704790789348e-58,-2.2312774725084e-65,-4.90078084172327e-53,-2.30376465927726e-42,-2.36318458040532e-33,-1.10742667977824e-25,-1.67895138922293e-18,-9.62833855109913e-13,-1.19703989032908e-08,-3.18451292428072e-06,-1.81241597725692e-05,-2.20674212261716e-06,-5.74809711382632e-09,-3.20313628676572e-13,-3.81861211767124e-19,-9.73900264751465e-27,-5.31376360528576e-36,-6.20252872867237e-47,-1.54886707402712e-59,-8.2744344378601e-74,-1.9905276882175e-81,-4.42807054169357e-67,-2.10736444876538e-54,-2.14557438729065e-43,-4.67332852014934e-34,-2.17764887678745e-26,-2.17084196337473e-20,-4.62964157192783e-16,-2.11225009673283e-13,-2.06168407694647e-12,-4.30504507836089e-13,-1.9231453025886e-15,-1.83791449153217e-19,-3.75765855048014e-25,-1.64356973290213e-32,-1.53793423335061e-41,-3.07869170712762e-52,-1.31847970169787e-64,-1.20797932964982e-78,-1.34431514146247e-86,-5.13332732785471e-86,-7.25948234845203e-87,-4.23296721393923e-83,-1.25025135038431e-80,-7.9000282374102e-80,-1.06792010670633e-80,-3.08835838509141e-83,-1.91071286908521e-87,-2.52896008054013e-93,-7.16089536758274e-101,-4.3378931811171e-110,-2.01252610666468e-118,-1.17161695768723e-123,-1.46328361164508e-130,-5.15843231221201e-134,-3.29603584273584e-134,-4.50555416945763e-136,-1.31759917350322e-139,-8.24322625995536e-145,-1.10329064890024e-151,-3.15908705897936e-160,-1.93519197065345e-170,-2.54246006195176e-182,-8.76840762152292e-196,-9.47019448171266e-210,-1.05541568017173e-224,-2.63225615269133e-241,-1.40517961167614e-259,-1.60478465307089e-279,-3.9209049939473e-301,-5.56777877685908e-311,-1.26676554144241e-317,-0,0,0,0,0,0,0,0,0,0,0,0,0,0,0,0,0,0,0,0,0,0,0,0,0,0,0,0,0,0,0,0,0,0,0,0,0,0,0,0,0,0,0,0,0,0,0,0,0,0,0,0,0,0,0,0,0,0,0,0,0,0,0,0,0,0,0,0,0,0,0,0,0,0,0,0,0,0,0,0,0,0,0,0,0,0,0,0,0,0,0,0,0,0,0,0,0,0,0,0,0,0,0,0,0,0,0,0,0,0,0,0,0
0,0,0,0,0,0,-2.49935916340629e-305,-3.35181464678287e-276,-9.61634703243742e-249,-5.90226995875135e-223,-7.75009131743099e-199,-2.17707493907097e-176,-1.30833435614328e-155,-1.68206557137932e-136,-4.62642904812684e-119,-2.72224807287375e-103,-3.42679638799211e-89,-9.22842762185628e-77,-5.31674626631152e-66,-6.56833199713037e-57,-6.97651972259477e-47,-6.77636867293808e-36,-1.41159785397154e-26,-6.29076942899955e-19,-5.997570397511e-13,-1.2232796455994e-08,-5.33770973589451e-06,-4.98267964265485e-05,-9.95063128150365e-06,-5.83295442738695e-08,-2.81673088471887e-07,-1.50102624158657e-07,-8.01919558242175e-09,-2.35359136467342e-11,-1.55108938631077e-11,-3.4175866776033e-11,-1.61111318313341e-12,-1.62484288577493e-15,-3.5067411242552e-20,-4.59796289153149e-22,-4.36944595366559e-22,-1.32703060317446e-23,-5.97048087846715e-17,-1.73848884358766e-11,-1.0829622436374e-07,-1.44322330118337e-05,-4.11469275262679e-05,-3.10970521374081e-06,-1.67500380833263e-05,-9.99856769099361e-06,-1.27709586245997e-07,-3.48969938631998e-11,-2.04000553050386e-16,-2.55125272187192e-23,-6.83394760785935e-32,-9.25164808670372e-30,-2.25119793168456e-26,-1.17189058709719e-24,-1.30508638577011e-24,-3.10935465774761e-26,-1.58482051733383e-29,-3.01862894455386e-30,-3.97328793421506e-25,-1.11890707515204e-21,-6.74088332411196e-20,-8.68797192374468e-20,-2.39551456592978e-21,-1.41305163406107e-24,-1.78318357761709e-29,-4.81407540508657e-36,-2.78040800238341e-44,-3.43544483789578e-54,-9.11228215180777e-66,-6.86380356244862e-56,-3.34313774522113e-45,-1.03487131936139e-35,-9.09743824556769e-27,-2.45321530869311e-19,-1.42579906304941e-13,-1.77302417698082e-09,-4.71683547401704e-07,-2.68451368787531e-06,-3.26858155891194e-07,-8.51396456018961e-10,-4.74442033371208e-14,-5.65605061904255e-20,-1.44252126835351e-27,-7.87063859930627e-37,-9.18705942745268e-48,-2.29415041457736e-60,-1.2255924032689e-74,-4.02406062025126e-84,-8.95180623620485e-70,-4.26025693059511e-57,-4.33750230479474e-46,-9.44762080834121e-37,-4.40234422914919e-29,-4.38858334404957e-23,-9.35930308805021e-19,-4.27013377730099e-16,-4.16790929668318e-15,-8.70309743640048e-16,-3.88783872134438e-18,-3.71553575129278e-22,-7.59649850403047e-28,-3.32264756085022e-35,-3.10909438577179e-44,-6.22389624639453e-55,-2.6654441714143e-67,-2.44205614925813e-81,-5.02324801778263e-95,-1.89987231844739e-94,-3.91921005202661e-95,-3.26816862790618e-91,-9.6528803605776e-89,-6.09941572128418e-88,-8.24514608324386e-89,-2.38444485524536e-91,-1.47521398181464e-95,-1.95254730871732e-101,-5.52874957796218e-109,-3.34912438552371e-118,-4.55314360929352e-128,-2.40471325957905e-133,-3.00332052313274e-140,-1.35108349440856e-144,-8.63244608912001e-145,-1.18002216375071e-146,-3.45084349049121e-150,-2.15893302387021e-155,-2.88956112027369e-162,-8.27376991788061e-171,-5.0682328390274e-181,-6.64567254817594e-193,-1.96187612858501e-206,-6.55961855008229e-221,-6.36284171533657e-236,-1.58420014402299e-252,-8.45678957506514e-271,-9.65807017676341e-291,-2.35968544459257e-312,-0,0,0,0,0,0,0,0,0,0,0,0,0,0,0,0,0,0,0,0,0,0,0,0,0,0,0,0,0,0,0,0,0,0,0,0,0,0,0,0,0,0,0,0,0,0,0,0,0,0,0,0,0,0,0,0,0,0,0,0,0,0,0,0,0,0,0,0,0,0,0,0,0,0,0,0,0,0,0,0,0,0,0,0,0,0,0,0,0,0,0,0,0,0,0,0,0,0,0,0,0,0,0,0,0,0,0,0,0,0,0,0,0,0,0
0,0,0,0,0,0,-1.15186011851534e-310,-1.54472461293759e-281,-4.43181067957118e-254,-2.72013301398881e-228,-3.57172399793674e-204,-1.0033315075523e-181,-6.02961826611202e-161,-7.75200410075967e-142,-2.13214618759135e-124,-1.25458118775341e-108,-1.57928086182754e-94,-4.25303332696342e-82,-2.45362152714244e-71,-7.1239965420714e-60,-3.2287547745914e-47,-3.14391077249897e-36,-6.54913859851604e-27,-2.91861600426175e-19,-2.78258568310714e-13,-5.67543222117723e-09,-2.47644191018508e-06,-2.31172493567839e-05,-4.61688634366134e-06,-2.46325785029609e-07,-3.94347183113325e-06,-1.46888678461004e-06,-1.18183666302509e-08,-1.93388396681797e-11,-1.74351984877335e-09,-3.841975502868e-09,-1.81117787701462e-10,-1.82661250582574e-13,-3.97719028744113e-18,-1.60598239771074e-18,-1.5262176905334e-18,-3.10308575944859e-20,-2.16789400967125e-17,-6.3124852170828e-12,-3.93225598130194e-08,-5.24037055787885e-06,-1.49404356462205e-05,-1.01168422059602e-06,-2.80400199619765e-06,-1.67340449179405e-06,-2.13740405981127e-08,-5.84051507328372e-12,-3.41424338645074e-17,-4.26988927361557e-24,-5.46137104455179e-31,-6.08186266488202e-26,-1.47989596271552e-22,-7.70379238617952e-21,-8.57939697843866e-21,-2.04403235268082e-22,-1.04183172920317e-25,-5.82724682293956e-27,-7.66909138671706e-22,-2.15967248150008e-18,-1.30110002335173e-16,-1.67691976397657e-16,-4.6237323920471e-18,-2.72741927975184e-21,-3.44183407859782e-26,-9.2919478365253e-33,-5.36663927098158e-41,-6.63096680938117e-51,-1.75279091205509e-62,-3.91631367416152e-59,-8.50805633218878e-48,-4.04392193083111e-37,-5.11432541989175e-28,-1.38949463424399e-20,-8.07671607046356e-15,-1.00436619053358e-10,-2.67194904099996e-08,-1.52069831941693e-07,-1.8515556489863e-08,-4.82291137380664e-11,-2.6875750571682e-15,-3.20398689336321e-21,-8.17146017336165e-29,-4.45848607324609e-38,-5.20419988728637e-49,-1.29956896689759e-61,-6.94262173584266e-76,-3.11129566348827e-87,-6.92112220801338e-73,-3.29383345396056e-60,-3.353556001649e-49,-7.30446308422558e-40,-3.4036887760655e-32,-3.39304949668973e-26,-7.23617991107164e-22,-3.30146977464015e-19,-3.22243453813726e-18,-6.7288320765879e-19,-3.00589693358671e-21,-2.87268025294549e-25,-5.87326100589005e-31,-2.56891729065743e-38,-2.40380786093706e-47,-4.81202847723323e-58,-2.06079805150205e-70,-1.88808477327043e-84,-3.70142531447132e-100,-2.68917844522794e-103,-9.18655205663416e-104,-9.65014260838118e-100,-2.85027141166804e-97,-1.8010158221017e-96,-2.43460016992178e-97,-7.04071194268708e-100,-4.35596431468439e-104,-5.76541878286925e-110,-1.63251136196555e-117,-9.88918223947132e-127,-1.60490724726147e-137,-1.88760329528649e-143,-2.35748241759036e-150,-1.35384875892321e-155,-8.64660313335309e-156,-1.18195737722269e-157,-3.4565028069154e-161,-2.1624736321607e-166,-2.89429994274212e-173,-8.28733828459395e-182,-5.07651927549772e-192,-6.65354939903417e-204,-1.88807874080356e-217,-2.37139376714462e-232,-1.47557212126881e-247,-3.64661141054157e-264,-1.94647673604882e-282,-2.2229702802756e-302,-4.94065645841247e-324,0,0,0,0,0,0,0,0,0,0,0,0,0,0,0,0,0,0,0,0,0,0,0,0,0,0,0,0,0,0,0,0,0,0,0,0,0,0,0,0,0,0,0,0,0,0,0,0,0,0,0,0,0,0,0,0,0,0,0,0,0,0,0,0,0,0,0,0,0,0,0,0,0,0,0,0,0,0,0,0,0,0,0,0,0,0,0,0,0,0,0,0,0,0,0,0,0,0,0,0,0,0,0,0,0,0,0,0,0,0,0,0,0,0,0
0,0,0,0,0,0,-2.0302079314112e-316,-2.72265015536248e-287,-7.81127583144106e-260,-4.79436302828127e-234,-6.2953323954629e-210,-1.76841921339144e-187,-1.06274872372157e-166,-1.36632736945693e-147,-3.75800845036187e-130,-2.21125865228247e-114,-2.78355719043512e-100,-7.50212125529126e-88,-5.95940383275162e-75,-1.25869819846425e-60,-5.7289884254724e-48,-5.57844436261406e-37,-1.16205604861475e-27,-5.17868927389125e-20,-4.93732187096507e-14,-1.00702867131511e-09,-4.39411116055152e-07,-4.10184321083031e-06,-8.20682894965381e-07,-1.24667628457942e-06,-2.16345847216413e-05,-8.06041937163372e-06,-6.54270036840126e-08,-7.44221506264824e-10,-7.49603568433935e-08,-1.65180717012793e-07,-7.78692264278252e-09,-7.85328183525463e-12,-2.17734814915075e-16,-2.14535970015516e-15,-2.03880784808491e-15,-4.14506458466166e-17,-3.02851009322564e-18,-8.76594097946894e-13,-5.46059478369394e-09,-7.2771305840219e-07,-2.07472895782865e-06,-1.33155434453117e-07,-1.7969979406043e-07,-1.07112973046172e-07,-1.36810578198313e-09,-3.73838468444227e-13,-2.18538174568195e-18,-2.73306177213921e-25,-1.34433740899217e-27,-1.52905749370829e-22,-3.72064634863424e-19,-1.93683121884326e-17,-2.15696933065069e-17,-5.13895685987088e-19,-2.61929722894335e-22,-4.30358746813568e-24,-5.66118685537784e-19,-1.59423181282799e-15,-9.60448895222218e-14,-1.23787234323351e-13,-3.41315701179132e-15,-2.01333240106881e-18,-2.54070069863784e-23,-6.85915062168945e-30,-3.96155765610726e-38,-4.89486175699168e-48,-1.29387907402753e-59,-6.04686792578294e-62,-1.47293551139819e-49,-8.72369854168578e-39,-1.10790907952121e-29,-3.01025639717104e-22,-1.74977397307441e-16,-2.17590149276032e-12,-5.78862367500464e-10,-3.29450530653595e-09,-4.01128865143446e-10,-1.04485596591258e-12,-5.82247653890361e-17,-6.9412530332151e-23,-1.77029977343644e-30,-9.65905323881682e-40,-1.12745992587895e-50,-2.81544130284543e-63,-1.50407900488625e-77,-9.21672233717873e-91,-2.04650148642454e-76,-9.73951168173381e-64,-9.91610483952523e-53,-2.15985126546289e-43,-1.00643420679376e-35,-1.00328828617531e-29,-2.13966066469651e-25,-9.76209146164775e-23,-9.52839275770666e-22,-1.98964336024794e-22,-8.88811432270596e-25,-8.49420690891526e-29,-1.73666018565556e-34,-7.59601246131032e-42,-7.10780161458632e-51,-1.42286512727274e-61,-6.09355845607935e-74,-5.58286384615446e-88,-1.09426346648758e-103,-1.4557427319923e-112,-9.08252382790776e-113,-1.08976465435902e-108,-3.21873492460783e-106,-2.03383877852443e-105,-2.74932855948529e-106,-7.95088682827155e-109,-4.91907346529307e-113,-6.51073252724065e-119,-1.8435512190407e-126,-1.11675876719854e-135,-1.45695258178282e-146,-5.66670717876843e-154,-7.07726472831596e-161,-5.20272343785669e-167,-3.31227875634982e-167,-4.52775760735808e-169,-1.3240923218094e-172,-8.28384900115322e-178,-1.10872767787103e-184,-3.17465411291038e-193,-1.94467438662671e-203,-2.54852800736812e-215,-7.16492332964675e-229,-5.3879517290689e-244,-1.34124238183376e-259,-3.21114365569706e-276,-1.71342044752855e-294,-1.95680105151129e-314,0,0,0,0,0,0,0,0,0,0,0,0,0,0,0,0,0,0,0,0,0,0,0,0,0,0,0,0,0,0,0,0,0,0,0,0,0,0,0,0,0,0,0,0,0,0,0,0,0,0,0,0,0,0,0,0,0,0,0,0,0,0,0,0,0,0,0,0,0,0,0,0,0,0,0,0,0,0,0,0,0,0,0,0,0,0,0,0,0,0,0,0,0,0,0,0,0,0,0,0,0,0,0,0,0,0,0,0,0,0,0,0,0,0,0,0
0,0,0,0,0,0,-1.38338380835549e-322,-1.83527993669952e-293,-5.26541310687089e-266,-3.23177704551106e-240,-4.24354822726343e-216,-1.19205337329833e-193,-7.16376067104165e-173,-9.2101190569368e-154,-2.5331927046565e-136,-1.49056192264554e-120,-1.87720448732934e-106,-4.08752227242275e-92,-4.01473307510272e-76,-8.54150085121365e-62,-3.88768027489367e-49,-3.78552137000407e-38,-7.88568948478727e-29,-3.5142483532344e-21,-3.35045690845045e-15,-6.83367675228329e-11,-2.98183518902609e-08,-2.78350354938159e-07,-5.87942890814574e-08,-2.60867863420573e-06,-4.54179717240347e-05,-1.71498763468253e-05,-1.85416203339403e-07,-1.22092321785462e-08,-1.23255443016358e-06,-2.71602525956277e-06,-1.28038423458475e-07,-1.29129562580722e-10,-2.74596392124458e-14,-1.09604811267405e-12,-1.04161161071438e-12,-2.11768234047353e-14,-9.37062574632453e-18,-4.65550088311537e-14,-2.90006562637449e-10,-3.86483646556893e-08,-1.10618526246811e-07,-2.14332178088514e-08,-1.48860548939627e-08,-2.78362359328276e-09,-3.35438098999727e-11,-9.15175435507764e-15,-5.34971083116605e-20,-6.69064176273909e-27,-1.29260239510415e-24,-1.4702145759149e-19,-3.57746423276757e-16,-1.86229589191212e-14,-2.07396240021897e-14,-4.94119371669712e-16,-2.51849846930716e-19,-1.21690527749119e-21,-1.59823548315668e-16,-4.50074854748604e-13,-2.71148708445223e-11,-3.49469387447389e-11,-9.63583924216862e-13,-5.68393053431978e-16,-7.17276802970479e-21,-1.93643809822076e-27,-1.118405411499e-35,-1.3818907492409e-45,-3.65280903077825e-57,-4.3931595293114e-64,-1.21749627074895e-51,-7.22769777722253e-41,-9.17953479775509e-32,-2.49413714615796e-24,-1.44976896896161e-18,-1.80283540209811e-14,-4.79614344926837e-12,-2.72965059254961e-11,-3.32353887017669e-12,-8.65711674776796e-15,-4.82419211861451e-19,-5.75115038290062e-25,-1.46677554774747e-32,-8.00297402602367e-42,-9.34152890464557e-53,-2.33272382513819e-65,-1.24619928181146e-79,-1.18275610804114e-94,-2.31428751909117e-80,-1.10139330347902e-67,-1.12136335205923e-56,-2.44246918944919e-47,-1.1381267685461e-39,-1.13456920219612e-33,-2.41963663561693e-29,-1.10394673933946e-26,-1.07751890640866e-25,-2.24998947062047e-26,-1.0051129785022e-28,-9.60567933338018e-33,-1.96390328530226e-38,-8.58995556596664e-46,-8.03786201668108e-55,-1.60904794217881e-65,-6.89090449007914e-78,-6.31338516275084e-92,-1.23744854279672e-107,-3.01902435369562e-122,-3.65520976913957e-122,-4.70653628353377e-118,-1.39012517974116e-115,-8.78385627827149e-115,-1.18739534240698e-115,-3.43387331984143e-118,-2.12447686599532e-122,-2.81189145321738e-128,-7.96203176017437e-136,-4.82312000789293e-145,-6.25156089124162e-156,-6.50773875317537e-165,-8.12553911083122e-172,-7.8116266061262e-179,-4.85263844534688e-179,-6.6333700309818e-181,-1.9398552412501e-184,-1.21362140977047e-189,-1.62433628044109e-196,-4.65101209392579e-205,-2.8490353307809e-215,-3.73361944252148e-227,-1.04741144359294e-240,-6.64925140701047e-256,-5.13576979832377e-272,-1.08274477140462e-288,-5.76838415288157e-307,-0,0,0,0,0,0,0,0,0,0,0,0,0,0,0,0,0,0,0,0,0,0,0,0,0,0,0,0,0,0,0,0,0,0,0,0,0,0,0,0,0,0,0,0,0,0,0,0,0,0,0,0,0,0,0,0,0,0,0,0,0,0,0,0,0,0,0,0,0,0,0,0,0,0,0,0,0,0,0,0,0,0,0,0,0,0,0,0,0,0,0,0,0,0,0,0,0,0,0,0,0,0,0,0,0,0,0,0,0,0,0,0,0,0,0,0,0
0,0,0,0,0,0,0,-4.73132188538637e-300,-1.35741495179965e-272,-8.33146876307797e-247,-1.09397984459257e-222,-3.07309424619861e-200,-1.84680587232511e-179,-2.37435374243041e-160,-6.53052968242992e-143,-3.84368167030675e-127,-2.30219709745861e-111,-1.04770800292348e-93,-1.04193095988811e-77,-2.21674882479872e-63,-1.00895742220087e-50,-9.82444443240679e-40,-2.04654816555488e-30,-9.1204181124438e-23,-8.69533533242457e-17,-1.77352261312857e-12,-7.73866298964916e-10,-7.22400461251418e-09,-4.01578636077181e-09,-2.09396762754813e-06,-3.68268497747754e-05,-1.73758173858279e-05,-8.803460964956e-07,-7.8611868868663e-08,-7.75086686178967e-06,-1.70796105818404e-05,-8.05164239354524e-07,-8.12028068833235e-10,-4.83845692591447e-12,-2.14155304369084e-10,-2.03519032787702e-10,-4.13770984550509e-12,-1.79967725401106e-15,-9.45609204694525e-16,-5.89052086693225e-12,-7.93281691071821e-10,-1.52852364658351e-08,-4.39489047009449e-07,-3.16549132779725e-07,-4.90248317648549e-09,-1.92183870492615e-12,-9.70201632033756e-17,-5.02555392612243e-22,-1.52045073877758e-28,-4.75325996120351e-22,-5.40638954765965e-17,-1.31553349776341e-13,-6.84818203384885e-12,-7.62653889198819e-12,-1.81701491064928e-13,-9.26122214796437e-17,-1.32102570621351e-19,-1.72561437256727e-14,-4.85945685895631e-11,-2.92759179311911e-09,-3.77321992977158e-09,-1.04038127442848e-10,-6.13693809583286e-14,-7.74443549376266e-19,-2.09077163477602e-25,-1.20754198788519e-33,-1.49202702814354e-43,-3.94393681668523e-55,-1.41253273531844e-66,-3.85784181897111e-54,-2.29026833510969e-43,-2.90875551275463e-34,-7.90327111265978e-27,-4.59394032573784e-21,-5.71271590970345e-17,-1.51977296185606e-14,-8.6495518946668e-14,-1.05314291909737e-14,-2.74321485586427e-17,-1.52866085475153e-21,-1.82238978962021e-27,-4.64782974520559e-35,-2.53593406198943e-44,-2.96008724548123e-55,-7.39179433313924e-68,-3.94888099910872e-82,-4.96305254828859e-98,-1.000903629588e-84,-4.76340362190179e-72,-4.84977186241694e-61,-1.05634077732772e-51,-4.92227177553302e-44,-4.90688569647921e-38,-1.04646595157036e-33,-4.77444694819359e-31,-4.66014950812019e-30,-9.7309543827261e-31,-4.34700191756618e-33,-4.15434954824217e-37,-8.49366342860805e-43,-3.71506030821614e-50,-3.47628598445838e-59,-6.95895351041067e-70,-2.98023960219651e-82,-2.73046891203311e-96,-5.35182740993237e-112,-2.2465047218015e-129,-5.82568768767256e-132,-7.77391537607312e-128,-2.29610798894748e-125,-1.45085369779867e-124,-1.96125354138773e-125,-5.67182299668104e-128,-3.50905686439986e-132,-4.64447844257275e-138,-1.31511068206055e-145,-7.96647995668065e-155,-1.03240832349465e-165,-2.88536398803788e-176,-3.5678668595094e-183,-5.20850240402374e-191,-2.71893416657631e-191,-3.71667838426302e-193,-1.08690122970367e-196,-6.79992287375042e-202,-9.1011590097461e-209,-2.60596288495496e-217,-1.59631489551033e-227,-2.0919360941908e-239,-5.86570966564573e-253,-3.56536578649518e-268,-1.00886800197905e-284,-1.40359295129627e-301,-7.42728885393146e-320,0,0,0,0,0,0,0,0,0,0,0,0,0,0,0,0,0,0,0,0,0,0,0,0,0,0,0,0,0,0,0,0,0,0,0,0,0,0,0,0,0,0,0,0,0,0,0,0,0,0,0,0,0,0,0,0,0,0,0,0,0,0,0,0,0,0,0,0,0,0,0,0,0,0,0,0,0,0,0,0,0,0,0,0,0,0,0,0,0,0,0,0,0,0,0,0,0,0,0,0,0,0,0,0,0,0,0,0,0,0,0,0,0,0,0,0,0
0,0,0,0,0,0,0,-4.66479299143868e-307,-1.33832783036532e-279,-8.21431685179514e-254,-1.07859698313753e-229,-3.02988231385724e-207,-1.82083724135925e-186,-2.3409670648698e-167,-6.43971504711291e-150,-1.06739752103514e-132,-2.23703291066589e-113,-1.03990150756682e-95,-1.03416763798621e-79,-2.20023205414554e-65,-1.00143978278463e-52,-9.75124349341492e-42,-2.03129954275067e-32,-9.05246280215391e-25,-8.63054727081339e-19,-1.76030827602306e-14,-7.68100300793749e-12,-7.17218891542324e-11,-8.04223554959738e-10,-6.47629106776282e-07,-1.3521786087767e-05,-2.63376243518708e-05,-4.52185414762108e-06,-2.00416173810941e-07,-1.86407835464927e-05,-4.10763481771313e-05,-1.9364145615061e-06,-1.95308993425051e-09,-3.60289133072564e-10,-1.60028655202521e-08,-1.52080646436819e-08,-3.09192501287491e-10,-1.34481567938377e-13,-8.59704743120788e-18,-4.70570340652578e-14,-1.01786937347215e-10,-1.50635713275237e-07,-5.07191408687818e-06,-3.65379853398959e-06,-5.63114678773232e-08,-1.85674741948689e-11,-1.31265890339594e-16,-2.15549400521709e-23,-1.25736356178025e-26,-6.68479171185229e-20,-7.60332662934962e-15,-1.85011286870291e-11,-9.63100501019886e-10,-1.07256544753284e-09,-2.55537595548318e-11,-1.3024606596648e-14,-5.55518614564153e-18,-7.12551785033562e-13,-2.00659817986525e-09,-1.20888003206246e-07,-1.55806224091823e-07,-4.29600927063782e-09,-2.53410394833482e-12,-3.19788211253009e-17,-8.63334870258834e-24,-4.986260039608e-32,-6.16097396453814e-42,-1.62855575583067e-53,-9.22631887119632e-67,-4.67520410944067e-57,-2.77550886553497e-46,-3.52503530618695e-37,-9.57774195390525e-30,-5.56726124719681e-24,-6.92307249228996e-20,-1.84176818050419e-17,-1.04821376975686e-16,-1.27627294773555e-17,-3.32442145019269e-20,-1.85253915665485e-24,-2.20850061899976e-30,-5.63256825063273e-38,-3.07322394887512e-47,-3.58724272445628e-58,-8.9578982790828e-71,-4.78553281002826e-85,-5.47676131556025e-101,-1.65552947451145e-89,-7.87883554613433e-77,-8.02169162498917e-66,-1.74722444828601e-56,-8.14160900715795e-49,-8.11615989635659e-43,-1.73089114244745e-38,-7.89710159256715e-36,-7.7080496445984e-35,-1.60953375724699e-35,-7.19009261985675e-38,-6.87143888904588e-42,-1.40488152275245e-47,-6.14483918134167e-55,-5.74989813102265e-64,-1.15103515540073e-74,-4.92942013265893e-87,-4.51629070919507e-101,-8.85210899203992e-117,-3.71185006534431e-134,-3.61595106590617e-142,-4.9107509532846e-138,-1.45044214862433e-135,-9.16498424684031e-135,-1.238915945705e-135,-3.58286769329802e-138,-2.2166570573096e-142,-2.93389828523396e-148,-8.30750109554387e-156,-5.03239323279161e-165,-6.52165161770794e-176,-6.60538903022558e-188,-5.99148953024316e-195,-2.51267794457262e-203,-5.82625048225653e-204,-7.96426022076327e-206,-2.3290592654667e-209,-1.45711707197948e-214,-1.95023596798023e-221,-5.5841707009488e-230,-3.42065299457253e-240,-4.48268604262782e-252,-1.25678510731053e-265,-7.56113239787816e-281,-1.2416874674504e-297,-7.11583675312758e-315,0,0,0,0,0,0,0,0,0,0,0,0,0,0,0,0,0,0,0,0,0,0,0,0,0,0,0,0,0,0,0,0,0,0,0,0,0,0,0,0,0,0,0,0,0,0,0,0,0,0,0,0,0,0,0,0,0,0,0,0,0,0,0,0,0,0,0,0,0,0,0,0,0,0,0,0,0,0,0,0,0,0,0,0,0,0,0,0,0,0,0,0,0,0,0,0,0,0,0,0,0,0,0,0,0,0,0,0,0,0,0,0,0,0,0,0,0,0
0,0,0,0,0,0,0,-1.75894377993637e-314,-5.04640488262122e-287,-3.09735535104143e-261,-4.06704318522659e-237,-1.1424714151124e-214,-6.86579307525376e-194,-8.82784617287897e-175,-4.09038843490995e-156,-3.90798622023518e-135,-8.49168710883895e-116,-3.94742521074218e-98,-3.9256596674021e-82,-8.35199431564462e-68,-3.80142601664147e-55,-3.7015336665974e-44,-7.71073314856018e-35,-3.43627926534931e-27,-3.27612178955945e-21,-6.68206096144684e-17,-2.91567865579204e-14,-2.74612678016011e-13,-9.33032287510525e-11,-8.71686070849711e-08,-6.52170617944127e-06,-4.97798753867778e-05,-9.98098311030498e-06,-2.09659235736414e-07,-1.71454065312891e-05,-3.77811689188943e-05,-1.78107375397167e-06,-1.80120999763163e-09,-1.0295338416534e-08,-4.57337041149725e-07,-4.34622866571076e-07,-8.83624145348951e-09,-3.84327433613783e-12,-3.57848495044562e-17,-5.87784092745283e-15,-4.22484801749403e-10,-6.6497859691659e-07,-2.23924497057784e-05,-1.61314865272071e-05,-2.48614228857524e-07,-8.19702742651949e-11,-5.78183779237546e-16,-8.72500787327478e-23,-6.7626531992347e-25,-3.59545530819047e-18,-4.08949482164584e-13,-9.95094300804496e-10,-5.18009379794622e-08,-5.76885757693274e-08,-1.37442428120448e-09,-7.00536276092892e-13,-9.31244302834942e-17,-1.12527538144544e-11,-3.1688581513398e-08,-1.90908642399461e-06,-2.46052163406231e-06,-6.78433985044591e-08,-4.00190533092303e-11,-5.05015647925846e-16,-1.36339490806243e-22,-7.87439704160052e-31,-9.72952769698507e-41,-2.57184633852397e-52,-1.45437736597949e-65,-2.16683842824077e-60,-1.28637790754425e-49,-1.6337643873712e-40,-4.43904028089202e-33,-2.58028427258677e-27,-3.20866836971738e-23,-8.53612801500648e-21,-4.85820475152721e-20,-5.91520115250226e-21,-1.54078495736147e-23,-8.5860487554351e-28,-1.02358397786209e-33,-2.61055241097171e-41,-1.42436129172349e-50,-1.66259594671011e-61,-4.15175847129267e-74,-2.21797298481019e-88,-2.53493774247092e-104,-1.04725217832107e-94,-4.98398114642907e-82,-5.0743488155467e-71,-1.10525643768638e-61,-5.15020596072491e-54,-5.13410740305287e-48,-1.09492434128947e-43,-4.99553585276961e-41,-4.87594567489938e-40,-1.01815628130428e-40,-4.54829725136566e-43,-4.34672378568013e-47,-8.8869769921776e-53,-3.88709250857149e-60,-3.63726133273147e-69,-7.28119971511397e-80,-3.11824467716604e-92,-2.85690792942927e-106,-5.59965290100592e-122,-2.3480361532752e-139,-8.66152603999974e-153,-1.18638518047652e-148,-3.50411390949801e-146,-2.21416268205821e-145,-2.99308910883554e-146,-8.65582714338762e-149,-5.35520760650265e-153,-7.08798610140418e-159,-2.00700387600257e-166,-1.21577266227492e-175,-1.57556144967496e-186,-4.67624665175049e-199,-3.84796354723804e-207,-1.10285404572518e-215,-4.77473545194291e-217,-6.52687962859761e-219,-1.90871330822918e-222,-1.19413824636097e-227,-1.59825960698494e-234,-4.57634594790496e-243,-2.80329743835996e-253,-3.67365491419116e-265,-1.02993471785642e-278,-6.1816517121126e-294,-8.4430667663633e-311,0,0,0,0,0,0,0,0,0,0,0,0,0,0,0,0,0,0,0,0,0,0,0,0,0,0,0,0,0,0,0,0,0,0,0,0,0,0,0,0,0,0,0,0,0,0,0,0,0,0,0,0,0,0,0,0,0,0,0,0,0,0,0,0,0,0,0,0,0,0,0,0,0,0,0,0,0,0,0,0,0,0,0,0,0,0,0,0,0,0,0,0,0,0,0,0,0,0,0,0,0,0,0,0,0,0,0,0,0,0,0,0,0,0,0,0,0,0,0
0,0,0,0,0,0,0,-2.51973479379036e-322,-7.27731839860001e-295,-4.46663349600833e-269,-5.86500070608223e-245,-1.64753491743849e-222,-9.90155144581621e-202,-1.30381057823353e-181,-5.5857594890392e-159,-5.67341130507567e-138,-1.23277945566343e-118,-5.73066887676065e-101,-5.69907078049628e-85,-1.21249957448959e-70,-5.51871475654346e-58,-5.37369618092462e-47,-1.11940457671524e-37,-4.98861348511576e-30,-4.75610509980379e-24,-9.70067239791036e-20,-4.23283825621197e-17,-5.05039628186163e-16,-4.64453630860176e-12,-1.33977845378031e-08,-4.48756398324345e-06,-4.19230745553983e-05,-8.48137690849451e-06,-9.52788144132836e-08,-6.03116481735745e-06,-1.32901124845779e-05,-6.26520333577702e-07,-6.86050656368619e-10,-1.12524571739745e-07,-4.99855760927503e-06,-4.75029844816926e-06,-9.65774865812215e-08,-4.20058435003173e-11,-3.90863835685798e-16,-9.69532887997585e-15,-7.13332470130276e-10,-1.12281225960753e-06,-3.78095161510216e-05,-2.72379176232425e-05,-4.19783624464814e-07,-1.38406310688973e-10,-9.76259111990034e-16,-1.47317086346053e-22,-1.39108179631587e-23,-7.39587584298511e-17,-8.41211845757728e-12,-2.04691569494605e-08,-1.06554879148001e-06,-1.18665789831029e-06,-2.82720002560353e-08,-1.44100784944357e-11,-6.73432788258037e-16,-6.79627439469122e-11,-1.91388080370933e-07,-1.15302221967889e-05,-1.48607002826943e-05,-4.09750679440125e-07,-2.41701250902546e-10,-3.05011997374969e-15,-8.2344340383695e-22,-4.75586366411912e-30,-5.87629846433644e-40,-1.5533063022433e-51,-8.78393616792559e-65,-3.84080435270093e-64,-2.28015425710251e-53,-2.89591013738701e-44,-7.86836942283272e-37,-4.57365299432651e-31,-5.68748794575508e-27,-1.51306148204552e-24,-8.61135454916303e-24,-1.04849212742221e-24,-2.73110052590632e-27,-1.52191012505615e-31,-1.81434192155903e-37,-4.62730443235906e-45,-2.52473510616838e-54,-2.9470151838745e-65,-7.3591513794376e-78,-3.93144231861821e-92,-4.49319222156872e-108,-2.53358412815436e-100,-1.20575882189689e-87,-1.22762118675165e-76,-2.67391200135956e-67,-1.24597306636665e-59,-1.24207839314005e-53,-2.6489158867812e-49,-1.20855421551797e-46,-1.17962214139035e-45,-2.46319334320099e-46,-1.10035519283068e-48,-1.0515891607431e-52,-2.14999828319779e-58,-9.40392017152267e-66,-8.79951149620146e-75,-1.76151765677956e-85,-7.54387088927859e-98,-6.91162714715464e-112,-1.35470634550581e-127,-5.68052972666783e-145,-1.30656823087372e-163,-1.09615815460194e-159,-3.23761886255325e-157,-2.0457710706156e-156,-2.76545854568304e-157,-7.99753374297277e-160,-4.94793308879203e-164,-6.54893022661724e-170,-1.85436711647707e-177,-1.1233106587342e-186,-1.45573676646763e-197,-4.04350694611687e-210,-9.45164101258894e-220,-2.54871953300808e-228,-1.49650847865642e-230,-2.04566948671472e-232,-5.98233274660447e-236,-3.7426953038883e-241,-5.00930168151415e-248,-1.43432877560444e-256,-8.78615870667092e-267,-1.15140521776508e-278,-3.22802523849651e-292,-1.93639740634122e-307,-4.94065645841247e-324,0,0,0,0,0,0,0,0,0,0,0,0,0,0,0,0,0,0,0,0,0,0,0,0,0,0,0,0,0,0,0,0,0,0,0,0,0,0,0,0,0,0,0,0,0,0,0,0,0,0,0,0,0,0,0,0,0,0,0,0,0,0,0,0,0,0,0,0,0,0,0,0,0,0,0,0,0,0,0,0,0,0,0,0,0,0,0,0,0,0,0,0,0,0,0,0,0,0,0,0,0,0,0,0,0,0,0,0,0,0,0,0,0,0,0,0,0,0,0
0,0,0,0,0,0,0,0,-4.01356558056598e-303,-2.46342477801039e-277,-3.23464821502259e-253,-9.08672063499376e-231,-3.48949612522701e-209,-6.53220840296517e-185,-3.10129491220986e-162,-3.14996244970077e-141,-6.84457513355705e-122,-3.18175270623864e-104,-3.16420897260777e-88,-6.73197821303242e-74,-3.06407262209807e-61,-2.9835561491779e-50,-6.2151009209121e-41,-2.76975250149481e-33,-2.6406603832624e-27,-5.38595778698851e-23,-2.35023745674964e-20,-2.26055108507796e-18,-2.28896292182395e-13,-3.31364347123959e-09,-1.44079675844224e-06,-1.36226605472045e-05,-2.75728406706613e-06,-1.98168757540346e-08,-8.11380399500322e-07,-1.78793458425943e-06,-8.42865252993794e-08,-3.11524912748141e-10,-4.70354544048609e-07,-2.08940547343356e-05,-1.98563272725536e-05,-4.03695515479969e-07,-1.75585131124429e-10,-1.63380732913736e-15,-6.26072842323991e-15,-4.6063952005382e-10,-7.25064029635747e-07,-2.44157648849054e-05,-1.75890796906059e-05,-2.71078271314742e-07,-8.93768628736737e-11,-6.30426288570315e-16,-9.51310594211839e-23,-1.0943546133859e-22,-5.8182855416741e-16,-6.61775673843884e-11,-1.6102947434179e-07,-8.38260032893436e-06,-9.33535748737693e-06,-2.22413915290639e-07,-1.13363113732877e-10,-2.42869988723498e-15,-1.56983025294447e-10,-4.42075733218712e-07,-2.66329617912521e-05,-3.43258313730041e-05,-9.46458273155184e-07,-5.58291078031268e-10,-7.04528736161158e-15,-1.90202203716036e-21,-1.09852813839236e-29,-1.35733058568681e-39,-3.58788813361104e-51,-2.02894820536886e-64,-2.60367961784084e-68,-1.54571558963191e-57,-1.96313623588798e-48,-5.33396424560795e-41,-3.10047739659543e-35,-3.8555456308332e-31,-1.02570372753698e-28,-5.83763354300577e-28,-7.10772361963925e-29,-1.85141187119058e-31,-1.03170221882589e-35,-1.229941607828e-41,-3.13684768334893e-49,-1.71151684195901e-58,-1.997780324909e-69,-4.98876555313107e-82,-2.66512305590637e-96,-3.04593231184068e-112,-2.34416992160522e-106,-1.11561464708881e-93,-1.13584255171541e-82,-2.47400669152929e-73,-1.15282241976884e-65,-1.14921891762703e-59,-2.45087932058446e-55,-1.11820105326841e-52,-1.09143198048099e-51,-2.27904164778462e-52,-1.01809113715704e-54,-9.72970920170599e-59,-1.98926147782844e-64,-8.70087026765441e-72,-8.14164800962822e-81,-1.62982419313118e-91,-6.97988080782694e-104,-6.39490447057376e-118,-1.25342665059069e-133,-5.25584557310099e-151,-4.71484766764766e-170,-3.8733828666042e-171,-1.14404453237992e-168,-7.22893369231569e-168,-9.77202031191832e-169,-2.82600736516479e-171,-1.74840091966543e-175,-2.31412903642108e-181,-6.55258895717478e-189,-3.96932891685529e-198,-5.14398932925626e-209,-1.42621002846934e-221,-8.88679275508018e-233,-2.37498948442273e-241,-1.79381964728455e-244,-2.45208224842579e-246,-7.17084163761143e-250,-4.48625585683916e-255,-6.00449867880492e-262,-1.71928659634423e-270,-1.05317031576955e-280,-1.38015464872206e-292,-3.8693309835727e-306,-2.32210853545386e-321,0,0,0,0,0,0,0,0,0,0,0,0,0,0,0,0,0,0,0,0,0,0,0,0,0,0,0,0,0,0,0,0,0,0,0,0,0,0,0,0,0,0,0,0,0,0,0,0,0,0,0,0,0,0,0,0,0,0,0,0,0,0,0,0,0,0,0,0,0,0,0,0,0,0,0,0,0,0,0,0,0,0,0,0,0,0,0,0,0,0,0,0,0,0,0,0,0,0,0,0,0,0,0,0,0,0,0,0,0,0,0,0,0,0,0,0,0,0,0,0
0,0,0,0,0,0,0,0,-8.46562550671026e-312,-5.19598626661606e-286,-6.82281591865281e-262,-7.9415975781052e-239,-6.25009302966876e-213,-1.38704443510262e-188,-6.58527439312453e-166,-6.68861480337751e-145,-1.45337372404212e-125,-6.75611807806062e-108,-6.71886580018628e-92,-1.42946494920859e-77,-6.50623676505633e-65,-6.33526848169123e-54,-1.31971147872092e-44,-5.88127886570544e-37,-5.60716529552937e-31,-1.14365164076982e-26,-4.99764409250138e-24,-3.26407912018203e-20,-2.00493673291882e-14,-4.05160745223441e-10,-1.79022527800326e-07,-1.69373028860248e-06,-3.42826667379376e-07,-1.88980507762735e-09,-4.17463030409519e-08,-9.19907787824202e-08,-4.33661814438512e-09,-3.66495223018749e-10,-7.51922483146253e-07,-3.34018450058818e-05,-3.17429036334431e-05,-6.45359419656956e-07,-2.80695509307619e-10,-2.61184956484438e-15,-1.54619370524331e-15,-1.13762757823395e-10,-1.79066884234914e-07,-6.0298880725731e-06,-4.3439221475913e-06,-6.69473859467349e-08,-2.20731352036876e-11,-1.55694485755659e-16,-2.34942330469726e-23,-3.29255617522717e-22,-1.75053239640029e-15,-1.99106721029031e-10,-4.84485179683198e-07,-2.52205109851883e-05,-2.80870465992266e-05,-6.69170946851301e-07,-3.41072816150227e-10,-4.77359080640003e-15,-1.3867691950324e-10,-3.90524394306916e-07,-2.35272386394081e-05,-3.03230272524182e-05,-8.3608987349196e-07,-4.93187634407543e-10,-6.22372225586591e-15,-1.68022342826263e-21,-9.70426566396798e-30,-1.19904954065267e-39,-3.16949729408966e-51,-1.79234848113632e-64,-6.75029485232854e-73,-4.00741802669431e-62,-5.08962165700081e-53,-1.38288211718707e-45,-8.03828925179802e-40,-9.99587709885411e-36,-2.65923668969272e-33,-1.51346328201604e-32,-1.84274648927401e-33,-4.79996537345643e-36,-2.67478836186666e-40,-3.188743261731e-46,-8.13258275815175e-54,-4.43727390178604e-63,-5.17943982781604e-74,-1.29338599821784e-86,-6.90959077416133e-101,-7.89687578671316e-117,-8.29492666350923e-113,-3.94764116587668e-100,-4.01921830876538e-89,-8.75435858216901e-80,-4.07930216145931e-72,-4.06655104400723e-66,-8.67252157703596e-62,-3.95679325395022e-59,-3.86206996039738e-58,-8.06446800516564e-59,-3.60255083970353e-61,-3.44289138520123e-65,-7.03907081182585e-71,-3.0788331559804e-78,-2.88095041820724e-87,-5.76718949929152e-98,-2.46985505988043e-110,-2.26285915174766e-124,-4.43529372547284e-140,-1.85979920575685e-157,-1.66835527280415e-176,-5.23452571330813e-183,-1.54607244594023e-180,-9.76924838054006e-180,-1.32059993451443e-180,-3.8190926975686e-183,-2.36280530158034e-187,-3.12733555233033e-193,-8.85522980052656e-201,-5.36418810066545e-210,-6.95163513225398e-221,-1.92730001317358e-233,-3.30391300844341e-246,-8.52351189974533e-255,-8.22334042044349e-259,-1.12409832713966e-260,-3.28730045421493e-264,-2.05661645608787e-269,-2.75261848353174e-276,-7.88165726522563e-285,-4.82800685361955e-295,-6.32698812341906e-307,-1.77369566857008e-320,0,0,0,0,0,0,0,0,0,0,0,0,0,0,0,0,0,0,0,0,0,0,0,0,0,0,0,0,0,0,0,0,0,0,0,0,0,0,0,0,0,0,0,0,0,0,0,0,0,0,0,0,0,0,0,0,0,0,0,0,0,0,0,0,0,0,0,0,0,0,0,0,0,0,0,0,0,0,0,0,0,0,0,0,0,0,0,0,0,0,0,0,0,0,0,0,0,0,0,0,0,0,0,0,0,0,0,0,0,0,0,0,0,0,0,0,0,0,0,0,0
0,0,0,0,0,0,0,0,-6.82798722552603e-321,-4.19151474680868e-295,-1.55942048545289e-270,-4.89284750552209e-243,-5.07558602015777e-217,-1.12639544468589e-192,-5.34779051829936e-170,-5.43171152646343e-149,-1.18026034406285e-129,-5.48652979989504e-112,-5.45627785191069e-96,-1.16084443035515e-81,-5.28360539058255e-69,-5.14476492469947e-58,-1.07171548389279e-48,-4.77608759725045e-41,-4.55348457967224e-35,-9.28740465201748e-31,-4.4400298843445e-28,-9.94509836652389e-22,-9.32257949993775e-16,-1.92487861995266e-11,-8.51247442780436e-09,-8.05391496518474e-08,-1.63018876926213e-08,-7.85656911951852e-11,-8.21452433715502e-10,-1.81011708763165e-09,-8.53345279869794e-11,-2.21483157496636e-10,-4.59716933667026e-07,-2.04215116730372e-05,-1.94072536104607e-05,-3.94565477431209e-07,-1.71614071584526e-10,-1.59685516187993e-15,-1.46040502582519e-16,-1.07450571656749e-11,-1.69131264431055e-08,-5.69531657653749e-07,-4.10289735341769e-07,-6.3232775194049e-09,-2.08483957427871e-12,-1.47055695715641e-17,-2.2190657221738e-24,-3.78859356014126e-22,-2.01425743776885e-15,-2.29102982936619e-10,-5.57474902305386e-07,-2.90200866552405e-05,-3.23184779044262e-05,-7.69984763137761e-07,-3.92567502135556e-10,-5.27688495778519e-15,-4.68517028688336e-11,-1.31937837380245e-07,-7.94862761677544e-06,-1.02445703695582e-05,-2.82471188412771e-07,-1.66622395053947e-10,-2.10267134874269e-15,-5.67659917465664e-22,-3.27856554861223e-30,-4.05096341257388e-40,-1.07080793072322e-51,-6.05541128493599e-65,-6.76635871725341e-78,-3.973465164755e-67,-5.04649982137182e-58,-1.37116564406387e-50,-7.97018482062139e-45,-9.91118699843559e-41,-2.63670629840644e-38,-1.50064045955972e-37,-1.82713381379998e-38,-4.75929765160839e-41,-2.65212620898858e-45,-3.16172662433398e-51,-8.06367942494363e-59,-4.39967908458175e-68,-5.13555700744992e-79,-1.28242778124637e-91,-6.85104924441567e-106,-7.82996948120312e-122,-1.12255005227428e-119,-5.34233149596059e-107,-5.43919663865657e-96,-1.18472484238744e-86,-5.52050794461315e-79,-5.50325189384497e-73,-1.17364986389557e-68,-5.35471699056727e-66,-5.22652822839641e-65,-1.09136214797263e-65,-4.87532174482057e-68,-4.65925506181289e-72,-9.52595439154179e-78,-4.1665761017438e-85,-3.8987819588388e-94,-7.80472105001875e-105,-3.34244778651936e-117,-3.06232081623842e-131,-6.00227030973534e-147,-2.51686094444452e-164,-2.25778041763092e-183,-2.70541535557392e-195,-7.99072993181519e-193,-5.04914408446425e-192,-6.82539647633444e-193,-1.97386211823218e-195,-1.22119368312709e-199,-1.6163339480278e-205,-4.57674218345838e-213,-2.77243013601535e-222,-3.59288719440169e-233,-9.96105588616981e-246,-1.02904652579896e-259,-1.17094381337425e-268,-1.44174680693454e-273,-1.97080325924725e-275,-5.76339479641229e-279,-3.60572230811216e-284,-4.82597415887317e-291,-1.38183604152317e-299,-8.46460795552304e-310,-1.1116477031428e-321,0,0,0,0,0,0,0,0,0,0,0,0,0,0,0,0,0,0,0,0,0,0,0,0,0,0,0,0,0,0,0,0,0,0,0,0,0,0,0,0,0,0,0,0,0,0,0,0,0,0,0,0,0,0,0,0,0,0,0,0,0,0,0,0,0,0,0,0,0,0,0,0,0,0,0,0,0,0,0,0,0,0,0,0,0,0,0,0,0,0,0,0,0,0,0,0,0,0,0,0,0,0,0,0,0,0,0,0,0,0,0,0,0,0,0,0,0,0,0,0,0,0
0,0,0,0,0,0,0,0,0,-2.67576634565472e-304,-3.13390479242595e-275,-1.51960432670748e-247,-1.576363628527e-221,-3.49833261286889e-197,-1.66090426459188e-174,-1.68696825492052e-153,-3.66562495683931e-134,-1.70399358600045e-116,-1.69459800678933e-100,-3.6053234664057e-86,-1.64096979782786e-73,-1.59784905084008e-62,-3.32850887022557e-53,-1.48334610923775e-45,-1.41421058501267e-39,-2.8844982303556e-35,-4.17257654308721e-31,-1.75525842055864e-23,-1.69336042377972e-17,-3.50038626668853e-13,-1.54806111924068e-10,-1.46467104608915e-09,-2.9646331324179e-10,-1.34376572552668e-12,-6.18186323801927e-12,-1.36219330958306e-11,-6.4269632516818e-13,-5.17683698930168e-11,-1.07492368905194e-07,-4.7750180722261e-06,-4.53786126149412e-06,-9.22584633094569e-08,-4.01273082220629e-11,-3.73381373883912e-16,-5.27541722863219e-18,-3.8813879320209e-13,-6.10945143025582e-10,-2.05729319894435e-08,-1.48207087485287e-08,-2.28412866271575e-10,-7.53097078874096e-14,-5.31202574248729e-19,-8.01589135286581e-26,-1.66721858294834e-22,-8.86399498346605e-16,-1.00819669490547e-10,-2.45323891812285e-07,-1.27706567183874e-05,-1.4222163483953e-05,-3.38941869184233e-07,-1.99899219297059e-10,-1.59342612105755e-13,-6.05365510095074e-12,-1.7047482646656e-08,-1.02702980473438e-06,-1.32368499488258e-06,-3.64976626740433e-08,-2.15290203676758e-11,-2.71682892800535e-16,-7.33464545451684e-23,-4.23618352442837e-31,-5.23418678442218e-41,-1.3835742634083e-52,-7.82410268714686e-66,-9.49092107517704e-81,-1.50675927859132e-72,-1.91365976923828e-63,-5.19953358344405e-56,-3.02233678479963e-50,-3.75837520968106e-46,-9.99853154693264e-44,-5.6905090205077e-43,-6.9285893118956e-44,-1.80475116775837e-46,-1.00570046739925e-50,-1.19894367511793e-56,-3.05779043966243e-64,-1.66838188046036e-73,-1.94743073132912e-84,-4.86303485344735e-97,-2.59795457845559e-111,-2.96916637687681e-127,-5.80989896852041e-127,-2.76499085140949e-114,-2.81512462419723e-103,-6.13169241391286e-94,-2.85720831317395e-86,-2.84827722708512e-80,-6.07437246992818e-76,-2.7714011199045e-73,-2.70505541392876e-72,-5.64848204758665e-73,-2.52328408154747e-75,-2.41145605248144e-79,-4.93027749466188e-85,-2.15646386071977e-92,-2.01786363425436e-101,-4.03943153236044e-112,-1.72992588685812e-124,-1.58494265048557e-138,-3.10655048393291e-154,-1.30263303408286e-171,-1.16854264920882e-190,-5.34985919238918e-208,-1.57947504054155e-205,-9.98031109242762e-205,-1.34913123934361e-205,-3.9016034527772e-208,-2.41385325073549e-212,-3.19490102891008e-218,-9.04654531869985e-226,-5.48008034165501e-235,-7.10182385772324e-246,-1.96893634804366e-258,-1.19083816081192e-272,-6.15281906574107e-283,-9.66743930739257e-289,-1.32145367867263e-290,-3.86444421563914e-294,-2.41769186547148e-299,-3.23588936414539e-306,-9.26542166085788e-315,-0,0,0,0,0,0,0,0,0,0,0,0,0,0,0,0,0,0,0,0,0,0,0,0,0,0,0,0,0,0,0,0,0,0,0,0,0,0,0,0,0,0,0,0,0,0,0,0,0,0,0,0,0,0,0,0,0,0,0,0,0,0,0,0,0,0,0,0,0,0,0,0,0,0,0,0,0,0,0,0,0,0,0,0,0,0,0,0,0,0,0,0,0,0,0,0,0,0,0,0,0,0,0,0,0,0,0,0,0,0,0,0,0,0,0,0,0,0,0,0,0,0,0,0
0,0,0,0,0,0,0,0,0,-1.64232509188813e-309,-3.7224027553449e-280,-1.80497186554288e-252,-1.87239003564216e-226,-4.15528689393731e-202,-1.97280661574471e-179,-2.003765180696e-158,-4.35399518193715e-139,-2.02398771037791e-121,-2.01282772890185e-105,-4.28236963325067e-91,-1.94912864179299e-78,-1.89791022014949e-67,-3.95357183417166e-58,-1.76190469259981e-50,-1.67978616399202e-44,-3.43965334994488e-40,-2.70447225525704e-33,-1.21883943993714e-25,-1.17767303812438e-19,-2.43454429631283e-15,-1.07669042507552e-12,-1.01869197536429e-11,-2.06192914559235e-12,-9.10132880222201e-15,-1.77923373663193e-14,-3.92049152983053e-14,-1.8958871339632e-15,-4.62930789244939e-12,-9.61245829814495e-09,-4.27003912553552e-07,-4.05796267987703e-07,-8.25017292153424e-09,-3.58836707042558e-12,-3.33894667114698e-17,-7.28850278280219e-20,-5.36210203912453e-15,-8.44015144733303e-12,-2.84213179675469e-10,-2.0474674006723e-10,-3.15550292175871e-12,-1.04039674802281e-15,-7.33851513029326e-21,-1.10749172031765e-27,-2.80592959726069e-23,-1.49181073966497e-16,-1.69679547423401e-11,-4.12880216638692e-08,-2.14930333779263e-06,-2.39433500962726e-06,-6.64574478331597e-08,-2.58074709619917e-09,-1.47709805426067e-11,-3.00970804992135e-13,-8.42404843094572e-10,-5.07508879427103e-08,-6.5410164862847e-08,-1.803539468867e-09,-1.06386094654656e-12,-1.34252657370907e-17,-3.62443005885278e-24,-2.09331875630058e-32,-2.58648410925254e-42,-6.83696053210576e-54,-3.86629635184098e-67,-4.6774165630006e-82,-2.18518414753702e-78,-2.7752933404388e-69,-7.54064602260213e-62,-4.38315696773856e-56,-5.45059987045134e-52,-1.45004135334961e-49,-8.25268526944493e-49,-1.00482165560669e-49,-2.61734817105061e-52,-1.45852144384075e-56,-1.73877323994772e-62,-4.43457378373518e-70,-2.41957802352378e-79,-2.82426982397974e-90,-7.05263728696492e-103,-3.76769484118936e-117,-4.3060463541442e-133,-1.15000875923872e-134,-5.47301031492068e-122,-5.57224487674661e-111,-1.21370440745426e-101,-5.65554513929238e-94,-5.6378669881107e-88,-1.20235852381349e-83,-5.4856987712226e-81,-5.35437438258299e-80,-1.11805796732837e-80,-4.99457703404112e-83,-4.77322514194947e-87,-9.75896884792551e-93,-4.26849475738961e-100,-3.99415009953703e-109,-7.99563240209425e-120,-3.42420743200511e-132,-3.13722827337497e-146,-6.14909189797759e-162,-2.57842590273202e-179,-2.31300800481271e-198,-4.47935689223951e-219,-1.19401225471329e-218,-7.54466733841123e-218,-1.0198826772473e-218,-2.94943713327081e-221,-1.82476474048586e-225,-2.41520181275343e-231,-6.83878231443483e-239,-4.14269483011624e-248,-5.36866015561024e-259,-1.4884275254933e-271,-8.83274882341325e-286,-1.23658957826165e-297,-2.47969251875738e-304,-3.38867812266529e-306,-9.90981203590273e-310,-6.1998234678481e-315,-8.30030285013294e-322,0,0,0,0,0,0,0,0,0,0,0,0,0,0,0,0,0,0,0,0,0,0,0,0,0,0,0,0,0,0,0,0,0,0,0,0,0,0,0,0,0,0,0,0,0,0,0,0,0,0,0,0,0,0,0,0,0,0,0,0,0,0,0,0,0,0,0,0,0,0,0,0,0,0,0,0,0,0,0,0,0,0,0,0,0,0,0,0,0,0,0,0,0,0,0,0,0,0,0,0,0,0,0,0,0,0,0,0,0,0,0,0,0,0,0,0,0,0,0,0,0,0,0,0,0
0,0,0,0,0,0,0,0,0,-7.46044462611454e-315,-1.69095861444383e-285,-8.19936187896453e-258,-8.5056192696826e-232,-1.88760288205728e-207,-8.96177700522831e-185,-9.10241104065786e-164,-1.97786917333646e-144,-9.19427498720264e-127,-9.1435790575693e-111,-1.945332167931e-96,-8.85421617245437e-84,-8.62154862680367e-73,-1.79597071852996e-63,-8.0037226322805e-56,-7.63069030284937e-50,-4.96602772089736e-45,-7.17786909619439e-36,-3.24176954154177e-28,-3.13253386383028e-22,-6.47575062718124e-18,-2.86393621430909e-15,-2.7096636006191e-14,-5.48461599000789e-15,-2.39397001562112e-17,-1.95854287253961e-17,-4.31531002722794e-17,-3.66549935496342e-18,-1.58322425295575e-13,-3.28746399940229e-10,-1.46035482972616e-08,-1.38782461335497e-08,-2.82156193838799e-10,-1.22722275559222e-13,-1.14192089379967e-18,-3.85276707164529e-22,-2.83304060615503e-17,-4.45931308242998e-14,-1.50162655046471e-12,-1.08176947092009e-12,-1.66719466450936e-14,-5.49688575889446e-18,-3.87726887726258e-23,-5.85804954630997e-30,-1.80605386952106e-24,-9.60213171991743e-18,-1.09215286034596e-12,-2.65753058221501e-09,-1.38386411243174e-07,-1.80822225171045e-07,-3.42093213362974e-07,-9.15720780151187e-08,-5.30063398574716e-10,-7.12951261776128e-14,-1.5920296795108e-11,-9.59122204086545e-10,-1.23616244042345e-09,-3.40844233600302e-11,-2.01055133664888e-14,-2.53719116771739e-19,-6.84967591213093e-26,-3.95608546133252e-34,-4.88810036683797e-44,-1.29209180777456e-55,-7.30677004669445e-69,-8.83967534789494e-84,-1.21199801938074e-84,-1.53929820313026e-75,-4.18236973508439e-68,-2.43108919196664e-62,-3.0231393792921e-58,-8.04255902304974e-56,-4.57729762153627e-55,-5.57317724366096e-56,-1.45169495345217e-58,-8.08959328737476e-63,-9.64399144733024e-69,-2.4596071908827e-76,-1.34200304150719e-85,-1.56646268769545e-96,-3.91169889862458e-109,-2.08972717027057e-123,-2.38832029715525e-139,-8.70569440991082e-143,-4.14312977368362e-130,-4.21825144238562e-119,-9.18787756212672e-110,-4.28131066903599e-102,-4.26792811166981e-96,-9.10198795911856e-92,-4.1527350764442e-89,-4.0533210513873e-88,-8.46382335606742e-89,-3.78095045066465e-91,-3.61338460265495e-95,-7.38764812557769e-101,-3.2312980792198e-108,-3.02361611722873e-117,-6.05278279381907e-128,-2.59216316916711e-140,-2.37491674934844e-154,-4.65493106310671e-170,-1.95189713012655e-187,-1.75097282484247e-206,-3.36032056511735e-227,-3.45202953721186e-232,-2.18125185883347e-231,-2.9486004958917e-232,-8.52716884773058e-235,-5.27560898789306e-239,-6.98263184740464e-245,-1.97717221534379e-252,-1.19770168696049e-261,-1.55214264839091e-272,-4.30321863246811e-285,-2.55234896255094e-299,-9.53558627027543e-313,-2.43673176528903e-320,-3.31023982713635e-322,-0,0,0,0,0,0,0,0,0,0,0,0,0,0,0,0,0,0,0,0,0,0,0,0,0,0,0,0,0,0,0,0,0,0,0,0,0,0,0,0,0,0,0,0,0,0,0,0,0,0,0,0,0,0,0,0,0,0,0,0,0,0,0,0,0,0,0,0,0,0,0,0,0,0,0,0,0,0,0,0,0,0,0,0,0,0,0,0,0,0,0,0,0,0,0,0,0,0,0,0,0,0,0,0,0,0,0,0,0,0,0,0,0,0,0,0,0,0,0,0,0,0,0,0,0,0,0,0
0,0,0,0,0,0,0,0,0,-1.29593418904159e-320,-2.93773284075717e-291,-1.4244898993586e-263,-1.47769654715913e-237,-3.27936646678455e-213,-1.55694565171007e-190,-1.58137825584846e-169,-3.43618771955724e-150,-1.59733794465107e-132,-1.58853044953532e-116,-3.37966059434975e-102,-1.53825891460608e-89,-1.49783716306243e-78,-3.12017225956713e-69,-1.39050114093461e-61,-1.32604474183466e-55,-3.46128168534416e-48,-7.30109891590664e-39,-3.29778536190511e-31,-3.18667587544162e-25,-6.58767716217384e-21,-2.91343635739841e-18,-2.7564973036027e-17,-5.57941182095399e-18,-2.42400978224057e-20,-8.24600070544918e-21,-1.81657483006239e-20,-2.21916736649878e-20,-2.07080243830471e-15,-4.29988900086092e-12,-1.91009351610705e-10,-1.81522650625957e-10,-3.69050524852232e-12,-1.60516484114706e-15,-1.49359296150108e-20,-7.8101668078723e-25,-5.72453515269665e-20,-9.01063487822585e-17,-3.03423606272429e-15,-2.18585902014328e-15,-3.36878844681477e-17,-1.11071883999065e-20,-7.83453718810976e-26,-1.20011774833101e-32,-4.44584514937283e-26,-2.36369421216711e-19,-2.6884832814187e-14,-6.54411360590925e-11,-4.02661446932513e-09,-3.71024902421406e-07,-4.6447828179222e-06,-1.25675833501515e-06,-7.27487208974494e-09,-9.00943322618637e-13,-1.15069483973769e-13,-6.93224570635474e-12,-8.93460888870119e-12,-2.46351921042401e-13,-1.45316580217885e-16,-1.83380517140261e-21,-4.95073893915456e-28,-2.85933912659371e-36,-3.53297136025694e-46,-9.33884946933507e-58,-5.28111277871623e-71,-6.38905044787622e-86,-2.57090175723567e-91,-3.26517402836495e-82,-8.87168256822885e-75,-5.15684957866247e-69,-6.41271208224529e-65,-1.70599528994783e-62,-9.70940736729497e-62,-1.18218767191899e-62,-3.07934917969851e-65,-1.71597224295182e-69,-2.04569266303046e-75,-5.21734222993178e-83,-2.84666964997773e-92,-3.32279559208521e-103,-8.29753300861323e-116,-4.43274920276018e-130,-5.06612779111291e-146,-2.52043435445127e-151,-1.19950070894391e-138,-1.22124960405153e-127,-2.66003389984642e-118,-1.23950623399185e-110,-1.235631774845e-104,-2.63516751976006e-100,-1.20228159395128e-97,-1.17349968267923e-96,-2.45040891078649e-97,-1.09464414435226e-99,-1.04613121705772e-103,-2.13883939150189e-109,-9.35511207361362e-117,-8.75384039193568e-126,-1.75237505191984e-136,-7.50471679372425e-149,-6.87575451442702e-163,-1.347675167152e-178,-5.65104671894154e-196,-5.06933950773333e-215,-9.7286519614903e-236,-3.81689246129802e-246,-2.41179969244686e-245,-3.26025339088694e-246,-9.42844959471927e-249,-5.8332154918025e-253,-7.72066245988053e-259,-2.18614981189327e-266,-1.32429299649937e-275,-1.71619666333462e-286,-4.75804815124005e-299,-2.82208169438086e-313,0,0,0,0,0,0,0,0,0,0,0,0,0,0,0,0,0,0,0,0,0,0,0,0,0,0,0,0,0,0,0,0,0,0,0,0,0,0,0,0,0,0,0,0,0,0,0,0,0,0,0,0,0,0,0,0,0,0,0,0,0,0,0,0,0,0,0,0,0,0,0,0,0,0,0,0,0,0,0,0,0,0,0,0,0,0,0,0,0,0,0,0,0,0,0,0,0,0,0,0,0,0,0,0,0,0,0,0,0,0,0,0,0,0,0,0,0,0,0,0,0,0,0,0,0,0,0,0,0,0,0
0,0,0,0,0,0,0,0,0,-0,-1.95191688111504e-297,-9.46473363050807e-270,-9.81825438838038e-244,-2.17890840074822e-219,-1.03448089574021e-196,-1.0507146430046e-175,-2.2831050950011e-156,-1.06131873387317e-138,-1.0554667727425e-122,-2.24554679548426e-108,-1.02206487305075e-95,-9.95207461747861e-85,-2.07313504514129e-75,-9.23890252942481e-68,-1.01717942461709e-61,-1.34537594362127e-51,-2.84051781507411e-42,-1.28302222627677e-34,-1.23979472791705e-28,-2.56297402282915e-24,-1.13348931952549e-21,-1.07243127005107e-20,-2.17070253869524e-21,-9.4124979573496e-24,-1.3280707149867e-24,-2.92460727929175e-24,-1.06862545025353e-22,-1.03586845702571e-17,-2.15091469090019e-14,-9.55477735347411e-13,-9.08022825436512e-13,-1.84608531855161e-14,-8.02944596348512e-18,-7.47133482383712e-23,-6.16130875239303e-28,-4.42381906537352e-23,-6.96325855325349e-20,-2.34480372380987e-18,-1.68919301735327e-18,-2.60333986266272e-20,-8.5834378679735e-24,-6.05439115258313e-29,-1.08202344302772e-35,-4.18550308786553e-28,-2.22528131133801e-21,-2.53196140997727e-16,-7.33859563886884e-13,-3.29246169737016e-09,-1.92759719314978e-06,-2.43794690113654e-05,-6.5965828623337e-06,-3.81849851064754e-08,-4.72873577507383e-12,-3.30596488872715e-16,-1.91621242475779e-14,-2.46970596361756e-14,-6.80966359161475e-16,-4.01684314609983e-19,-5.06900707612743e-24,-1.3684840192396e-30,-7.9037896128658e-39,-9.76584486955084e-49,-2.58144620710938e-60,-1.4598060067997e-73,-1.76606230776679e-88,-2.08563760813616e-98,-2.64886366781109e-89,-7.19712867467079e-82,-4.18348038132795e-76,-5.20229546701964e-72,-1.3839841006155e-69,-7.87673066972315e-69,-9.59046576224449e-70,-2.49811375802588e-72,-1.39207787696503e-76,-1.65956268288795e-82,-4.23255488232681e-90,-2.30935311397856e-99,-2.695609006741e-110,-6.7313513852692e-123,-3.59605589463473e-137,-4.10988257464699e-153,-2.79072514162576e-160,-1.32813488271048e-147,-1.3522161242116e-136,-2.94529530931977e-127,-1.37243059085062e-119,-1.36814063561659e-113,-2.91776226448455e-109,-1.33121398917162e-106,-1.29934551250758e-105,-2.71319018576106e-106,-1.21203352480632e-108,-1.15831808260457e-112,-2.36820802454545e-118,-1.03583520909887e-125,-9.69260017565591e-135,-1.9402993401275e-145,-8.30952085671042e-158,-7.61310881058565e-172,-1.49219953494922e-187,-6.25706363930412e-205,-5.61297428365045e-224,-1.07719503085409e-244,-1.61404324394259e-260,-1.01987362027546e-259,-1.37865778787202e-260,-3.98699239073019e-263,-2.46668188079744e-267,-3.26482335931249e-273,-9.2445344035105e-281,-5.60001519560342e-290,-7.25725154382202e-301,-2.01202770223947e-313,-0,0,0,0,0,0,0,0,0,0,0,0,0,0,0,0,0,0,0,0,0,0,0,0,0,0,0,0,0,0,0,0,0,0,0,0,0,0,0,0,0,0,0,0,0,0,0,0,0,0,0,0,0,0,0,0,0,0,0,0,0,0,0,0,0,0,0,0,0,0,0,0,0,0,0,0,0,0,0,0,0,0,0,0,0,0,0,0,0,0,0,0,0,0,0,0,0,0,0,0,0,0,0,0,0,0,0,0,0,0,0,0,0,0,0,0,0,0,0,0,0,0,0,0,0,0,0,0,0,0,0,0
0,0,0,0,0,0,0,0,0,0,-4.95998135605799e-304,-2.4050666706954e-276,-2.49489920326843e-250,-5.53678547935685e-226,-2.62870105059914e-203,-2.66995233775673e-182,-5.80155785048431e-163,-2.69689820492707e-145,-2.68202789032215e-129,-5.70611912193454e-115,-2.59715091562577e-102,-2.52890402426317e-91,-5.26800668205564e-82,-2.34772503601288e-74,-2.05075063685753e-66,-2.00180225077295e-55,-4.22648155854321e-46,-1.90904327509345e-38,-1.84472393989829e-32,-3.81351802279935e-28,-1.6865492627857e-25,-1.59569934779048e-24,-3.22984672255496e-25,-1.39938705046534e-27,-8.18474149510623e-29,-1.80116364688083e-28,-2.04182510588799e-25,-1.98171068937507e-20,-4.11489567621839e-17,-1.82791591806858e-15,-1.73713035393913e-15,-3.53172932770246e-17,-1.53610613277025e-20,-1.42933438932717e-25,-2.06152981880848e-31,-1.30744728478031e-26,-2.05797148439788e-23,-6.93000146871757e-22,-4.99236246187182e-22,-7.6940977569373e-24,-2.53681092484164e-27,-1.78935827990837e-32,-8.76404132020785e-39,-1.50699222761715e-30,-8.01516046515505e-24,-1.09464975486172e-18,-2.39054530387451e-13,-6.54509099028459e-09,-3.86941420124114e-06,-4.89396876506413e-05,-1.32420733165552e-05,-7.66530767455173e-08,-9.49253054864657e-12,-2.54848143038383e-17,-2.0257371320294e-17,-2.61086644633951e-17,-7.1988821520131e-19,-4.2464330348861e-22,-5.35873528520499e-27,-1.44670218269667e-33,-8.35554491229034e-42,-1.03240292835182e-51,-2.72899340425934e-63,-1.54324384257288e-76,-1.86700477280274e-91,-6.51917682419943e-106,-8.21831118605331e-97,-2.23296667976069e-89,-1.29795821628341e-83,-1.61405373743115e-79,-4.29392125900048e-77,-2.44381862906543e-76,-2.97551863506983e-77,-7.75059754531744e-80,-4.31903284685558e-84,-5.14892583052584e-90,-1.31318397234673e-97,-7.16495256429711e-107,-8.36334233525563e-118,-2.08845555394418e-130,-1.11570507548889e-144,-1.27512390867954e-160,-1.18175770504555e-169,-5.62410680825532e-157,-5.72608099479405e-146,-1.24721183195364e-136,-5.81168097483355e-129,-5.7935147729267e-123,-1.23555271608175e-118,-5.63714556195217e-116,-5.50219562658929e-115,-1.14892482642201e-115,-5.13246514901098e-118,-4.90500226995536e-122,-1.00283902242142e-127,-4.38633750800603e-135,-4.10441886191256e-144,-8.21637235112345e-155,-3.51874146458622e-167,-3.22383950990141e-181,-6.3188533582193e-197,-2.64960996594577e-214,-2.3768645258995e-233,-4.56147939920239e-254,-2.79757428096962e-275,-1.6493817462605e-274,-2.22962232226559e-275,-6.44792878354327e-278,-3.98921982796254e-282,-5.28000719555866e-288,-1.49506428979985e-295,-9.05657589213354e-305,-1.17367269938106e-315,0,0,0,0,0,0,0,0,0,0,0,0,0,0,0,0,0,0,0,0,0,0,0,0,0,0,0,0,0,0,0,0,0,0,0,0,0,0,0,0,0,0,0,0,0,0,0,0,0,0,0,0,0,0,0,0,0,0,0,0,0,0,0,0,0,0,0,0,0,0,0,0,0,0,0,0,0,0,0,0,0,0,0,0,0,0,0,0,0,0,0,0,0,0,0,0,0,0,0,0,0,0,0,0,0,0,0,0,0,0,0,0,0,0,0,0,0,0,0,0,0,0,0,0,0,0,0,0,0,0,0,0,0
0,0,0,0,0,0,0,0,0,0,-4.82023786682696e-311,-2.3373058497829e-283,-2.42460742293377e-257,-5.38079099742969e-233,-2.55463951072954e-210,-2.59472857601783e-189,-5.63810361975256e-170,-2.62091526503236e-152,-2.60646390959274e-136,-5.54535380069198e-122,-2.52397827545761e-109,-2.45765418542089e-98,-5.11958483835929e-89,-2.30655772302604e-81,-1.15425440093856e-70,-1.13912737340272e-59,-2.40508412674945e-50,-1.0863432594133e-42,-1.04974226881202e-36,-2.17008679452032e-32,-9.59732787835674e-30,-9.08034539751936e-29,-1.83794797269824e-29,-7.96058160088282e-32,-1.93164819600498e-33,-4.27321037290481e-33,-1.49384799972575e-28,-1.44992519785908e-23,-3.01067706779866e-20,-1.33740074340128e-18,-1.27097718433237e-18,-2.58400147494322e-20,-1.12389714625437e-23,-1.04577724607509e-28,-4.0903177349029e-35,-1.47781721436242e-30,-2.32614019831865e-27,-7.83303127035681e-26,-5.64290375021148e-26,-8.69669488517793e-28,-2.86737591484874e-31,-2.0225247315839e-36,-8.65518159079415e-42,-2.07594702395684e-33,-1.33638453129704e-26,-1.42014055134286e-19,-1.81829197032094e-13,-5.02475291467812e-09,-2.97065265666515e-06,-3.75723069144188e-05,-1.01662937944262e-05,-5.88486168149717e-08,-7.2876695440325e-12,-1.93073624700593e-17,-8.19125015070257e-21,-1.05558634977851e-20,-2.91054402418103e-22,-1.7168540938424e-25,-2.16656345140474e-30,-5.84908921094088e-37,-3.37818855757247e-45,-4.17405662464008e-55,-1.10334566910159e-66,-6.23941196564603e-80,-7.54839358368834e-95,-1.96131668072054e-111,-9.75158608928168e-105,-2.64956708491852e-97,-1.54011584616772e-91,-1.91518471580843e-87,-5.09503009435807e-85,-2.89975728691858e-84,-3.53065556575496e-85,-9.19661199186526e-88,-5.12482670405836e-92,-6.10955126509549e-98,-1.55818224298145e-105,-8.50170432520656e-115,-9.92367542796191e-126,-2.47809478941208e-138,-1.32386007873998e-152,-1.51302138462363e-168,-1.9138575246829e-179,-9.10824362428966e-167,-9.27339086740694e-156,-2.01986014914495e-146,-9.41202007538884e-139,-9.38259990284646e-133,-2.00097820550041e-128,-9.12935989204096e-126,-8.91080840817458e-125,-1.86068429740444e-125,-8.31202972563517e-128,-7.94365348589572e-132,-1.62409826903551e-137,-7.10367565968575e-145,-6.64710827958551e-154,-1.33064188916286e-164,-5.69860345882754e-177,-5.22100960435024e-191,-1.0233385989103e-206,-4.29104458751671e-224,-3.84933321892942e-243,-7.3873180349499e-264,-3.03312292324174e-286,-1.02015394026669e-289,-1.37903672240991e-290,-3.9880882457952e-293,-2.46735986700028e-297,-3.26572072074789e-303,-9.24707533382929e-311,-5.60171629254805e-320,0,0,0,0,0,0,0,0,0,0,0,0,0,0,0,0,0,0,0,0,0,0,0,0,0,0,0,0,0,0,0,0,0,0,0,0,0,0,0,0,0,0,0,0,0,0,0,0,0,0,0,0,0,0,0,0,0,0,0,0,0,0,0,0,0,0,0,0,0,0,0,0,0,0,0,0,0,0,0,0,0,0,0,0,0,0,0,0,0,0,0,0,0,0,0,0,0,0,0,0,0,0,0,0,0,0,0,0,0,0,0,0,0,0,0,0,0,0,0,0,0,0,0,0,0,0,0,0,0,0,0,0,0,0
0,0,0,0,0,0,0,0,0,0,-1.79154131969786e-318,-8.68707706478354e-291,-9.01155128535097e-265,-1.99988144762918e-240,-9.49484223663207e-218,-9.64384147849286e-197,-2.09551696662075e-177,-9.74116968462522e-160,-9.68745825511441e-144,-2.0610445921132e-129,-9.38088346066182e-117,-9.13437636299313e-106,-1.90280133668354e-96,-6.29318302340009e-88,-2.51196812058587e-75,-2.47909563951272e-64,-5.23421158985296e-55,-2.3642210351705e-47,-2.28456588836971e-41,-4.7227842613024e-37,-2.08867724410458e-34,-1.97616576622116e-33,-3.99994681290934e-34,-1.73223198340748e-36,-1.74900021262489e-38,-4.74003459823159e-38,-4.18004440196774e-32,-4.05714607958955e-27,-8.42440470761219e-24,-3.74228283703369e-22,-3.55641801954744e-22,-7.23049124823781e-24,-3.14486216773163e-27,-2.9262689277366e-32,-6.69339217688602e-39,-6.38832433160957e-35,-1.00554641556671e-31,-3.38607127920427e-30,-2.43932057212822e-30,-3.75941672620976e-32,-1.23951237992557e-35,-8.74299191299494e-41,-4.41234786690708e-45,-1.33532351287095e-36,-6.90276885450651e-28,-4.13294933505376e-20,-5.33866550621464e-14,-1.47533643288218e-09,-8.72224427025172e-07,-1.10317454310454e-05,-2.98496350976785e-06,-1.72787622849646e-08,-2.13975988694228e-12,-5.66886694654536e-18,-1.58769694043601e-24,-1.63219700419917e-24,-4.50041935150222e-26,-2.65468012970816e-29,-3.35004177980196e-34,-9.044135410729e-41,-5.22351320963107e-49,-6.45412165276631e-59,-1.70604469795581e-70,-9.64767071684793e-84,-1.16716793405471e-98,-3.02080771307723e-115,-4.42524824669223e-113,-1.2023676958476e-105,-6.98901172133206e-100,-8.69106597442502e-96,-2.31211341267695e-93,-1.31590345737436e-92,-1.6022037039907e-93,-4.17340222604837e-96,-2.32563504840134e-100,-2.77250088102659e-106,-7.07099663136823e-114,-3.85805466049969e-123,-4.5033420088039e-134,-1.12455394656635e-146,-6.00764782125984e-161,-6.86605765278843e-177,-1.18540417176428e-189,-5.64138084032602e-177,-5.74366823310831e-166,-1.25104255173159e-156,-5.82953112721592e-149,-5.81130912915067e-143,-1.23934762573946e-138,-5.65445964159938e-136,-5.51909521739572e-135,-1.15245366486248e-135,-5.14822913973995e-138,-4.92006762511428e-142,-1.00591916901631e-147,-4.39980982234288e-155,-4.11702528377974e-164,-8.24160833691361e-175,-3.52954902123102e-187,-3.23374129679567e-201,-6.33826125342529e-217,-2.65774804886045e-234,-2.38416489117475e-253,-4.57548964902811e-274,-1.8785280084181e-296,-2.41312567748714e-305,-3.26204584787969e-306,-9.43363326861944e-309,-5.83642253940921e-313,-7.72491399898623e-319,-0,0,0,0,0,0,0,0,0,0,0,0,0,0,0,0,0,0,0,0,0,0,0,0,0,0,0,0,0,0,0,0,0,0,0,0,0,0,0,0,0,0,0,0,0,0,0,0,0,0,0,0,0,0,0,0,0,0,0,0,0,0,0,0,0,0,0,0,0,0,0,0,0,0,0,0,0,0,0,0,0,0,0,0,0,0,0,0,0,0,0,0,0,0,0,0,0,0,0,0,0,0,0,0,0,0,0,0,0,0,0,0,0,0,0,0,0,0,0,0,0,0,0,0,0,0,0,0,0,0,0,0,0,0,0,0
0,0,0,0,0,0,0,0,0,0,-0,-1.23481388581376e-298,-1.28093587485073e-272,-2.84270688874725e-248,-1.34963267275866e-225,-1.37081198675032e-204,-2.978646821071e-185,-1.38464658491461e-167,-1.37701183982239e-151,-2.92964648827615e-137,-1.3334341426974e-124,-1.29839469466734e-113,-2.70681173049283e-104,-4.53335709852919e-93,-2.0907629797442e-80,-2.06340266054092e-69,-4.35654274910751e-60,-1.96779014980772e-52,-1.90149152082324e-46,-3.93087118794067e-42,-1.7384493437551e-39,-1.64480370968526e-38,-3.32923860363236e-39,-1.44169048244484e-41,-6.10221119576886e-44,-1.11749607505895e-42,-4.47327529722745e-36,-4.34175581555452e-31,-9.01537864654868e-28,-4.00480484370054e-26,-3.80590156627415e-26,-7.73771188182815e-28,-3.36547497625413e-31,-3.13154736990935e-36,-6.3773093154357e-43,-1.05614341315058e-39,-1.66240968411841e-36,-5.597988912816e-35,-4.03278265328986e-35,-6.21521858716547e-37,-2.04921160482841e-40,-1.44542650635783e-45,-1.09227477505894e-48,-2.74519092994802e-38,-7.68608298717204e-29,-4.64086806359816e-21,-5.99485620366916e-15,-1.65667431725889e-10,-9.79432063774936e-08,-1.23876892916435e-06,-3.35185404132317e-07,-1.94025451247226e-09,-2.40276398724435e-13,-6.36564381839223e-19,-3.61537124545407e-26,-9.65208829355015e-29,-2.66134695442101e-30,-1.56985923451834e-33,-1.98106505005651e-38,-5.3482976475693e-45,-3.08895235889277e-53,-3.81667921641984e-63,-1.00887861916582e-74,-5.70520146549655e-88,-6.90210974574501e-103,-1.78637052503503e-119,-7.68015031944972e-122,-2.08674499792468e-114,-1.21296382964161e-108,-1.50836042180757e-104,-4.01274178872295e-102,-2.28378969836842e-101,-2.78067231555326e-102,-7.24306403907078e-105,-4.0362089908185e-109,-4.81175797154593e-115,-1.22719255530632e-122,-6.69576893351465e-132,-7.81568437281684e-143,-1.95169691517658e-155,-1.04264519777116e-169,-1.19162478432341e-185,-2.81080802618155e-200,-1.33630594988623e-187,-1.36053534610013e-176,-2.96341561181193e-167,-1.38087417794256e-159,-1.37655782967197e-153,-2.93571317577862e-149,-1.33940399989449e-146,-1.30733945921098e-145,-2.72988251088349e-146,-1.21949030308952e-148,-1.16544438806278e-152,-2.38277792034943e-158,-1.04220796474802e-165,-9.7522318351925e-175,-1.95223661882998e-185,-8.36064341512148e-198,-7.65994684211198e-212,-1.50137997497713e-227,-6.29555889154561e-245,-5.64750691322366e-264,-1.0838222440032e-284,-4.44977608358396e-307,-2.18377015461831e-321,-2.96439387504748e-322,-0,0,0,0,0,0,0,0,0,0,0,0,0,0,0,0,0,0,0,0,0,0,0,0,0,0,0,0,0,0,0,0,0,0,0,0,0,0,0,0,0,0,0,0,0,0,0,0,0,0,0,0,0,0,0,0,0,0,0,0,0,0,0,0,0,0,0,0,0,0,0,0,0,0,0,0,0,0,0,0,0,0,0,0,0,0,0,0,0,0,0,0,0,0,0,0,0,0,0,0,0,0,0,0,0,0,0,0,0,0,0,0,0,0,0,0,0,0,0,0,0,0,0,0,0,0,0,0,0,0,0,0,0,0,0,0,0,0,0
0,0,0,0,0,0,0,0,0,0,0,-6.71272780169354e-307,-6.96345737449377e-281,-1.54535981360332e-256,-7.33690871845884e-234,-7.45204426356927e-213,-1.6192598380162e-193,-7.52725227085658e-176,-7.48574806829718e-160,-1.59262214791382e-145,-7.24884984226879e-133,-7.05836813369031e-122,-2.13936801484033e-112,-1.44266345220673e-98,-6.65526278307817e-86,-6.56817013120641e-75,-1.38676345189142e-65,-6.26381885340341e-58,-6.05277876753481e-52,-1.25126477839781e-47,-5.53378711452797e-45,-5.23569674738038e-44,-1.05975464581467e-44,-4.58904383541422e-47,-8.28719025095486e-50,-4.05265520513034e-47,-1.83079651844574e-40,-1.77696897989907e-35,-3.68976259318151e-32,-1.63906361392101e-30,-1.55765761851226e-30,-3.16684644957374e-32,-1.37740234354159e-35,-1.28166179117623e-40,-2.56039555299911e-47,-6.67772507313741e-45,-1.05109918701242e-41,-3.53946542261991e-40,-2.54982547850033e-40,-3.92972398229177e-42,-1.29566416294902e-45,-9.13906265245194e-51,-8.93261588157412e-51,-1.16949557704093e-39,-3.30076224839356e-30,-1.99303526842807e-22,-2.57450977289937e-16,-7.11463974384155e-12,-4.20620167448257e-09,-5.31993196553692e-08,-1.43946421632306e-08,-8.33248377414619e-11,-1.03187451997242e-14,-2.73374567551234e-20,-1.54941805633291e-27,-2.18480615855658e-33,-6.01893580458974e-35,-3.55041342471495e-38,-4.48040167825134e-43,-1.20957773472776e-49,-6.9860135750851e-58,-8.63184980528868e-68,-2.28169259678456e-79,-1.29029555188224e-92,-1.56098983662494e-107,-4.04007808733515e-124,-5.09766749181829e-131,-1.38506822094987e-123,-8.05099643353227e-118,-1.00116788973353e-113,-2.66344049510857e-111,-1.51585581261188e-110,-1.84565956117223e-111,-4.80755331044245e-114,-2.6790167518574e-118,-3.19378412787321e-124,-8.14543900204141e-132,-4.44428848462934e-141,-5.1876276500143e-152,-1.29543062368692e-164,-6.92051367366463e-179,-7.90935941719824e-195,-2.73711488701045e-211,-1.21058722642901e-198,-1.23253713809635e-187,-2.68461955629626e-178,-1.25096250695071e-170,-1.24705223768824e-164,-2.65952334595196e-160,-1.21339381407248e-157,-1.18434588281379e-156,-2.47305708517475e-157,-1.10476151348411e-159,-1.05580020011307e-163,-2.15860785027374e-169,-9.44157772786951e-177,-8.83474872641466e-186,-1.7685715714456e-196,-7.57407996569573e-209,-6.93930443322204e-223,-1.36013120339579e-238,-5.70327714097592e-256,-5.11619343676481e-275,-9.81857009932252e-296,-4.03114583295269e-318,0,0,0,0,0,0,0,0,0,0,0,0,0,0,0,0,0,0,0,0,0,0,0,0,0,0,0,0,0,0,0,0,0,0,0,0,0,0,0,0,0,0,0,0,0,0,0,0,0,0,0,0,0,0,0,0,0,0,0,0,0,0,0,0,0,0,0,0,0,0,0,0,0,0,0,0,0,0,0,0,0,0,0,0,0,0,0,0,0,0,0,0,0,0,0,0,0,0,0,0,0,0,0,0,0,0,0,0,0,0,0,0,0,0,0,0,0,0,0,0,0,0,0,0,0,0,0,0,0,0,0,0,0,0,0,0,0,0,0,0,0
0,0,0,0,0,0,0,0,0,0,0,-1.39561706643212e-315,-1.44774527465645e-289,-3.21289734031087e-265,-1.5253880876246e-242,-1.54932546993537e-221,-3.36653999996566e-202,-1.56496167352087e-184,-1.55633269657714e-168,-3.3111586169836e-154,-1.50708011000368e-141,-1.46755846616885e-130,-8.17523707544122e-119,-1.75628479459729e-104,-8.10205743825251e-92,-7.99603162280332e-81,-1.68823343384838e-71,-7.62551709699581e-64,-7.36859878236917e-58,-1.52327855958937e-53,-6.73678298184497e-51,-6.37389043269364e-50,-1.2901358355564e-50,-5.58660648633229e-53,-4.47846578847022e-56,-6.31718035644036e-52,-2.86565716357473e-45,-2.78140352333675e-40,-5.77540677020386e-37,-2.56554692980176e-35,-2.43812606595331e-35,-4.95691144434683e-37,-2.15598120997955e-40,-2.00612315804533e-45,-3.99565172695342e-52,-1.61474473463423e-50,-2.54166929465708e-47,-8.55880272321724e-46,-6.1657483951245e-46,-9.5024893042281e-48,-3.13305334058461e-51,-2.20992226401444e-56,-1.45593043228065e-52,-1.92078066693933e-41,-5.42125340958998e-32,-3.2734104201611e-24,-4.22843852858365e-18,-1.16852602878159e-13,-6.90836966578959e-11,-8.7375878426706e-10,-2.3642116324009e-10,-1.36854774451767e-12,-1.69477623384657e-16,-4.48997151355477e-22,-2.54479975849876e-29,-4.97372977147394e-38,-5.20604154063405e-40,-3.07090827135811e-43,-3.87529589567543e-48,-1.04621682775557e-54,-6.04250950669816e-63,-7.46606543893126e-73,-1.97353598862217e-84,-1.11603320762282e-97,-1.35016856556144e-112,-3.49444071188026e-129,-1.29402615654323e-140,-3.51594967973356e-133,-2.04371870669299e-127,-2.54143143855681e-123,-6.76105524198928e-121,-3.84794963761409e-120,-4.68514550030629e-121,-1.22038144161301e-123,-6.80059505244707e-128,-8.10731494065501e-134,-2.06769263905823e-141,-1.12816787200988e-150,-1.31686205045816e-161,-3.28840761601296e-174,-1.75674941251799e-188,-2.00776462048357e-204,-5.79033194064832e-222,-4.19426604194131e-210,-4.27031489420104e-199,-9.30127825131637e-190,-4.33415242462339e-182,-4.32060469404713e-176,-9.21432856232975e-172,-4.20398989743038e-169,-4.10334886223123e-168,-8.56828746056461e-169,-3.82761654781267e-171,-3.6579825309009e-175,-7.47882961806759e-181,-3.27118013322888e-188,-3.06093487221015e-197,-6.12748881114387e-208,-2.62415674852077e-220,-2.4042289810715e-234,-4.71238420036444e-250,-1.97598827395013e-267,-1.77258407550891e-286,-3.40179495115659e-307,0,0,0,0,0,0,0,0,0,0,0,0,0,0,0,0,0,0,0,0,0,0,0,0,0,0,0,0,0,0,0,0,0,0,0,0,0,0,0,0,0,0,0,0,0,0,0,0,0,0,0,0,0,0,0,0,0,0,0,0,0,0,0,0,0,0,0,0,0,0,0,0,0,0,0,0,0,0,0,0,0,0,0,0,0,0,0,0,0,0,0,0,0,0,0,0,0,0,0,0,0,0,0,0,0,0,0,0,0,0,0,0,0,0,0,0,0,0,0,0,0,0,0,0,0,0,0,0,0,0,0,0,0,0,0,0,0,0,0,0,0,0
0,0,0,0,0,0,0,0,0,0,0,-0,-1.1511425120599e-298,-2.55466398686309e-274,-1.21287847095279e-251,-1.23191174903542e-230,-2.67682953648737e-211,-1.24434452915875e-193,-1.23748338972394e-177,-2.63279425939608e-163,-1.19832129699551e-150,-1.20445329010706e-139,-3.79206670421472e-125,-8.17701421220101e-111,-3.7722036359339e-98,-3.72283951213432e-87,-7.86017668478725e-78,-3.55033317629678e-70,-3.43071563372049e-64,-7.09217006277839e-60,-3.13655111092451e-57,-2.96759345988336e-56,-6.00669043243413e-57,-2.60103466743276e-59,-1.00580618879506e-62,-3.78110779803091e-57,-1.71545009342235e-50,-1.66501387346977e-45,-3.45729496516369e-42,-1.53579701590119e-40,-1.45951987585407e-40,-2.96732432210963e-42,-1.29062129800196e-45,-1.20091272697725e-50,-2.39078072559553e-57,-1.49330638357125e-56,-2.3505207349757e-53,-7.91513015079452e-52,-5.70204765814698e-52,-8.78784592095676e-54,-2.8974292038346e-57,-2.04373787009629e-62,-9.14512863796865e-55,-1.20651560459407e-43,-3.40529614711095e-34,-2.05615400167661e-26,-2.65604360145091e-20,-7.33995790856109e-16,-4.33941061771192e-13,-5.48841235949434e-12,-1.48505154710564e-12,-8.59637063548321e-15,-1.06455362691699e-18,-2.82032244968417e-24,-1.59848583962022e-31,-1.93882029837552e-40,-1.72213231307965e-45,-1.01583802050024e-48,-1.28192461762286e-53,-3.46082245840339e-60,-1.99882586965829e-68,-2.46972962597001e-78,-6.52833857255312e-90,-3.69177085169895e-103,-4.46627655984992e-118,-1.15594000922142e-134,-1.26267379091576e-150,-3.41337370733528e-143,-1.9840942943028e-137,-2.46728652044374e-133,-6.56380503107666e-131,-3.73568774203207e-130,-4.54845885820458e-131,-1.18477745848668e-133,-6.60219128847645e-138,-7.87078831504122e-144,-2.00736879987067e-151,-1.09525417100706e-160,-1.27844329659523e-171,-3.19247006298158e-184,-1.70549717751374e-198,-1.94918914954333e-214,-4.77747735477621e-232,-5.5575779597576e-222,-5.65834587027095e-211,-1.23245827732854e-201,-5.74293326852678e-194,-5.72498195878571e-188,-1.22093707981067e-183,-5.57046247504812e-181,-5.43710889340191e-180,-1.135333931313e-180,-5.07175204238625e-183,-4.8469798738622e-187,-9.90976209771302e-193,-4.3344505162613e-200,-4.05586675044935e-209,-8.1191789993633e-220,-3.47711746529488e-232,-3.18570397342469e-246,-6.24410619354396e-262,-2.61826712235956e-279,-2.34874805063785e-298,-4.50750910670344e-319,0,0,0,0,0,0,0,0,0,0,0,0,0,0,0,0,0,0,0,0,0,0,0,0,0,0,0,0,0,0,0,0,0,0,0,0,0,0,0,0,0,0,0,0,0,0,0,0,0,0,0,0,0,0,0,0,0,0,0,0,0,0,0,0,0,0,0,0,0,0,0,0,0,0,0,0,0,0,0,0,0,0,0,0,0,0,0,0,0,0,0,0,0,0,0,0,0,0,0,0,0,0,0,0,0,0,0,0,0,0,0,0,0,0,0,0,0,0,0,0,0,0,0,0,0,0,0,0,0,0,0,0,0,0,0,0,0,0,0,0,0,0
0,0,0,0,0,0,0,0,0,0,0,0,-3.50054553828745e-308,-7.76855821703147e-284,-3.68828036103122e-261,-3.74615925610558e-240,-8.14005528641255e-221,-3.78396648894905e-203,-3.76310223384207e-187,-8.006147024727e-173,-3.64402718567316e-160,-7.05367085063519e-148,-6.75215965821168e-132,-1.45600969348525e-117,-6.71683443030312e-105,-6.62893603500055e-94,-1.39959319485642e-84,-6.32176902923198e-77,-6.10877649065537e-71,-1.26284094552739e-66,-5.58498334861307e-64,-5.28413517674709e-63,-1.06955904300501e-63,-4.63142813217252e-66,-1.03211786493123e-69,-8.65646840322548e-63,-3.92736844247779e-56,-3.8118992607401e-51,-7.91516535198829e-48,-3.51606890659755e-46,-3.34143926633452e-46,-6.79342170660368e-48,-2.954761188564e-51,-2.74938149712725e-56,-5.47308420675611e-63,-5.2815776558023e-63,-8.31340298521808e-60,-2.79945059172963e-58,-2.01671992583315e-58,-3.10811572201144e-60,-1.02477277627018e-63,-7.58455660237288e-69,-2.19692225795603e-57,-2.8983966837607e-46,-8.18049847253221e-37,-4.93947191179785e-29,-6.38057886480266e-23,-1.76326850486651e-18,-1.04245094688762e-15,-1.31847413510762e-14,-3.56751994185208e-15,-2.06509489380414e-17,-2.55736327846614e-21,-6.77522379698626e-27,-3.84002166168978e-34,-4.65610306928396e-43,-2.19075346263034e-51,-1.28514397601264e-54,-1.62177204119655e-59,-4.37831134953286e-66,-2.52872896430002e-74,-3.12447268868292e-84,-8.25904801802185e-96,-4.67048582068113e-109,-5.65031855496138e-124,-1.46238800822166e-140,-8.14377387722678e-159,-1.26734463016091e-153,-7.36670363462991e-148,-9.16073829253771e-144,-2.43706191375461e-141,-1.38701595715937e-140,-1.68878810341384e-141,-4.39893629789825e-144,-2.45131426973985e-148,-2.92232909767971e-154,-7.45311907630149e-162,-4.06654709182337e-171,-4.74670629653979e-182,-1.18532576218493e-194,-6.3323060262394e-209,-7.23710502759494e-225,-1.76954327549809e-242,-2.81633851835139e-234,-2.86740330769803e-223,-6.24556190454761e-214,-2.91026851797488e-206,-2.90117157584581e-200,-6.1871774921614e-196,-2.82286782967489e-193,-2.75529004106432e-192,-5.75337800945174e-193,-2.57014309757388e-195,-2.45623834974116e-199,-5.02183593385107e-205,-2.19651078819377e-212,-2.05533666595464e-221,-4.11444638633467e-232,-1.76205172851413e-244,-1.61437605974922e-258,-3.16424113397815e-274,-1.32682377133155e-291,-1.19024324135668e-310,0,0,0,0,0,0,0,0,0,0,0,0,0,0,0,0,0,0,0,0,0,0,0,0,0,0,0,0,0,0,0,0,0,0,0,0,0,0,0,0,0,0,0,0,0,0,0,0,0,0,0,0,0,0,0,0,0,0,0,0,0,0,0,0,0,0,0,0,0,0,0,0,0,0,0,0,0,0,0,0,0,0,0,0,0,0,0,0,0,0,0,0,0,0,0,0,0,0,0,0,0,0,0,0,0,0,0,0,0,0,0,0,0,0,0,0,0,0,0,0,0,0,0,0,0,0,0,0,0,0,0,0,0,0,0,0,0,0,0,0,0,0,0
0,0,0,0,0,0,0,0,0,0,0,0,-4.07110092173187e-318,-9.03476302161473e-294,-4.28943673822734e-271,-4.35674937029378e-250,-9.46681075702643e-231,-4.40071884052224e-213,-4.37645390033053e-197,-9.31107666286437e-183,-4.24763638550317e-170,-4.56224326133762e-155,-4.59813707617332e-139,-9.91524573912357e-125,-4.57408108362683e-112,-4.51422336472586e-101,-9.53105636858302e-92,-4.30504643693641e-84,-4.16000115529874e-78,-8.5997904824125e-74,-3.80330451082871e-71,-3.59843063069143e-70,-7.28356465711976e-71,-3.15394303569597e-73,-8.0801430441751e-77,-7.57938465868667e-69,-3.43870489195867e-62,-3.33760298468227e-57,-6.93031942767572e-54,-3.07858137749686e-52,-2.92568006277462e-52,-5.94814894446168e-54,-2.58711447690768e-57,-2.40728919186088e-62,-4.79204154176472e-69,-7.14410993130906e-70,-1.12450989582557e-66,-3.78666822584213e-65,-2.72790999996076e-65,-4.20418316420779e-67,-1.3861557414424e-70,-3.28276936223134e-73,-2.01840945485119e-60,-2.66288497441581e-49,-7.51578505033158e-40,-4.53811088356962e-32,-5.86211945464754e-26,-1.61999260963056e-21,-9.57745700782065e-19,-1.21134038801714e-17,-3.27763804806776e-18,-1.89729383636998e-20,-2.34956253107316e-24,-6.22469717426374e-30,-3.52799740685532e-37,-4.27776669391508e-46,-1.21505862614165e-56,-6.21797272501148e-61,-7.84669609534317e-66,-2.11837901368855e-72,-1.22348685180899e-80,-1.51172834550817e-90,-3.99601412455289e-102,-2.25974316497991e-115,-2.73382025441436e-130,-7.07554081739094e-147,-3.91767320709512e-165,-1.79959725204152e-164,-1.04605324408092e-158,-1.30080161824873e-154,-3.46056614647194e-152,-1.96952750312651e-151,-2.39803630193161e-152,-6.24637804525028e-155,-3.48080413072323e-159,-4.14963324780676e-165,-1.05832401776519e-172,-5.77439379753683e-182,-6.74020262855899e-193,-1.68313253840911e-205,-8.99171405528436e-220,-1.02765057036949e-235,-2.51262371518215e-253,-5.45825534203716e-247,-5.55722237225183e-236,-1.21043231867859e-226,-5.64029806129188e-219,-5.62266756955604e-213,-1.19911702299512e-208,-5.47090959087061e-206,-5.33993924647404e-205,-1.11504373676038e-205,-4.98111189429902e-208,-4.76035675627461e-212,-9.73265913673637e-218,-4.25698710058417e-225,-3.9833820627494e-234,-7.9740765612519e-245,-3.41497593326885e-257,-3.12877045666378e-271,-6.13251424162537e-287,-2.57147459036726e-304,-2.47032822920623e-323,0,0,0,0,0,0,0,0,0,0,0,0,0,0,0,0,0,0,0,0,0,0,0,0,0,0,0,0,0,0,0,0,0,0,0,0,0,0,0,0,0,0,0,0,0,0,0,0,0,0,0,0,0,0,0,0,0,0,0,0,0,0,0,0,0,0,0,0,0,0,0,0,0,0,0,0,0,0,0,0,0,0,0,0,0,0,0,0,0,0,0,0,0,0,0,0,0,0,0,0,0,0,0,0,0,0,0,0,0,0,0,0,0,0,0,0,0,0,0,0,0,0,0,0,0,0,0,0,0,0,0,0,0,0,0,0,0,0,0,0,0,0,0
0,0,0,0,0,0,0,0,0,0,0,0,0,-4.01848923089504e-304,-1.90785915446086e-281,-1.93779852159391e-260,-4.21065577337445e-241,-1.95735529825518e-223,-1.94656271845907e-207,-4.14138937958084e-193,-4.40660670758258e-180,-1.18808671410387e-162,-1.19754221542927e-146,-2.58233392186382e-132,-1.19127705499004e-119,-1.17568766647964e-108,-2.48227535850915e-99,-1.12120947294676e-91,-1.08343377269343e-85,-2.23973578345416e-81,-9.90535435217516e-79,-9.37177930592607e-78,-1.89693695759354e-78,-8.2141501829647e-81,-1.28995101345154e-83,-2.53803092138373e-75,-1.15148389707481e-68,-1.11762893660274e-63,-2.32068510479475e-60,-1.03089302321689e-58,-9.79692525565597e-59,-1.99179573186605e-60,-8.66320534517149e-64,-8.06104282607129e-69,-1.60465913458152e-75,-3.69574797238165e-77,-5.81724603574717e-74,-1.95889612063376e-72,-1.41118577009017e-72,-2.17488240311009e-74,-7.17077637268296e-78,-1.15003066646102e-76,-7.09207887540736e-64,-9.35657045665574e-53,-2.64081900030007e-43,-1.59455457634068e-35,-2.05977104642966e-29,-5.6921628748142e-25,-3.36522801961903e-22,-4.25628286477589e-21,-1.15166263743291e-21,-6.66651531235183e-24,-8.25565038502184e-28,-2.18716986433568e-33,-1.23963132562206e-40,-1.50307752117447e-49,-3.89915726495781e-60,-1.15059822842624e-67,-1.45195634278733e-72,-3.91985850857399e-79,-2.26394583556667e-87,-2.79730925368e-97,-7.39424336499464e-109,-4.18143940022115e-122,-5.05867388032648e-137,-1.30926140679234e-153,-7.24927973664772e-172,-9.77294862520031e-176,-5.68072917539167e-170,-7.06417359345297e-166,-1.8793057794021e-163,-1.06957771146509e-162,-1.3022850281393e-163,-3.39217742528547e-166,-1.8902962818682e-170,-2.25351269558967e-176,-5.74736721936027e-184,-3.1358601965514e-193,-3.66035533437407e-204,-9.14047174089461e-217,-4.88306810955017e-231,-5.58079104504353e-247,-1.36451260966229e-264,-4.0456894611506e-260,-4.11904437880299e-249,-8.97179220876527e-240,-4.18062054528217e-232,-4.16755272596246e-226,-8.88792260276895e-222,-4.05506886133182e-219,-3.95799290778167e-218,-8.26476669163996e-219,-3.69202806258899e-221,-3.52840311662468e-225,-7.21390151816666e-231,-3.15530270569196e-238,-2.95250511768598e-247,-5.91043025374923e-258,-2.53119930775394e-270,-2.31906220388724e-284,-4.54545393774852e-300,-1.90599162655699e-317,0,0,0,0,0,0,0,0,0,0,0,0,0,0,0,0,0,0,0,0,0,0,0,0,0,0,0,0,0,0,0,0,0,0,0,0,0,0,0,0,0,0,0,0,0,0,0,0,0,0,0,0,0,0,0,0,0,0,0,0,0,0,0,0,0,0,0,0,0,0,0,0,0,0,0,0,0,0,0,0,0,0,0,0,0,0,0,0,0,0,0,0,0,0,0,0,0,0,0,0,0,0,0,0,0,0,0,0,0,0,0,0,0,0,0,0,0,0,0,0,0,0,0,0,0,0,0,0,0,0,0,0,0,0,0,0,0,0,0,0,0,0,0,0
0,0,0,0,0,0,0,0,0,0,0,0,0,-6.83563010980583e-315,-3.24535384599264e-292,-3.29628205001856e-271,-7.16251400231559e-252,-3.32954900277263e-234,-3.31119034141345e-218,-7.04582727095036e-204,-2.51487734477586e-188,-1.18338672334968e-170,-1.19280500330867e-154,-2.5721187800538e-140,-1.18656462645836e-127,-1.17103690612069e-116,-2.4724560262438e-107,-1.1167742162714e-99,-1.07914794833272e-93,-2.23087588410056e-89,-9.86617096131701e-87,-9.33470661992975e-86,-1.88943309457138e-86,-8.18165585379803e-89,-1.54094876286025e-90,-3.25034584483575e-82,-1.47465535949775e-75,-1.43129878366325e-70,-2.97200050837513e-67,-1.32021987074028e-65,-1.25464961963886e-65,-2.55080618885122e-67,-1.10945904021238e-70,-1.0323427046444e-75,-2.05501663783305e-82,-7.31183932945017e-85,-1.15090979217351e-81,-3.87556708661448e-80,-2.7919526033319e-80,-4.30288394058587e-82,-1.41869824607917e-85,-1.5454082188264e-80,-9.53032134007067e-68,-1.25733405760834e-56,-3.54872726544218e-47,-2.14275923516633e-39,-2.76791619274272e-33,-7.64911703183569e-29,-4.52218664978366e-26,-5.71958435998387e-25,-1.54760193772644e-25,-8.95844987927692e-28,-1.1093926396302e-31,-2.9391144682159e-37,-1.66581408412743e-44,-2.01983255227213e-53,-5.23941772063435e-64,-8.43314768035094e-75,-1.0275192953755e-79,-2.77400231251749e-86,-1.60214736566116e-94,-1.97959755985128e-104,-5.2327521896383e-116,-2.95911766725605e-129,-3.57991825766244e-144,-9.26537057954449e-161,-5.13016444584957e-179,-2.02976431198233e-187,-1.17984262359467e-181,-1.46717311258781e-177,-3.90316980945238e-175,-2.22142850727672e-174,-2.70474324127941e-175,-7.04528483858148e-178,-3.92599621582359e-182,-4.68036804603542e-188,-1.19368281949208e-195,-6.51293418026747e-205,-7.60226919407518e-216,-1.8984038539252e-228,-1.01417471449269e-242,-1.15908626252449e-258,-2.83398500036411e-276,-1.14683500883334e-273,-1.16762898930111e-262,-2.54324151564118e-253,-1.1850840372245e-245,-1.18137969144399e-239,-2.51946692758694e-235,-1.14949379532523e-232,-1.12197559277495e-231,-2.34282039509681e-232,-1.0465823134551e-234,-1.00019941181324e-238,-2.04493075673599e-244,-8.94436323178634e-252,-8.36949119609118e-261,-1.67543465640559e-271,-7.17521205802341e-284,-6.57386521782961e-298,-1.28850366717029e-313,0,0,0,0,0,0,0,0,0,0,0,0,0,0,0,0,0,0,0,0,0,0,0,0,0,0,0,0,0,0,0,0,0,0,0,0,0,0,0,0,0,0,0,0,0,0,0,0,0,0,0,0,0,0,0,0,0,0,0,0,0,0,0,0,0,0,0,0,0,0,0,0,0,0,0,0,0,0,0,0,0,0,0,0,0,0,0,0,0,0,0,0,0,0,0,0,0,0,0,0,0,0,0,0,0,0,0,0,0,0,0,0,0,0,0,0,0,0,0,0,0,0,0,0,0,0,0,0,0,0,0,0,0,0,0,0,0,0,0,0,0,0,0,0,0
0,0,0,0,0,0,0,0,0,0,0,0,0,-0,-2.11128811486323e-303,-2.14441982159679e-282,-4.65962462130383e-263,-2.16606187522214e-245,-2.15411855913079e-229,-5.01740741945412e-215,-9.5677982782685e-197,-4.50790769442303e-179,-4.54378500931379e-163,-9.79804303516982e-149,-4.5200133696021e-136,-4.4608631961009e-125,-9.41839495732526e-116,-4.25415883451775e-108,-4.11082805392736e-102,-8.49813705651724e-98,-3.75834772565594e-95,-3.55589554774908e-94,-7.19746961775066e-95,-3.11666058556035e-97,-7.50971074569184e-98,-1.59195922597272e-89,-7.22258896979631e-83,-7.01023648731708e-78,-1.45563083277507e-74,-6.46619253420834e-73,-6.14504158235938e-73,-1.24933765201652e-74,-5.43392500130194e-78,-5.05622346509075e-83,-1.00650906658867e-89,-5.53252059795996e-93,-8.70832923672199e-90,-2.9324378329865e-88,-2.11252373109289e-88,-3.2557660276103e-90,-1.07345712098658e-93,-7.94231133036727e-85,-4.89791488385307e-72,-6.46181275005101e-61,-1.82379622595342e-51,-1.10122754269656e-43,-1.42251425045777e-37,-3.93110817796238e-33,-2.32408588432469e-30,-2.93946409219502e-29,-7.95358550314509e-30,-4.60401317377155e-32,-5.70149791155036e-36,-1.51049812336292e-41,-8.56111279488001e-49,-1.03805187334753e-57,-2.69269213966445e-68,-1.51632132251235e-80,-2.78096897411693e-87,-7.50780438684222e-94,-4.33619285968158e-102,-5.35775733746403e-112,-1.41623817930306e-123,-8.008816900821e-137,-9.68900634225622e-152,-2.50766156786995e-168,-1.38847292801345e-186,-1.61226102460804e-199,-9.37160079089719e-194,-1.16538938561306e-189,-3.10032444512162e-187,-1.76450153091503e-186,-2.14840296428009e-187,-5.59613592906004e-190,-3.11845567412825e-194,-3.71766030525984e-200,-9.48153476702622e-208,-5.17328480038238e-217,-6.03855383481077e-228,-1.50792001433919e-240,-8.05568502644076e-255,-9.20673106511171e-271,-2.25106090739956e-288,-1.24330889831053e-287,-1.26585210700903e-276,-2.75718371221169e-267,-1.28477550596057e-259,-1.28075954373757e-253,-2.73140916168452e-249,-1.24619134685684e-246,-1.21635826203405e-245,-2.53990279502436e-246,-1.13462276012734e-248,-1.08433804271236e-252,-2.21695412739899e-258,-9.6967796676475e-266,-9.07354832934298e-275,-1.81637532932155e-285,-7.77880421359105e-298,-7.12687096109467e-312,-0,0,0,0,0,0,0,0,0,0,0,0,0,0,0,0,0,0,0,0,0,0,0,0,0,0,0,0,0,0,0,0,0,0,0,0,0,0,0,0,0,0,0,0,0,0,0,0,0,0,0,0,0,0,0,0,0,0,0,0,0,0,0,0,0,0,0,0,0,0,0,0,0,0,0,0,0,0,0,0,0,0,0,0,0,0,0,0,0,0,0,0,0,0,0,0,0,0,0,0,0,0,0,0,0,0,0,0,0,0,0,0,0,0,0,0,0,0,0,0,0,0,0,0,0,0,0,0,0,0,0,0,0,0,0,0,0,0,0,0,0,0,0,0,0,0
0,0,0,0,0,0,0,0,0,0,0,0,0,0,-5.2529425667298e-315,-5.33537515914359e-294,-1.15932734836065e-274,-5.38922118041643e-257,-5.35956725889167e-241,-6.44315454587043e-225,-1.39389188438399e-205,-6.56739350465153e-188,-6.61966175430636e-172,-1.4274383716221e-157,-6.58502978692365e-145,-6.49885622446734e-134,-1.3721289356376e-124,-6.19771676606087e-117,-5.98890378645389e-111,-1.23806017979652e-106,-5.47538905293969e-104,-5.1804444337689e-103,-1.0485710538404e-103,-4.5405401939321e-106,-1.4061610218121e-105,-2.98197507499261e-97,-1.35289773340092e-90,-1.31312097281973e-85,-2.72661183208023e-82,-1.21121349419821e-80,-1.15105717121583e-80,-2.34019419453866e-82,-1.01785451843863e-85,-9.47105434643435e-91,-1.88534032869426e-97,-1.60104932372009e-101,-2.51998582100439e-98,-8.48578591739659e-97,-6.11314719985631e-97,-9.421421725178e-99,-3.16047918361356e-102,-1.56106252620955e-89,-9.62685931551555e-77,-1.27007030018066e-65,-3.58467431626925e-56,-2.16446444646479e-48,-2.79595396984518e-42,-7.726599232681e-38,-4.56799441724231e-35,-5.77752124110194e-34,-1.56327846662101e-34,-9.04919504763025e-37,-1.1206303005213e-40,-2.96888640876616e-46,-1.68268805022052e-53,-2.04029257018502e-62,-5.29249058484912e-73,-2.93704040793423e-85,-2.87888655805833e-95,-7.77121242975821e-102,-4.48832629524004e-110,-5.54573191724232e-120,-1.46592627823191e-131,-8.28980274930839e-145,-1.00289409046002e-159,-2.59564178043965e-176,-1.43718689520865e-194,-4.91475251478195e-212,-2.84690635041667e-206,-3.54022169385683e-202,-9.41817043651919e-200,-5.36020550359041e-199,-6.5264218768301e-200,-1.69999504563944e-202,-9.47324951228389e-207,-1.1293514275615e-212,-2.88030211083706e-220,-1.57154126379647e-229,-1.83439282607438e-240,-4.58076177221737e-253,-2.44715725418067e-267,-2.79682219939473e-283,-6.83827633659646e-301,-5.1549783296563e-302,-5.24844645530039e-291,-1.1431770742288e-281,-5.32690621027396e-274,-5.31025532145646e-268,-1.13249049025882e-263,-5.16692947052949e-261,-5.04323623067796e-260,-1.05308856757755e-260,-4.70434640075298e-263,-4.49585707928237e-267,-9.19188344916806e-273,-4.02045614907876e-280,-3.7620534264981e-289,-7.5310129879215e-300,-3.2252296437523e-312,-0,0,0,0,0,0,0,0,0,0,0,0,0,0,0,0,0,0,0,0,0,0,0,0,0,0,0,0,0,0,0,0,0,0,0,0,0,0,0,0,0,0,0,0,0,0,0,0,0,0,0,0,0,0,0,0,0,0,0,0,0,0,0,0,0,0,0,0,0,0,0,0,0,0,0,0,0,0,0,0,0,0,0,0,0,0,0,0,0,0,0,0,0,0,0,0,0,0,0,0,0,0,0,0,0,0,0,0,0,0,0,0,0,0,0,0,0,0,0,0,0,0,0,0,0,0,0,0,0,0,0,0,0,0,0,0,0,0,0,0,0,0,0,0,0,0,0
0,0,0,0,0,0,0,0,0,0,0,0,0,0,-0,-5.07679718671557e-306,-1.10314076237978e-286,-5.12803357761137e-269,-5.13401342765105e-253,-3.52650930268453e-234,-7.76634742093759e-215,-3.65915465669407e-197,-3.68827695749497e-181,-7.95325841365426e-167,-3.66898106413498e-154,-3.62096774010906e-143,-7.64509082768769e-134,-3.45318186725677e-126,-3.33683753884605e-120,-6.89809993715336e-116,-3.05072253338938e-113,-2.88638823913075e-112,-5.84232336895454e-113,-2.52985278025879e-115,-1.00731347943738e-113,-2.13621903247842e-105,-9.69185125430743e-99,-9.40689960022906e-94,-1.9532826208768e-90,-8.67685763170707e-89,-8.24591143381107e-89,-1.67646182558431e-90,-7.29167796477362e-94,-6.78484764080108e-99,-1.35061487357859e-105,-1.77238004740058e-110,-2.78888788936791e-107,-9.39128521261422e-106,-6.76546750759392e-106,-1.04267606313375e-107,-4.10516020281523e-109,-1.17344676529001e-94,-7.23648587678482e-82,-9.54708642617052e-71,-2.69459064606343e-61,-1.62702246748341e-53,-2.10171155013312e-47,-5.80806516334551e-43,-3.43374988687435e-40,-4.34294815097967e-39,-1.17511248211061e-39,-6.80225710298982e-42,-8.42374971632737e-46,-2.23170442848263e-51,-1.26487236505373e-58,-1.53368278113896e-67,-3.97835182950599e-78,-2.20774873241487e-90,-1.40161303045814e-103,-3.07633987696742e-110,-1.77676485937102e-118,-2.19535322119948e-128,-5.80306806203769e-140,-3.28163089027373e-153,-3.970092324816e-168,-1.02752001517605e-184,-5.6892993151219e-203,-6.7960664190224e-223,-3.30751851609466e-219,-4.11300807341217e-215,-1.09419732412215e-212,-6.22745421555683e-212,-7.58235731860402e-213,-1.9750439243984e-215,-1.10059637770936e-219,-1.31207363294226e-225,-3.34631750782592e-233,-1.82580710041723e-242,-2.13118644986159e-253,-5.32190121997227e-266,-2.84309244271885e-280,-3.24933105346711e-296,-7.9446679368659e-314,-8.17418271271905e-317,-8.3223940517365e-306,-1.81272118591135e-296,-8.44680667624433e-289,-8.42040357596961e-283,-1.79577560713415e-278,-8.19313361725351e-276,-7.99699483745501e-275,-1.66986899940823e-275,-7.45962159209992e-278,-7.12902275611299e-282,-1.4575451382259e-287,-6.37518561451139e-295,-5.96543974024677e-304,-1.19418304515126e-314,-0,0,0,0,0,0,0,0,0,0,0,0,0,0,0,0,0,0,0,0,0,0,0,0,0,0,0,0,0,0,0,0,0,0,0,0,0,0,0,0,0,0,0,0,0,0,0,0,0,0,0,0,0,0,0,0,0,0,0,0,0,0,0,0,0,0,0,0,0,0,0,0,0,0,0,0,0,0,0,0,0,0,0,0,0,0,0,0,0,0,0,0,0,0,0,0,0,0,0,0,0,0,0,0,0,0,0,0,0,0,0,0,0,0,0,0,0,0,0,0,0,0,0,0,0,0,0,0,0,0,0,0,0,0,0,0,0,0,0,0,0,0,0,0,0,0,0,0
0,0,0,0,0,0,0,0,0,0,0,0,0,0,0,-1.84749919474584e-318,-4.01444476106024e-299,-1.86614663668743e-281,-9.15518155900919e-265,-7.51431026827942e-244,-1.65490947739584e-224,-7.79719138540358e-207,-7.85924729017725e-191,-1.69473782354038e-176,-7.81813020505897e-164,-7.71581994173227e-153,-1.62907124554638e-143,-7.35828966899485e-136,-7.11037475958671e-130,-1.46989702409078e-125,-6.50070021311747e-123,-6.15052481367768e-122,-1.24492451719188e-122,-5.39079351006422e-125,-2.75978455871871e-122,-5.85271333818853e-114,-2.65532823392237e-107,-2.57725850786872e-102,-5.35151268416244e-99,-2.37724501198441e-97,-2.25917638128125e-97,-4.59309197155574e-99,-1.99773994301949e-102,-1.85888093314207e-107,-3.70035167928754e-114,-7.515020884418e-120,-1.18041227689477e-116,-3.9749135858247e-115,-2.86352166945899e-115,-4.41318430346215e-117,-1.17028384439578e-114,-3.37346483878975e-100,-2.08036967537256e-87,-2.74462901294157e-76,-7.74650122042854e-67,-4.67741975889277e-59,-6.04207214623861e-53,-1.66972241004081e-48,-9.87146145117731e-46,-1.24852556736106e-44,-3.37825349839664e-45,-1.95553610441575e-47,-2.42168833894848e-51,-6.41578011269825e-57,-3.63629827554316e-64,-4.40908364066349e-73,-1.14371017162051e-83,-6.34691143351334e-96,-7.55232884535159e-110,-4.6574663919115e-119,-2.68995610083992e-127,-3.32368335613881e-137,-8.78562982306657e-149,-4.96826745950054e-162,-6.01057253789739e-177,-1.55562719454986e-193,-8.61338815966577e-212,-1.0202848255293e-231,-1.46960658474637e-232,-1.82750412987504e-228,-4.86177049264246e-226,-2.76700120554273e-225,-3.3690158313843e-226,-8.77557462591728e-229,-4.89020296019226e-233,-5.82984506741531e-239,-1.48684586956118e-246,-8.11248107665329e-256,-9.4693517959105e-267,-2.36464317227034e-279,-1.26325139361448e-293,-1.44375255617146e-309,-0,0,-5.04935090049754e-321,-1.09930503433858e-311,-5.12247397749314e-304,-5.10646210469064e-298,-1.0890285725175e-293,-4.96863671173375e-291,-4.84969048341285e-290,-1.01267388057394e-290,-4.52380632729993e-293,-4.32331826130747e-297,-8.83912385799105e-303,-3.86616193121391e-310,-3.61769687854336e-319,0,0,0,0,0,0,0,0,0,0,0,0,0,0,0,0,0,0,0,0,0,0,0,0,0,0,0,0,0,0,0,0,0,0,0,0,0,0,0,0,0,0,0,0,0,0,0,0,0,0,0,0,0,0,0,0,0,0,0,0,0,0,0,0,0,0,0,0,0,0,0,0,0,0,0,0,0,0,0,0,0,0,0,0,0,0,0,0,0,0,0,0,0,0,0,0,0,0,0,0,0,0,0,0,0,0,0,0,0,0,0,0,0,0,0,0,0,0,0,0,0,0,0,0,0,0,0,0,0,0,0,0,0,0,0,0,0,0,0,0,0,0,0,0,0,0,0,0,0
0,0,0,0,0,0,0,0,0,0,0,0,0,0,0,0,-5.58714242499075e-312,-2.59846174843327e-294,-5.95111620435612e-275,-6.12373278064101e-254,-1.3486565746556e-234,-6.35426503346852e-217,-6.40483704668915e-201,-1.3811143988563e-186,-6.37132897393214e-174,-6.28795196076244e-163,-1.32759989346717e-153,-5.99658523675015e-146,-5.79454876460788e-140,-1.19788200664983e-135,-5.29769887841937e-133,-5.01232595549656e-132,-1.01454228040486e-132,-4.39319107837197e-135,-2.89172029473962e-131,-6.13251230726298e-123,-2.78227074066672e-116,-2.7004687578624e-111,-5.60735089893481e-108,-2.49089327479102e-106,-2.36718017130372e-106,-4.81267258728814e-108,-2.09324531706338e-111,-1.94774791477456e-116,-3.877253318702e-123,-1.23043417332533e-129,-1.91075973628552e-126,-6.43428146561458e-125,-4.63524652960802e-125,-7.14372007310247e-127,-1.28668775434899e-120,-3.70901582094759e-106,-2.28729938152963e-93,-3.01763110573396e-82,-8.51702832446482e-73,-5.1426722126944e-65,-6.64306351263011e-59,-1.83580595363597e-54,-1.0853353583915e-51,-1.37271360559398e-50,-3.71428079778633e-51,-2.15004889522252e-53,-2.66256824712783e-57,-7.05394337243319e-63,-3.99799271022247e-70,-4.84764530255724e-79,-1.25747245749885e-89,-6.97822448016033e-102,-8.28458432381508e-116,-2.6988156540449e-128,-1.55750744384396e-136,-1.92444091059564e-146,-5.08695433505468e-158,-2.8766690834685e-171,-3.48017258222496e-186,-9.00721366642025e-203,-4.9872249480939e-221,-5.90753438815581e-241,-2.49729355545286e-246,-3.10546668303617e-242,-8.26157710872191e-240,-4.70194836513006e-239,-5.72494816725846e-240,-1.4912280732929e-242,-8.30989222836959e-247,-9.90662036170667e-253,-2.52658816757281e-260,-1.37854898867073e-269,-1.60912120697421e-280,-4.01822379972175e-293,-2.14663543082524e-307,-2.47032822920623e-323,0,0,0,-0,-1.18807965855445e-319,-1.18434170263924e-313,-2.52578385461543e-309,-1.15237586071186e-306,-1.12478866321843e-305,-2.34869442555724e-306,-1.04920635429129e-308,-1.00270715923729e-312,-2.05005622822783e-318,-0,0,0,0,0,0,0,0,0,0,0,0,0,0,0,0,0,0,0,0,0,0,0,0,0,0,0,0,0,0,0,0,0,0,0,0,0,0,0,0,0,0,0,0,0,0,0,0,0,0,0,0,0,0,0,0,0,0,0,0,0,0,0,0,0,0,0,0,0,0,0,0,0,0,0,0,0,0,0,0,0,0,0,0,0,0,0,0,0,0,0,0,0,0,0,0,0,0,0,0,0,0,0,0,0,0,0,0,0,0,0,0,0,0,0,0,0,0,0,0,0,0,0,0,0,0,0,0,0,0,0,0,0,0,0,0,0,0,0,0,0,0,0,0,0,0,0,0,0,0,0
0,0,0,0,0,0,0,0,0,0,0,0,0,0,0,0,-0,-1.76771395015237e-307,-1.85398856873098e-285,-1.90859184636343e-264,-4.20337567684258e-245,-1.98044213685103e-227,-1.99620398269799e-211,-4.30453740424771e-197,-1.98576047760907e-184,-1.95977425429979e-173,-4.13774804175314e-164,-1.86896360437093e-156,-1.80599463148351e-150,-3.73345459852524e-146,-1.65114077425303e-143,-1.56219822018969e-142,-3.16203726339391e-143,-1.36924241878644e-145,-1.15879644644284e-140,-2.45747611713839e-132,-1.11493684056755e-125,-1.08215640589348e-120,-2.24702866037905e-117,-9.98173411880456e-116,-9.48597971675137e-116,-1.92857793841849e-117,-8.38824304992071e-121,-7.80519262406646e-126,-1.55372821991515e-132,-8.17674501687159e-140,-1.18290031329676e-136,-3.98329178545014e-135,-2.86955731165879e-135,-4.42249029182503e-137,-5.41035008469847e-127,-1.5595915945308e-112,-9.61778828082201e-100,-1.26887355975068e-88,-3.58129660978973e-79,-2.1624249513976e-71,-2.79331944547639e-65,-7.71931874302144e-61,-4.5636901644761e-58,-5.77207729579194e-57,-1.56180544694332e-57,-9.04066832468428e-60,-1.11957437189479e-63,-2.96608893653431e-69,-1.68110251529355e-76,-2.03837007769999e-85,-5.28750366604872e-96,-2.93425015405479e-108,-3.48355281534017e-122,-1.48191984724199e-137,-3.44893311470109e-146,-4.2614678991271e-156,-1.12645145318856e-167,-6.3700750114578e-181,-7.70646875199906e-196,-1.99455081674348e-212,-1.10436745056775e-230,-1.30816010090649e-250,-1.6229599610411e-260,-2.01820409775219e-256,-5.3690960092397e-254,-3.05573764798722e-253,-3.72057247102185e-254,-9.69130541519785e-257,-5.40049540340834e-261,-6.43818911923472e-267,-1.64199816439237e-274,-8.9590180860266e-284,-1.04574781994448e-294,-2.6113935733341e-307,-1.39326512127232e-321,0,0,0,0,0,0,0,-0,-1.03753785626662e-322,-9.98012604599318e-322,-2.07507571253324e-322,-0,0,0,0,0,0,0,0,0,0,0,0,0,0,0,0,0,0,0,0,0,0,0,0,0,0,0,0,0,0,0,0,0,0,0,0,0,0,0,0,0,0,0,0,0,0,0,0,0,0,0,0,0,0,0,0,0,0,0,0,0,0,0,0,0,0,0,0,0,0,0,0,0,0,0,0,0,0,0,0,0,0,0,0,0,0,0,0,0,0,0,0,0,0,0,0,0,0,0,0,0,0,0,0,0,0,0,0,0,0,0,0,0,0,0,0,0,0,0,0,0,0,0,0,0,0,0,0,0,0,0,0,0,0,0,0,0,0,0,0,0,0,0,0,0,0,0,0,0,0,0,0,0,0
0,0,0,0,0,0,0,0,0,0,0,0,0,0,0,0,0,-4.62060073303651e-319,-2.20990327550972e-296,-2.27499056162579e-275,-5.01031166511901e-256,-2.36063419099658e-238,-2.37942189073641e-222,-5.1308937452963e-208,-2.36697351129238e-195,-2.33599862639304e-184,-4.93208527496895e-175,-2.2277547544111e-167,-2.15269741867592e-161,-4.45017827676882e-157,-1.96811575219652e-154,-1.86209860064745e-153,-3.76906405811034e-154,-1.63226565213434e-156,-1.77593772937409e-150,-3.76625642343553e-142,-1.70871977482415e-135,-1.65848143403491e-130,-3.44373077189899e-127,-1.52977153998755e-125,-1.45379366219008e-125,-2.95568245730204e-127,-1.28555773330932e-130,-1.19620112079756e-135,-2.38119868092131e-142,-2.79334703132455e-150,-2.80065694239636e-147,-9.43091625482805e-146,-6.79401764980763e-146,-1.05353328129816e-147,-8.70056127319634e-134,-2.50803035237108e-119,-1.5466680517881e-106,-2.04051715355215e-95,-5.75920044048375e-86,-3.47746642893469e-78,-4.49202853983756e-72,-1.24136894396056e-67,-7.3390197096869e-65,-9.28226665547886e-64,-2.51159052098556e-64,-1.45385950036809e-66,-1.80042423689373e-70,-4.76986482021796e-76,-2.70343604607079e-83,-3.27796972115292e-92,-8.50300792157907e-103,-4.71866383072737e-115,-5.60201543792296e-129,-1.42332052022956e-144,-2.92085678850165e-156,-3.6089724272607e-166,-9.53974623635718e-178,-5.39471975857018e-191,-6.52649131610441e-206,-1.68915478722061e-222,-9.35272017297153e-241,-1.10786091702841e-260,-4.03381287186256e-275,-5.01617864666981e-271,-1.33447081905481e-268,-7.59493351377617e-268,-9.24735818508823e-269,-2.40874148141015e-271,-1.34227503324303e-275,-1.60019032857479e-281,-4.08113140750759e-289,-2.22673391993967e-298,-2.59917115917536e-309,-6.47225996052033e-322,0,0,0,0,0,0,0,0,0,0,0,0,0,0,0,0,0,0,0,0,0,0,0,0,0,0,0,0,0,0,0,0,0,0,0,0,0,0,0,0,0,0,0,0,0,0,0,0,0,0,0,0,0,0,0,0,0,0,0,0,0,0,0,0,0,0,0,0,0,0,0,0,0,0,0,0,0,0,0,0,0,0,0,0,0,0,0,0,0,0,0,0,0,0,0,0,0,0,0,0,0,0,0,0,0,0,0,0,0,0,0,0,0,0,0,0,0,0,0,0,0,0,0,0,0,0,0,0,0,0,0,0,0,0,0,0,0,0,0,0,0,0,0,0,0,0,0,0,0,0,0,0,0,0,0,0,0,0,0,0,0,0,0,0,0,0
0,0,0,0,0,0,0,0,0,0,0,0,0,0,0,0,0,0,-1.00741752661576e-307,-1.03708854272654e-286,-2.28402566192192e-267,-1.0761304747135e-249,-1.08469512921036e-233,-2.33899481033058e-219,-1.0790203488774e-206,-1.06489998337651e-195,-2.24836498959579e-186,-1.01555539208616e-178,-9.81339380709381e-173,-2.02868046214168e-168,-8.97195061725338e-166,-8.48865554316151e-165,-1.71818433772974e-165,-7.45061151871534e-168,-1.04092158761687e-160,-2.20749722871439e-152,-1.00152346083044e-145,-9.72077510900529e-141,-2.01845686557662e-137,-8.96637418014212e-136,-8.52104880707971e-136,-1.73239952353066e-137,-7.53497588739331e-141,-7.01123439900288e-146,-1.39568019225754e-152,-7.5548038269537e-161,-2.53595407511706e-158,-8.53955732545001e-157,-6.15188403999981e-157,-4.06610636104679e-157,-5.35104833838675e-141,-1.54249722842862e-126,-9.51236966062518e-114,-1.25496569486874e-102,-3.54204274641738e-93,-2.13872305154292e-85,-2.76270243945451e-79,-7.63470886110362e-75,-4.51366848526076e-72,-5.70881073112817e-71,-1.54468681525531e-71,-8.94157539888688e-74,-1.10730294502964e-77,-2.93357823927826e-83,-1.66267629271543e-90,-2.0160279180716e-99,-5.22954841433316e-110,-2.90208843521454e-122,-3.44537029962114e-136,-8.75064485822333e-152,-9.50780885886711e-167,-1.16890067354566e-176,-3.08980354542186e-188,-1.74728172255382e-201,-2.11384826263114e-216,-5.47095941654086e-233,-3.02922816119051e-251,-3.58822185041228e-271,-3.84345689481344e-290,-4.76815767882115e-286,-1.26848896963863e-283,-7.2194080603341e-283,-8.79012990661842e-284,-2.28964317259802e-286,-1.27590731065673e-290,-1.52107018912354e-296,-3.87934310750719e-304,-2.11663483039161e-313,-4.94065645841247e-324,0,0,0,0,0,0,0,0,0,0,0,0,0,0,0,0,0,0,0,0,0,0,0,0,0,0,0,0,0,0,0,0,0,0,0,0,0,0,0,0,0,0,0,0,0,0,0,0,0,0,0,0,0,0,0,0,0,0,0,0,0,0,0,0,0,0,0,0,0,0,0,0,0,0,0,0,0,0,0,0,0,0,0,0,0,0,0,0,0,0,0,0,0,0,0,0,0,0,0,0,0,0,0,0,0,0,0,0,0,0,0,0,0,0,0,0,0,0,0,0,0,0,0,0,0,0,0,0,0,0,0,0,0,0,0,0,0,0,0,0,0,0,0,0,0,0,0,0,0,0,0,0,0,0,0,0,0,0,0,0,0,0,0,0,0,0,0
0,0,0,0,0,0,0,0,0,0,0,0,0,0,0,0,0,0,-1.75635396440105e-319,-1.80809720865546e-298,-3.9820519210069e-279,-1.87616430740148e-261,-1.89109623196808e-245,-4.07788709775907e-231,-1.88120261724085e-218,-1.85658466766806e-207,-3.91987983112714e-198,-1.77055554469679e-190,-1.71090212831728e-184,-3.53687397915784e-180,-1.56420191709011e-177,-1.47994252761454e-176,-2.9955439453966e-177,-1.32067378642383e-179,-2.33333985542117e-171,-4.948347047269e-163,-2.24502463500571e-156,-2.17901831006265e-151,-4.52459234869899e-148,-2.00991107132e-146,-1.91008650682221e-146,-3.88336345588309e-148,-1.68904745150408e-151,-1.57164505507542e-156,-3.12857016011344e-163,-1.38813598086633e-171,-8.78198227909607e-170,-2.95723971657009e-168,-2.13039097010366e-168,-9.34103495927999e-165,-1.25863609028819e-148,-3.62815388331025e-134,-2.23743292938285e-121,-2.95184236013028e-110,-8.33134472361906e-101,-5.03055448124565e-93,-6.49823506934209e-87,-1.79578271466819e-82,-1.06167346955024e-79,-1.34278645312878e-78,-3.63330407599887e-79,-2.10317470323318e-81,-2.60452038808716e-85,-6.9001571508008e-91,-3.91083065623966e-98,-4.74195958670536e-107,-1.23005772961752e-117,-6.82608904047132e-130,-8.10395856901948e-144,-2.05826497441928e-159,-1.235550155556e-176,-1.44790930711529e-187,-3.8273185837572e-199,-2.16434595581257e-212,-2.61840942955678e-227,-6.77684012529936e-244,-3.75228426834587e-262,-4.44470593966267e-282,-1.14027834393673e-303,-1.73339653642803e-301,-4.61141290741117e-299,-2.62451407226513e-298,-3.19552786657253e-299,-8.32367512229415e-302,-4.63838124087031e-306,-5.52963633984195e-312,-1.41026097948925e-319,0,0,0,0,0,0,0,0,0,0,0,0,0,0,0,0,0,0,0,0,0,0,0,0,0,0,0,0,0,0,0,0,0,0,0,0,0,0,0,0,0,0,0,0,0,0,0,0,0,0,0,0,0,0,0,0,0,0,0,0,0,0,0,0,0,0,0,0,0,0,0,0,0,0,0,0,0,0,0,0,0,0,0,0,0,0,0,0,0,0,0,0,0,0,0,0,0,0,0,0,0,0,0,0,0,0,0,0,0,0,0,0,0,0,0,0,0,0,0,0,0,0,0,0,0,0,0,0,0,0,0,0,0,0,0,0,0,0,0,0,0,0,0,0,0,0,0,0,0,0,0,0,0,0,0,0,0,0,0,0,0,0,0,0,0,0,0,0,0
0,0,0,0,0,0,0,0,0,0,0,0,0,0,0,0,0,0,0,-1.20558383788476e-310,-2.65511025325528e-291,-1.25096889447745e-273,-1.26092504442328e-257,-2.71901021374453e-243,-1.25432828515818e-230,-1.23791379041483e-219,-2.61365580801462e-210,-1.18055220623399e-202,-1.14077713533765e-196,-2.35827923714272e-192,-1.04296192782384e-189,-9.86780347732074e-189,-1.99733695121913e-189,-1.0666824123443e-191,-2.00035780527173e-182,-4.24218727340768e-174,-1.92464571383774e-167,-1.86805890030941e-162,-3.87890499507344e-159,-1.72308431199083e-157,-1.63750533116335e-157,-3.32918343705433e-159,-1.44800991816182e-162,-1.34736157089764e-167,-2.68210381980404e-174,-1.14959885512372e-182,-1.16309029132323e-181,-3.91658363012108e-180,-2.82150085869187e-180,-8.40280876400014e-173,-1.13222095678165e-156,-3.26374866636157e-142,-2.01270921085744e-129,-2.65536464991242e-118,-7.49455952124605e-109,-4.52529468354424e-101,-5.84556408669148e-95,-1.61541754527949e-90,-9.5504090559536e-88,-1.20791940930819e-86,-3.26838158300723e-87,-1.89193563822594e-89,-2.34292706884171e-93,-6.20711784089588e-99,-3.51803389524984e-106,-4.26568573848063e-115,-1.10651295499183e-125,-6.14048899766505e-138,-7.29001162093818e-152,-1.85153656120241e-167,-1.00609533721058e-184,-6.85933808844299e-199,-1.81312632386868e-210,-1.02532165550485e-223,-1.2404264132971e-238,-3.21041140290115e-255,-1.7775801080289e-273,-2.10560296058411e-293,-5.33583940076122e-315,-2.40998848594529e-317,-6.41137277276117e-315,-3.64893328968351e-314,-4.44282929812383e-315,-1.15726330202639e-317,-6.47225996052033e-322,-0,0,0,0,0,0,0,0,0,0,0,0,0,0,0,0,0,0,0,0,0,0,0,0,0,0,0,0,0,0,0,0,0,0,0,0,0,0,0,0,0,0,0,0,0,0,0,0,0,0,0,0,0,0,0,0,0,0,0,0,0,0,0,0,0,0,0,0,0,0,0,0,0,0,0,0,0,0,0,0,0,0,0,0,0,0,0,0,0,0,0,0,0,0,0,0,0,0,0,0,0,0,0,0,0,0,0,0,0,0,0,0,0,0,0,0,0,0,0,0,0,0,0,0,0,0,0,0,0,0,0,0,0,0,0,0,0,0,0,0,0,0,0,0,0,0,0,0,0,0,0,0,0,0,0,0,0,0,0,0,0,0,0,0,0,0,0,0,0,0,0
0,0,0,0,0,0,0,0,0,0,0,0,0,0,0,0,0,0,0,-2.96439387504748e-323,-6.77061163830531e-304,-3.19000860537585e-286,-3.2153970895694e-270,-6.93355847474767e-256,-3.19857515345522e-243,-3.15671769423674e-232,-6.66490154620505e-223,-3.01044391559789e-215,-2.90901627898862e-209,-6.01368354846852e-205,-2.65958453445591e-202,-2.51631980201713e-201,-5.09326977701219e-202,-8.82162173137047e-204,-6.55853851365126e-194,-1.39087859889081e-185,-6.31030258990275e-179,-6.12477238380046e-174,-1.27176986706771e-170,-5.6494467103223e-169,-5.36886038709707e-169,-1.09153361130631e-170,-4.74756505630404e-174,-4.41757106216593e-179,-8.79376737173629e-186,-3.74868571261214e-194,-5.89120325569371e-194,-1.98380043268919e-192,-1.42912725739915e-192,-2.89084755414577e-181,-3.89521917883138e-165,-1.1228388172776e-150,-6.92439357581504e-138,-9.13534345851525e-127,-2.578379406351e-117,-1.55685288596933e-109,-2.01106976559509e-103,-5.5575772259853e-99,-3.28566047975098e-96,-4.15564720069656e-95,-1.1244326957219e-95,-6.50889204884505e-98,-8.06045357003126e-102,-2.13545636249739e-107,-1.21032144993217e-114,-1.46753871670303e-123,-3.80677504518295e-134,-2.11253380957506e-146,-2.50800808002163e-160,-6.36990569756181e-176,-3.46111393321307e-193,-1.28296590960605e-210,-3.28496853849371e-222,-1.85764738823092e-235,-2.24736781339064e-250,-5.8165282335811e-267,-3.22056695800971e-285,-3.81486904073432e-305,-0,0,0,0,0,0,0,0,0,0,0,0,0,0,0,0,0,0,0,0,0,0,0,0,0,0,0,0,0,0,0,0,0,0,0,0,0,0,0,0,0,0,0,0,0,0,0,0,0,0,0,0,0,0,0,0,0,0,0,0,0,0,0,0,0,0,0,0,0,0,0,0,0,0,0,0,0,0,0,0,0,0,0,0,0,0,0,0,0,0,0,0,0,0,0,0,0,0,0,0,0,0,0,0,0,0,0,0,0,0,0,0,0,0,0,0,0,0,0,0,0,0,0,0,0,0,0,0,0,0,0,0,0,0,0,0,0,0,0,0,0,0,0,0,0,0,0,0,0,0,0,0,0,0,0,0,0,0,0,0,0,0,0,0,0,0,0,0,0,0,0,0,0,0,0,0,0,0
0,0,0,0,0,0,0,0,0,0,0,0,0,0,0,0,0,0,0,0,-6.60302530313642e-317,-3.11104935019512e-299,-3.13580941733715e-283,-6.76193868287765e-269,-3.1194038586409e-256,-3.07858245738103e-245,-6.49993156428925e-236,-2.93592925474763e-228,-2.83701216015631e-222,-5.86483254754034e-218,-2.59375436284541e-215,-2.4540357263477e-214,-4.9672009045507e-215,-8.51116845300501e-216,-8.22386861457811e-206,-1.74404752404785e-197,-7.91260115490339e-191,-7.67996151486085e-186,-1.59469495726454e-182,-7.08394216090203e-181,-6.73210995736285e-181,-1.36869349613412e-182,-5.95305664225989e-186,-5.53927127746478e-191,-1.10266620134647e-197,-4.69657592644334e-206,-1.14120662808475e-206,-3.84289270562285e-205,-2.77445306638463e-205,-3.80360669390312e-190,-5.12509963438743e-174,-1.47736508466058e-159,-9.11070862883082e-147,-1.20197460706927e-135,-3.39247953609831e-126,-2.04841519574539e-118,-2.64604697378598e-112,-7.31233229795427e-108,-4.32307825321051e-105,-5.46775546410321e-104,-1.47946221590202e-104,-8.56401622817383e-107,-1.06054693582509e-110,-2.80970752099512e-116,-1.59246957250811e-123,-1.93090088005806e-132,-5.0087300602473e-143,-2.7795473779562e-155,-3.29988909579579e-169,-8.38114618532363e-185,-4.55392942581602e-202,-5.37967121091022e-221,-2.27616684455032e-234,-1.28717066845421e-247,-1.55720937619885e-262,-4.03029368325498e-279,-2.23154262235479e-297,-2.6433366786074e-317,0,0,0,0,0,0,0,0,0,0,0,0,0,0,0,0,0,0,0,0,0,0,0,0,0,0,0,0,0,0,0,0,0,0,0,0,0,0,0,0,0,0,0,0,0,0,0,0,0,0,0,0,0,0,0,0,0,0,0,0,0,0,0,0,0,0,0,0,0,0,0,0,0,0,0,0,0,0,0,0,0,0,0,0,0,0,0,0,0,0,0,0,0,0,0,0,0,0,0,0,0,0,0,0,0,0,0,0,0,0,0,0,0,0,0,0,0,0,0,0,0,0,0,0,0,0,0,0,0,0,0,0,0,0,0,0,0,0,0,0,0,0,0,0,0,0,0,0,0,0,0,0,0,0,0,0,0,0,0,0,0,0,0,0,0,0,0,0,0,0,0,0,0,0,0,0,0,0
0,0,0,0,0,0,0,0,0,0,0,0,0,0,0,0,0,0,0,0,0,-1.1603570577913e-312,-1.16959205069216e-296,-2.52206326284915e-282,-1.1634731166357e-269,-1.14824757832739e-258,-2.42434002704521e-249,-1.09504088442445e-241,-1.05814685417123e-235,-2.18746123036683e-231,-9.6741672738784e-229,-9.15304565954133e-228,-1.85266319440801e-228,-3.9864514395992e-228,-3.94380066306054e-218,-8.36367420748517e-210,-3.79453066965643e-203,-3.68296707232107e-198,-7.64744589753131e-195,-3.39714276827361e-193,-3.22841973260368e-193,-6.56364367009892e-195,-2.85482050276966e-198,-2.65638749361982e-203,-5.28789539304639e-210,-2.25197440772405e-218,-8.45462338982554e-220,-2.8470050635277e-218,-3.24393768695087e-217,-1.91397260780776e-199,-2.57894706311965e-183,-7.43409224803508e-169,-4.58450311943455e-156,-6.04832901598022e-145,-1.70709366850386e-135,-1.03076129831155e-127,-1.33148925069388e-121,-3.67956122800685e-117,-2.17537038498691e-114,-2.75137127118325e-113,-7.44464499986846e-114,-4.30940783120932e-116,-5.33666582225088e-120,-1.41384313992194e-125,-8.01329734074147e-133,-9.71628165116844e-142,-2.52038996318499e-152,-1.39866657402816e-164,-1.66050221445895e-178,-4.21738773529209e-194,-2.29153455659334e-211,-2.66373992358303e-230,-6.0324581127351e-247,-3.41097620805414e-260,-4.12657331568267e-275,-1.06801966529881e-291,-5.91354276371941e-310,0,0,0,0,0,0,0,0,0,0,0,0,0,0,0,0,0,0,0,0,0,0,0,0,0,0,0,0,0,0,0,0,0,0,0,0,0,0,0,0,0,0,0,0,0,0,0,0,0,0,0,0,0,0,0,0,0,0,0,0,0,0,0,0,0,0,0,0,0,0,0,0,0,0,0,0,0,0,0,0,0,0,0,0,0,0,0,0,0,0,0,0,0,0,0,0,0,0,0,0,0,0,0,0,0,0,0,0,0,0,0,0,0,0,0,0,0,0,0,0,0,0,0,0,0,0,0,0,0,0,0,0,0,0,0,0,0,0,0,0,0,0,0,0,0,0,0,0,0,0,0,0,0,0,0,0,0,0,0,0,0,0,0,0,0,0,0,0,0,0,0,0,0,0,0,0,0,0,0
0,0,0,0,0,0,0,0,0,0,0,0,0,0,0,0,0,0,0,0,0,-0,-1.66835650050692e-310,-3.59757971745272e-296,-1.65962818929514e-283,-1.63790982536186e-272,-3.45818308286753e-263,-1.5620135044261e-255,-1.50938626985603e-249,-3.12028895983827e-245,-1.37996490732086e-242,-1.30562987466416e-241,-2.64271861456409e-242,-7.29773709959521e-241,-7.23308302405529e-231,-1.53393021344906e-222,-6.95931608005e-216,-6.75470412550939e-211,-1.40257116991029e-207,-6.23049129172385e-206,-5.92104671545456e-206,-1.20379764755403e-207,-5.23585127126705e-211,-4.87191745398832e-216,-9.69820476949371e-223,-4.13012491251299e-231,-2.39548775482925e-233,-8.06655171092245e-232,-5.84819640362018e-227,-3.68337159883143e-209,-4.96309107477999e-193,-1.43066437512232e-178,-8.82271173369603e-166,-1.16397921406863e-154,-3.28524050420645e-145,-1.98366312866087e-137,-2.56240328108576e-131,-7.08118353842305e-127,-4.18642224048177e-124,-5.29491527557661e-123,-1.43269521434293e-123,-8.29330072358694e-126,-1.02702218631263e-129,-2.72089038555048e-135,-1.54213031667595e-142,-1.86986353588156e-151,-4.85040003733835e-162,-2.69168362911472e-174,-3.19557692287974e-188,-8.11621135123117e-204,-4.40997602006638e-221,-5.12622800096951e-240,-7.38785244470233e-260,-3.45693288427369e-273,-4.1821713554814e-288,-1.08240927995353e-304,-5.92878775009496e-323,0,0,0,0,0,0,0,0,0,0,0,0,0,0,0,0,0,0,0,0,0,0,0,0,0,0,0,0,0,0,0,0,0,0,0,0,0,0,0,0,0,0,0,0,0,0,0,0,0,0,0,0,0,0,0,0,0,0,0,0,0,0,0,0,0,0,0,0,0,0,0,0,0,0,0,0,0,0,0,0,0,0,0,0,0,0,0,0,0,0,0,0,0,0,0,0,0,0,0,0,0,0,0,0,0,0,0,0,0,0,0,0,0,0,0,0,0,0,0,0,0,0,0,0,0,0,0,0,0,0,0,0,0,0,0,0,0,0,0,0,0,0,0,0,0,0,0,0,0,0,0,0,0,0,0,0,0,0,0,0,0,0,0,0,0,0,0,0,0,0,0,0,0,0,0,0,0,0,0
0,0,0,0,0,0,0,0,0,0,0,0,0,0,0,0,0,0,0,0,0,0,-0,-1.9626125796482e-310,-9.05388460483112e-298,-8.93540290987924e-287,-1.88656656813933e-277,-8.52136045379331e-270,-8.23425945614783e-264,-1.70223284699083e-259,-7.52821813354745e-257,-7.12269308154416e-256,-1.44170058995967e-256,-5.11803911960283e-254,-5.07342969701137e-244,-1.0759294580435e-235,-4.88140406435166e-229,-4.73788513016004e-224,-9.83791586786585e-221,-4.37019172063646e-219,-4.15314108018307e-219,-8.44367846184201e-221,-3.67253123466677e-224,-3.41726074624738e-229,-6.80251559696056e-236,-2.89694353441158e-244,-2.59575307585489e-247,-8.74092325172827e-246,-4.30424668633109e-237,-2.71097213902437e-219,-3.65284937078822e-203,-1.05297311367716e-188,-6.49354132726772e-176,-8.56692064614017e-165,-2.41794650306912e-155,-1.45998179404859e-147,-1.88593621837449e-141,-5.21177154378731e-137,-3.08121886473234e-134,-3.8970729413067e-133,-1.05446781721118e-133,-6.10389329421147e-136,-7.55891296478722e-140,-2.00258318517382e-145,-1.13501236871673e-152,-1.37622496496452e-161,-3.56990844163483e-172,-1.98108692805067e-184,-2.35195384814965e-198,-5.97355500449651e-214,-3.24575509241582e-231,-3.77291860279962e-250,-9.40618030495158e-271,-1.3399021047975e-286,-1.6210028666928e-301,-4.19540289756907e-318,0,0,0,0,0,0,0,0,0,0,0,0,0,0,0,0,0,0,0,0,0,0,0,0,0,0,0,0,0,0,0,0,0,0,0,0,0,0,0,0,0,0,0,0,0,0,0,0,0,0,0,0,0,0,0,0,0,0,0,0,0,0,0,0,0,0,0,0,0,0,0,0,0,0,0,0,0,0,0,0,0,0,0,0,0,0,0,0,0,0,0,0,0,0,0,0,0,0,0,0,0,0,0,0,0,0,0,0,0,0,0,0,0,0,0,0,0,0,0,0,0,0,0,0,0,0,0,0,0,0,0,0,0,0,0,0,0,0,0,0,0,0,0,0,0,0,0,0,0,0,0,0,0,0,0,0,0,0,0,0,0,0,0,0,0,0,0,0,0,0,0,0,0,0,0,0,0,0,0,0
0,0,0,0,0,0,0,0,0,0,0,0,0,0,0,0,0,0,0,0,0,0,0,-0,-1.88898630433968e-312,-1.86426649523666e-301,-3.93609877415555e-292,-1.77788141710758e-284,-1.71798117801845e-278,-3.55150819245997e-274,-1.57067397819186e-271,-1.48606595602947e-270,-3.00793837451839e-271,-1.3729243710518e-267,-1.36097311270612e-257,-2.88623505402719e-249,-1.3094612679367e-242,-1.27096158975779e-237,-2.63907056583785e-234,-1.17232597756519e-232,-1.11410104819896e-232,-2.26505934746118e-234,-9.85175032364976e-238,-9.16697435954987e-243,-1.82480912895669e-249,-7.77119344735423e-258,-1.07572857694329e-261,-3.62240031754758e-260,-1.21156403943525e-247,-7.6308738780896e-230,-1.02820801596916e-213,-2.96392017897348e-199,-1.8278090791581e-186,-2.41142614611378e-175,-6.80606212925757e-166,-4.10957264160618e-158,-5.30855379049205e-152,-1.46701512566513e-147,-8.67304839068611e-145,-1.09695233236613e-143,-2.96812748674645e-144,-1.71813052679331e-146,-2.12769104703892e-150,-5.63689294200647e-156,-3.19484516682107e-163,-3.87381300764704e-172,-1.00486171297374e-182,-5.57638504353136e-195,-6.62030528604892e-209,-1.68144276316856e-224,-9.13618675487438e-242,-1.06200523405415e-260,-2.64099592984688e-281,-1.9876123130948e-300,-2.40289860440221e-315,0,0,0,0,0,0,0,0,0,0,0,0,0,0,0,0,0,0,0,0,0,0,0,0,0,0,0,0,0,0,0,0,0,0,0,0,0,0,0,0,0,0,0,0,0,0,0,0,0,0,0,0,0,0,0,0,0,0,0,0,0,0,0,0,0,0,0,0,0,0,0,0,0,0,0,0,0,0,0,0,0,0,0,0,0,0,0,0,0,0,0,0,0,0,0,0,0,0,0,0,0,0,0,0,0,0,0,0,0,0,0,0,0,0,0,0,0,0,0,0,0,0,0,0,0,0,0,0,0,0,0,0,0,0,0,0,0,0,0,0,0,0,0,0,0,0,0,0,0,0,0,0,0,0,0,0,0,0,0,0,0,0,0,0,0,0,0,0,0,0,0,0,0,0,0,0,0,0,0,0,0
0,0,0,0,0,0,0,0,0,0,0,0,0,0,0,0,0,0,0,0,0,0,0,0,-0,-1.48754994117017e-316,-3.14072234690692e-307,-1.4186208774852e-299,-1.37082481588018e-293,-2.83384685834645e-289,-1.25328431679697e-286,-1.18577323001267e-285,-2.40011770955078e-286,-1.40852265022761e-281,-1.39626273173241e-271,-2.96107425145588e-263,-1.34341520048963e-256,-1.30391723736087e-251,-2.70750086323493e-248,-1.20272403373299e-246,-1.14298934965082e-246,-2.32379164767901e-248,-1.01072032142454e-251,-9.4046712175947e-257,-1.87212587486126e-263,-7.97269753789047e-272,-1.70495554363481e-276,-5.7456632658609e-275,-1.30426337187622e-258,-8.2147282113454e-241,-1.10687839045092e-224,-3.19069599358715e-210,-1.96765862565575e-197,-2.59592947131975e-186,-7.32680836750796e-177,-4.42400475422707e-169,-5.7147224919303e-163,-1.57925956211577e-158,-9.33664170468163e-156,-1.18088248019185e-154,-3.19522521139497e-155,-1.84958833479724e-157,-2.29048519846778e-161,-6.06818356780812e-167,-3.43928954167664e-174,-4.17020665100593e-183,-1.08174581233327e-193,-6.0030460817798e-206,-7.12683887453392e-220,-1.81009351262177e-235,-9.8352157666881e-253,-1.14326150532122e-271,-2.84306034670571e-292,-2.63855438451638e-314,0,0,0,0,0,0,0,0,0,0,0,0,0,0,0,0,0,0,0,0,0,0,0,0,0,0,0,0,0,0,0,0,0,0,0,0,0,0,0,0,0,0,0,0,0,0,0,0,0,0,0,0,0,0,0,0,0,0,0,0,0,0,0,0,0,0,0,0,0,0,0,0,0,0,0,0,0,0,0,0,0,0,0,0,0,0,0,0,0,0,0,0,0,0,0,0,0,0,0,0,0,0,0,0,0,0,0,0,0,0,0,0,0,0,0,0,0,0,0,0,0,0,0,0,0,0,0,0,0,0,0,0,0,0,0,0,0,0,0,0,0,0,0,0,0,0,0,0,0,0,0,0,0,0,0,0,0,0,0,0,0,0,0,0,0,0,0,0,0,0,0,0,0,0,0,0,0,0,0,0,0,0
